0	0.0025
1	0.0025
2	0.002
3	0.0015
4	0.002
5	0.0025
6	0.0035
7	0.0015
8	0.005
9	0.0015
10	0.003
11	0.004
12	0.005
13	0.007
14	0.004
15	0.006
16	0.0125
17	0.012
18	0.0235
19	0.0225
20	0.0665
21	0.1095
22	0.14
23	0.161
24	0.2135
25	0.173
26	0.1815
27	0.0655
28	0.0285
29	0.033
30	0.013
31	0.02
32	0.048
33	0.0405
34	0.144
35	0.1585
36	0.168
37	0.175
38	0.1695
39	0.1715
40	0.079
41	0.024
42	0.065
43	0.1515
44	0.1875
45	0.2055
46	0.2805
47	0.3425
48	0.2965
49	0.1095
50	0.027
51	0.052
52	0.064
53	0.0215
54	0.0325
55	0.142
56	0.3605
57	0.3875
58	0.337
59	0.352
60	0.387
61	0.136
62	0.0055
63	0.004
64	0.0075
65	0.029
66	0.0275
67	0.026
68	0.12
69	0.2105
70	0.322
71	0.2075
72	0.209
73	0.2405
74	0.061
75	0.003
76	0.0015
77	0.003
78	0.0145
79	0.0075
80	0.0045
81	0.0125
82	0.034
83	0.0635
84	0.061
85	0.135
86	0.142
87	0.1215
88	0.088
89	0.0465
90	0.0365
91	0.0175
92	0.0045
93	0.005
94	0.017
95	0.087
96	0.3475
97	0.395
98	0.4045
99	0.4065
100	0.377
101	0.1705
102	0.0035
103	0.002
104	0.0025
105	0.006
106	0.005
107	0.001
108	0.001
109	0.003
110	0.0005
111	0.003
112	0.0015
113	0.0025
114	0.0045
115	0.0035
116	0.0005
117	0
118	0
119	0.0015
120	0.0025
121	0.0015
122	0.001
123	0.0005
124	0.0005
125	0.0025
126	0.0025
127	0.0015
128	0.0005
129	0.001
130	0.0015
131	0.0005
132	0.0015
133	0.001
134	0
135	0.002
136	0.0015
137	0.0015
138	0.0005
139	0
140	0
141	0
142	0
143	0.0005
144	0.001
145	0.0005
146	0.001
147	0
148	0.001
149	0.0005
150	0.001
151	0.0015
152	0.0005
153	0.0005
154	0
155	0.0005
156	0.001
157	0.002
158	0
159	0
160	0.0005
161	0.0005
162	0
163	0.0005
164	0.001
165	0.0025
166	0.0005
167	0.0015
168	0.0005
169	0.001
170	0.002
171	0.001
172	0.002
173	0.0005
174	0.0005
175	0
176	0
177	0.0005
178	0.001
179	0.0005
180	0.002
181	0.001
182	0.001
183	0.0005
184	0.002
185	0.001
186	0.0015
187	0.0025
188	0.0015
189	0.001
190	0.001
191	0.0035
192	0.0035
193	0.001
194	0.003
195	0.0015
196	0.002
197	0.001
198	0.005
199	0.0035
200	0.0055
201	0.0035
202	0.003
203	0.004
204	0.0015
205	0.0045
206	0.002
207	0.003
208	0.0015
209	0.003
210	0.002
211	0.004
212	0.001
213	0.0035
214	0.002
215	0.0025
216	0.0045
217	0.002
218	0.004
219	0.0015
220	0.0025
221	0.0015
222	0.005
223	0.0045
224	0.003
225	0.004
226	0.0055
227	0.005
228	0.0035
229	0.0045
230	0.007
231	0.011
232	0.0145
233	0.0185
234	0.0285
235	0.0855
236	0.1935
237	0.3315
238	0.4405
239	0.3485
240	0.3095
241	0.199
242	0.043
243	0.0055
244	0.006
245	0.0065
246	0.0175
247	0.0555
248	0.1415
249	0.242
250	0.3905
251	0.3235
252	0.27
253	0.184
254	0.044
255	0.005
256	0.005
257	0.007
258	0.006
259	0.0205
260	0.043
261	0.1785
262	0.1815
263	0.1915
264	0.2185
265	0.2395
266	0.187
267	0.0255
268	0.0055
269	0.0125
270	0.0355
271	0.0625
272	0.18
273	0.3015
274	0.2775
275	0.2905
276	0.197
277	0.137
278	0.016
279	0.007
280	0.0025
281	0.007
282	0.011
283	0.0335
284	0.0485
285	0.1015
286	0.214
287	0.3645
288	0.2405
289	0.215
290	0.151
291	0.0835
292	0.013
293	0.0045
294	0.0045
295	0.0185
296	0.041
297	0.1
298	0.21
299	0.342
300	0.463
301	0.364
302	0.3335
303	0.1945
304	0.0445
305	0.005
306	0.0035
307	0.004
308	0.0915
309	0.216
310	0.264
311	0.2825
312	0.325
313	0.291
314	0.095
315	0.002
316	0.0005
317	0.0025
318	0.0025
319	0.0005
320	0.0005
321	0.001
322	0.0015
323	0.0015
324	0.001
325	0.0005
326	0.0005
327	0.001
328	0.0015
329	0
330	0.0005
331	0.001
332	0.0005
333	0.0005
334	0
335	0.0005
336	0.0005
337	0.001
338	0.0005
339	0.0005
340	0.0005
341	0.0005
342	0.0005
343	0.0005
344	0
345	0
346	0.0005
347	0.0005
348	0
349	0
350	0.001
351	0.001
352	0.0005
353	0.0015
354	0.001
355	0
356	0.0005
357	0
358	0
359	0
360	0.0005
361	0
362	0
363	0
364	0.0005
365	0.001
366	0.0005
367	0
368	0.001
369	0
370	0.0005
371	0
372	0.0005
373	0.0005
374	0.0015
375	0.0015
376	0.001
377	0.001
378	0.003
379	0.0005
380	0.003
381	0
382	0.001
383	0.002
384	0.0025
385	0.0025
386	0.001
387	0.002
388	0.001
389	0.0025
390	0.0025
391	0.0015
392	0.003
393	0.002
394	0.002
395	0.001
396	0.002
397	0.001
398	0.002
399	0.004
400	0.0025
401	0.001
402	0.0015
403	0.003
404	0.002
405	0.002
406	0.002
407	0.005
408	0.0035
409	0.003
410	0.004
411	0.005
412	0.0035
413	0.004
414	0.0035
415	0.0035
416	0.005
417	0.004
418	0.0045
419	0.0065
420	0.007
421	0.0155
422	0.019
423	0.031
424	0.0655
425	0.067
426	0.1315
427	0.13
428	0.105
429	0.0955
430	0.0565
431	0.0365
432	0.0165
433	0.007
434	0.0125
435	0.0185
436	0.0465
437	0.1005
438	0.256
439	0.309
440	0.3365
441	0.3215
442	0.2855
443	0.1505
444	0.0215
445	0.0015
446	0.0065
447	0.013
448	0.018
449	0.012
450	0.0225
451	0.099
452	0.247
453	0.482
454	0.462
455	0.4125
456	0.402
457	0.2365
458	0.0255
459	0.003
460	0.0035
461	0.0125
462	0.0465
463	0.1815
464	0.472
465	0.58
466	0.3445
467	0.3305
468	0.246
469	0.0595
470	0.0045
471	0.007
472	0.001
473	0.059
474	0.2145
475	0.3475
476	0.403
477	0.4035
478	0.353
479	0.1975
480	0.011
481	0.003
482	0.003
483	0.0045
484	0.0055
485	0.005
486	0.008
487	0.0185
488	0.036
489	0.1135
490	0.1865
491	0.253
492	0.1665
493	0.19
494	0.155
495	0.049
496	0.01
497	0.0025
498	0.0045
499	0.016
500	0.0175
501	0.02
502	0.034
503	0.093
504	0.25
505	0.1735
506	0.2325
507	0.26
508	0.253
509	0.1605
510	0.008
511	0.0015
512	0.023
513	0.008
514	0.0025
515	0.003
516	0.0055
517	0.0095
518	0.0015
519	0.0025
520	0.0015
521	0.005
522	0.006
523	0.003
524	0.003
525	0.003
526	0.0015
527	0.001
528	0.001
529	0.0015
530	0.002
531	0.0015
532	0.0005
533	0.0005
534	0
535	0.0005
536	0
537	0.0005
538	0
539	0.001
540	0.0005
541	0.001
542	0.0005
543	0
544	0.0005
545	0
546	0.0005
547	0.0005
548	0.0005
549	0.001
550	0.0005
551	0
552	0.0005
553	0.001
554	0
555	0.0005
556	0
557	0.0005
558	0
559	0.002
560	0.0005
561	0.001
562	0.001
563	0.0005
564	0
565	0.0015
566	0.0005
567	0.0005
568	0.0005
569	0.002
570	0.0005
571	0.0005
572	0.002
573	0.0005
574	0
575	0
576	0.001
577	0.0025
578	0.002
579	0.002
580	0.0015
581	0.0025
582	0.002
583	0.0015
584	0.001
585	0.001
586	0.003
587	0.0005
588	0.0015
589	0.001
590	0.002
591	0.001
592	0.003
593	0.0015
594	0.004
595	0.0005
596	0.001
597	0.002
598	0.001
599	0.001
600	0.005
601	0.0045
602	0.001
603	0.004
604	0.002
605	0.003
606	0.0055
607	0.0015
608	0.003
609	0.001
610	0.0025
611	0.003
612	0.0035
613	0.0045
614	0.001
615	0.0055
616	0.0025
617	0.002
618	0.003
619	0.0035
620	0.0035
621	0.005
622	0.005
623	0.0055
624	0.0085
625	0.0075
626	0.018
627	0.0335
628	0.043
629	0.091
630	0.1395
631	0.2975
632	0.3915
633	0.3425
634	0.3875
635	0.385
636	0.217
637	0.0495
638	0.0045
639	0.0125
640	0.041
641	0.018
642	0.022
643	0.108
644	0.578
645	0.4415
646	0.3655
647	0.3825
648	0.3965
649	0.174
650	0.006
651	0.003
652	0.0075
653	0.096
654	0.181
655	0.1605
656	0.2745
657	0.3505
658	0.425
659	0.228
660	0.0515
661	0.0455
662	0.077
663	0.032
664	0.0205
665	0.0415
666	0.2325
667	0.3255
668	0.2735
669	0.305
670	0.341
671	0.2605
672	0.0245
673	0.0055
674	0.0075
675	0.0055
676	0.005
677	0.0045
678	0.0065
679	0.0055
680	0.0085
681	0.0105
682	0.011
683	0.009
684	0.013
685	0.022
686	0.0435
687	0.1045
688	0.191
689	0.4845
690	0.565
691	0.4445
692	0.406
693	0.2855
694	0.1105
695	0.004
696	0.002
697	0.0045
698	0.2225
699	0.3675
700	0.2855
701	0.371
702	0.363
703	0.3565
704	0.0265
705	0.0015
706	0.004
707	0.006
708	0.0035
709	0.002
710	0.002
711	0.002
712	0.004
713	0.002
714	0.001
715	0.0025
716	0.002
717	0.0005
718	0.001
719	0.0025
720	0.0025
721	0.0005
722	0.001
723	0.001
724	0
725	0.001
726	0.0015
727	0
728	0
729	0.001
730	0.001
731	0.002
732	0.0035
733	0.0005
734	0.0005
735	0.0015
736	0
737	0
738	0
739	0
740	0.001
741	0.0005
742	0.0005
743	0
744	0.0005
745	0.0005
746	0
747	0
748	0.0015
749	0.0015
750	0
751	0
752	0.0015
753	0.0005
754	0.0015
755	0.0005
756	0.0005
757	0
758	0
759	0
760	0.0005
761	0.0005
762	0
763	0.0005
764	0
765	0.0015
766	0.0005
767	0.001
768	0.0015
769	0.001
770	0.0015
771	0.002
772	0.002
773	0.001
774	0.0015
775	0.0015
776	0.001
777	0
778	0.002
779	0.0015
780	0.002
781	0.0015
782	0.0015
783	0.001
784	0.001
785	0.0015
786	0.0025
787	0.0015
788	0.0035
789	0
790	0.003
791	0.0015
792	0.002
793	0.002
794	0.0025
795	0.0015
796	0.0015
797	0.002
798	0.003
799	0.0035
800	0.0025
801	0.003
802	0.0015
803	0.0025
804	0.0035
805	0.003
806	0.003
807	0.0025
808	0.0035
809	0.003
810	0.002
811	0.005
812	0.004
813	0.007
814	0.007
815	0.0105
816	0.024
817	0.065
818	0.189
819	0.247
820	0.372
821	0.3455
822	0.334
823	0.205
824	0.038
825	0.007
826	0.003
827	0.004
828	0.0135
829	0.0195
830	0.059
831	0.2265
832	0.418
833	0.3705
834	0.325
835	0.3435
836	0.2305
837	0.0195
838	0.0045
839	0.0055
840	0.0175
841	0.059
842	0.0935
843	0.241
844	0.544
845	0.4135
846	0.3395
847	0.2205
848	0.144
849	0.017
850	0.0045
851	0.0055
852	0.0125
853	0.086
854	0.353
855	0.2905
856	0.3495
857	0.3065
858	0.309
859	0.135
860	0.0025
861	0.0055
862	0.005
863	0.003
864	0.0155
865	0.021
866	0.0875
867	0.168
868	0.2055
869	0.2795
870	0.28
871	0.2145
872	0.1015
873	0.015
874	0.01
875	0.008
876	0.0045
877	0.016
878	0.054
879	0.262
880	0.322
881	0.365
882	0.3475
883	0.3755
884	0.249
885	0.0145
886	0.0035
887	0.005
888	0.012
889	0.086
890	0.097
891	0.19
892	0.2505
893	0.2445
894	0.2195
895	0.1005
896	0.042
897	0.015
898	0.003
899	0.003
900	0.007
901	0.0155
902	0.004
903	0.0025
904	0.003
905	0.0045
906	0.004
907	0.002
908	0.0025
909	0.003
910	0.002
911	0.0025
912	0.0015
913	0.0025
914	0.003
915	0.002
916	0.0005
917	0.001
918	0.0005
919	0.001
920	0.001
921	0.001
922	0.0015
923	0.0015
924	0.0025
925	0
926	0.002
927	0.0005
928	0.0005
929	0.0005
930	0.0015
931	0
932	0.0015
933	0.0005
934	0
935	0
936	0
937	0.0005
938	0
939	0.0005
940	0.0005
941	0.0015
942	0.001
943	0
944	0
945	0
946	0
947	0.0005
948	0.0005
949	0.0005
950	0
951	0.0005
952	0.0005
953	0.001
954	0.0005
955	0.001
956	0.0005
957	0.0005
958	0.001
959	0.0005
960	0.001
961	0
962	0
963	0.001
964	0
965	0.0005
966	0
967	0.001
968	0.0015
969	0.001
970	0.001
971	0.001
972	0.001
973	0.0015
974	0.0015
975	0
976	0.0005
977	0.0005
978	0.001
979	0.0015
980	0
981	0.0005
982	0.0005
983	0
984	0.001
985	0.0015
986	0.0025
987	0.0035
988	0.0015
989	0.0025
990	0.0015
991	0.0015
992	0.002
993	0.002
994	0.0025
995	0.001
996	0.002
997	0.001
998	0.0025
999	0.0015
1000	0.0025
1001	0.0015
1002	0.005
1003	0.005
1004	0.004
1005	0.0035
1006	0.002
1007	0.0015
1008	0.001
1009	0.0045
1010	0.0045
1011	0.0045
1012	0.0035
1013	0.003
1014	0.0035
1015	0.004
1016	0.0035
1017	0.0025
1018	0.002
1019	0.003
1020	0.004
1021	0.003
1022	0.0075
1023	0.0035
1024	0.003
1025	0.005
1026	0.006
1027	0.0045
1028	0.0075
1029	0.007
1030	0.015
1031	0.0295
1032	0.067
1033	0.1915
1034	0.2455
1035	0.3255
1036	0.3525
1037	0.302
1038	0.2415
1039	0.063
1040	0.0145
1041	0.013
1042	0.0075
1043	0.0265
1044	0.0755
1045	0.171
1046	0.298
1047	0.3915
1048	0.4105
1049	0.3425
1050	0.1945
1051	0.0595
1052	0.005
1053	0.001
1054	0.0035
1055	0.0085
1056	0.02
1057	0.0365
1058	0.1135
1059	0.3305
1060	0.4065
1061	0.4005
1062	0.412
1063	0.3115
1064	0.159
1065	0.0125
1066	0.006
1067	0.0045
1068	0.028
1069	0.055
1070	0.18
1071	0.236
1072	0.358
1073	0.3275
1074	0.311
1075	0.245
1076	0.0525
1077	0.0075
1078	0.0035
1079	0.004
1080	0.0285
1081	0.044
1082	0.046
1083	0.0675
1084	0.1395
1085	0.1775
1086	0.1485
1087	0.117
1088	0.123
1089	0.131
1090	0.052
1091	0.0185
1092	0.0325
1093	0.173
1094	0.3535
1095	0.2625
1096	0.297
1097	0.3855
1098	0.33
1099	0.0795
1100	0.003
1101	0.0035
1102	0.0155
1103	0.007
1104	0.0045
1105	0.0095
1106	0.0345
1107	0.073
1108	0.107
1109	0.205
1110	0.2235
1111	0.304
1112	0.1885
1113	0.105
1114	0.068
1115	0.0135
1116	0.0015
1117	0.004
1118	0.003
1119	0.0045
1120	0.001
1121	0.0005
1122	0
1123	0
1124	0.0015
1125	0.0015
1126	0.0005
1127	0.0005
1128	0.002
1129	0.0005
1130	0.001
1131	0.001
1132	0.001
1133	0
1134	0.001
1135	0.001
1136	0.0005
1137	0.001
1138	0.001
1139	0.001
1140	0.0015
1141	0.0005
1142	0.0005
1143	0.001
1144	0
1145	0.001
1146	0
1147	0
1148	0.0005
1149	0
1150	0
1151	0.0015
1152	0.0005
1153	0.0005
1154	0.001
1155	0
1156	0.003
1157	0
1158	0
1159	0.001
1160	0
1161	0
1162	0.0005
1163	0.0005
1164	0.0005
1165	0
1166	0
1167	0.001
1168	0.001
1169	0.001
1170	0.0005
1171	0.0005
1172	0.001
1173	0.0005
1174	0.001
1175	0
1176	0.001
1177	0.0015
1178	0.002
1179	0.0005
1180	0.0015
1181	0.0015
1182	0.001
1183	0.0015
1184	0.002
1185	0.001
1186	0.002
1187	0.002
1188	0
1189	0.0045
1190	0.0025
1191	0.0015
1192	0.003
1193	0.0025
1194	0.0025
1195	0.0035
1196	0.003
1197	0.0025
1198	0.001
1199	0.004
1200	0.004
1201	0.0025
1202	0.0015
1203	0.002
1204	0.0045
1205	0.0025
1206	0.003
1207	0.0045
1208	0.003
1209	0.003
1210	0.003
1211	0.003
1212	0.005
1213	0.0065
1214	0.005
1215	0.0065
1216	0.0195
1217	0.0315
1218	0.084
1219	0.084
1220	0.082
1221	0.131
1222	0.151
1223	0.1375
1224	0.0435
1225	0.024
1226	0.067
1227	0.09
1228	0.033
1229	0.036
1230	0.088
1231	0.165
1232	0.1225
1233	0.0525
1234	0.083
1235	0.1655
1236	0.1015
1237	0.0145
1238	0.013
1239	0.0895
1240	0.204
1241	0.1085
1242	0.088
1243	0.2865
1244	0.3895
1245	0.2255
1246	0.0445
1247	0.072
1248	0.28
1249	0.072
1250	0.009
1251	0.0385
1252	0.3865
1253	0.401
1254	0.1545
1255	0.168
1256	0.55
1257	0.3745
1258	0.007
1259	0.0025
1260	0.0205
1261	0.1055
1262	0.005
1263	0.0035
1264	0.1625
1265	0.3975
1266	0.4365
1267	0.2015
1268	0.305
1269	0.4405
1270	0.064
1271	0.004
1272	0.006
1273	0.0055
1274	0.032
1275	0.003
1276	0.0045
1277	0.019
1278	0.023
1279	0.038
1280	0.033
1281	0.0575
1282	0.2845
1283	0.344
1284	0.3805
1285	0.404
1286	0.457
1287	0.4075
1288	0.0325
1289	0.0065
1290	0.0045
1291	0.0245
1292	0.0235
1293	0.0255
1294	0.0865
1295	0.2915
1296	0.4465
1297	0.36
1298	0.333
1299	0.3195
1300	0.1695
1301	0.0065
1302	0.0025
1303	0.001
1304	0.002
1305	0.0025
1306	0.0035
1307	0.0025
1308	0.0005
1309	0.004
1310	0.0015
1311	0.003
1312	0.003
1313	0.0015
1314	0
1315	0.002
1316	0.0005
1317	0.0005
1318	0.0015
1319	0.0015
1320	0.0005
1321	0.002
1322	0.0005
1323	0.001
1324	0.0015
1325	0.002
1326	0.001
1327	0.001
1328	0.0005
1329	0.001
1330	0.0025
1331	0
1332	0.0015
1333	0.0015
1334	0.001
1335	0
1336	0.0005
1337	0
1338	0.0005
1339	0.0015
1340	0.0005
1341	0
1342	0.0005
1343	0.0005
1344	0.0005
1345	0
1346	0
1347	0.0005
1348	0.0005
1349	0
1350	0.001
1351	0.0015
1352	0
1353	0
1354	0
1355	0
1356	0
1357	0.001
1358	0
1359	0
1360	0.0015
1361	0.0015
1362	0.0005
1363	0.0005
1364	0.001
1365	0
1366	0
1367	0.001
1368	0.0005
1369	0
1370	0.0025
1371	0.0005
1372	0.002
1373	0.001
1374	0
1375	0.001
1376	0.0005
1377	0.0015
1378	0.001
1379	0.0015
1380	0.001
1381	0.002
1382	0.0025
1383	0.002
1384	0.002
1385	0.0005
1386	0.003
1387	0.0005
1388	0.002
1389	0.001
1390	0.003
1391	0.001
1392	0.0015
1393	0.0015
1394	0.002
1395	0.002
1396	0.002
1397	0.0025
1398	0.0025
1399	0.004
1400	0.002
1401	0.0025
1402	0.004
1403	0.0045
1404	0.007
1405	0.009
1406	0.0135
1407	0.054
1408	0.15
1409	0.273
1410	0.272
1411	0.2955
1412	0.2825
1413	0.172
1414	0.029
1415	0.005
1416	0.004
1417	0.005
1418	0.0055
1419	0.005
1420	0.004
1421	0.008
1422	0.0085
1423	0.0145
1424	0.013
1425	0.013
1426	0.0125
1427	0.0085
1428	0.013
1429	0.016
1430	0.019
1431	0.036
1432	0.136
1433	0.292
1434	0.3645
1435	0.424
1436	0.3605
1437	0.327
1438	0.1355
1439	0.012
1440	0.005
1441	0.0055
1442	0.016
1443	0.0755
1444	0.172
1445	0.327
1446	0.2865
1447	0.295
1448	0.282
1449	0.131
1450	0.0145
1451	0.007
1452	0.0045
1453	0.0055
1454	0.012
1455	0.0075
1456	0.011
1457	0.026
1458	0.0595
1459	0.156
1460	0.3175
1461	0.404
1462	0.3455
1463	0.324
1464	0.225
1465	0.072
1466	0.0065
1467	0.004
1468	0.004
1469	0.014
1470	0.0185
1471	0.0225
1472	0.076
1473	0.163
1474	0.401
1475	0.3935
1476	0.353
1477	0.348
1478	0.233
1479	0.082
1480	0.001
1481	0.004
1482	0.006
1483	0.038
1484	0.091
1485	0.096
1486	0.198
1487	0.3055
1488	0.2935
1489	0.238
1490	0.1045
1491	0.0405
1492	0.025
1493	0.0025
1494	0.0015
1495	0.006
1496	0.0065
1497	0.0065
1498	0.001
1499	0.0025
1500	0.004
1501	0.0035
1502	0.0035
1503	0.002
1504	0.0015
1505	0.0035
1506	0.002
1507	0.0025
1508	0.003
1509	0.001
1510	0.001
1511	0.003
1512	0
1513	0.0035
1514	0.002
1515	0.0025
1516	0.001
1517	0.002
1518	0.0025
1519	0.003
1520	0.001
1521	0.0015
1522	0.001
1523	0.0025
1524	0.0025
1525	0.0015
1526	0.0005
1527	0.001
1528	0.0005
1529	0.0005
1530	0.002
1531	0.0015
1532	0.0005
1533	0.0025
1534	0.0005
1535	0.001
1536	0.001
1537	0.0005
1538	0
1539	0
1540	0
1541	0
1542	0.0005
1543	0.0005
1544	0
1545	0
1546	0.001
1547	0
1548	0.0005
1549	0.0005
1550	0
1551	0.001
1552	0.0005
1553	0.0005
1554	0
1555	0
1556	0.001
1557	0
1558	0
1559	0.0005
1560	0.0005
1561	0
1562	0.001
1563	0.001
1564	0.0005
1565	0.001
1566	0.001
1567	0
1568	0.001
1569	0.0005
1570	0.002
1571	0
1572	0.0005
1573	0.0005
1574	0
1575	0.0025
1576	0.002
1577	0.001
1578	0.0005
1579	0.001
1580	0.001
1581	0.0005
1582	0.0015
1583	0.0005
1584	0.004
1585	0.001
1586	0.0015
1587	0.0035
1588	0.0005
1589	0
1590	0.001
1591	0.003
1592	0.0015
1593	0.0015
1594	0.0025
1595	0.0025
1596	0.0015
1597	0.001
1598	0.0035
1599	0.0055
1600	0.004
1601	0.0035
1602	0.0035
1603	0.007
1604	0.01
1605	0.0175
1606	0.0485
1607	0.2125
1608	0.463
1609	0.376
1610	0.4635
1611	0.387
1612	0.3465
1613	0.0625
1614	0.005
1615	0.0035
1616	0.0115
1617	0.015
1618	0.0575
1619	0.079
1620	0.1725
1621	0.3515
1622	0.3145
1623	0.3455
1624	0.2435
1625	0.1515
1626	0.0705
1627	0.005
1628	0.0055
1629	0.012
1630	0.0305
1631	0.055
1632	0.058
1633	0.1115
1634	0.1705
1635	0.229
1636	0.2435
1637	0.181
1638	0.1545
1639	0.138
1640	0.063
1641	0.0335
1642	0.022
1643	0.058
1644	0.193
1645	0.11
1646	0.113
1647	0.1845
1648	0.2565
1649	0.282
1650	0.0555
1651	0.04
1652	0.185
1653	0.1515
1654	0.0675
1655	0.041
1656	0.077
1657	0.317
1658	0.163
1659	0.0885
1660	0.2775
1661	0.357
1662	0.29
1663	0.0145
1664	0.005
1665	0.114
1666	0.015
1667	0.0045
1668	0.004
1669	0.0685
1670	0.206
1671	0.216
1672	0.283
1673	0.5505
1674	0.393
1675	0.2605
1676	0.055
1677	0.025
1678	0.041
1679	0.003
1680	0.0025
1681	0.034
1682	0.0975
1683	0.2055
1684	0.3245
1685	0.34
1686	0.411
1687	0.3085
1688	0.1525
1689	0.027
1690	0.0045
1691	0.003
1692	0.0035
1693	0.0085
1694	0.0085
1695	0.0095
1696	0.0135
1697	0.0115
1698	0.0275
1699	0.0275
1700	0.0315
1701	0.027
1702	0.04
1703	0.0415
1704	0.0655
1705	0.079
1706	0.1595
1707	0.2325
1708	0.277
1709	0.192
1710	0.153
1711	0.145
1712	0.0635
1713	0.0045
1714	0.001
1715	0.004
1716	0.0235
1717	0.03
1718	0.0315
1719	0.101
1720	0.3185
1721	0.397
1722	0.279
1723	0.24
1724	0.2685
1725	0.1385
1726	0.003
1727	0
1728	0.002
1729	0.007
1730	0.004
1731	0.001
1732	0.0005
1733	0.0015
1734	0
1735	0.001
1736	0.001
1737	0
1738	0
1739	0.002
1740	0
1741	0.0005
1742	0
1743	0.001
1744	0.0005
1745	0
1746	0.0005
1747	0.0005
1748	0.0005
1749	0.001
1750	0.0015
1751	0.0005
1752	0
1753	0
1754	0.0005
1755	0
1756	0.0005
1757	0
1758	0.001
1759	0.001
1760	0.0005
1761	0.0015
1762	0
1763	0.0005
1764	0.0005
1765	0.001
1766	0.0005
1767	0
1768	0.0015
1769	0.0025
1770	0.002
1771	0.002
1772	0.002
1773	0.001
1774	0.001
1775	0.001
1776	0.0005
1777	0.0005
1778	0.001
1779	0.001
1780	0.002
1781	0
1782	0.003
1783	0.001
1784	0.0035
1785	0.003
1786	0.001
1787	0.002
1788	0.0015
1789	0.0025
1790	0.002
1791	0.002
1792	0.0015
1793	0.002
1794	0.0025
1795	0.003
1796	0.0015
1797	0.0055
1798	0.0035
1799	0.0025
1800	0.001
1801	0.003
1802	0.0025
1803	0.0025
1804	0.003
1805	0.003
1806	0.0035
1807	0.004
1808	0.0025
1809	0.003
1810	0.004
1811	0.0035
1812	0.0025
1813	0.0035
1814	0.002
1815	0.005
1816	0.0025
1817	0.003
1818	0.0055
1819	0.0025
1820	0.0055
1821	0.005
1822	0.0045
1823	0.004
1824	0.004
1825	0.005
1826	0.006
1827	0.0045
1828	0.006
1829	0.0115
1830	0.021
1831	0.033
1832	0.102
1833	0.1855
1834	0.1775
1835	0.2675
1836	0.353
1837	0.2855
1838	0.148
1839	0.0495
1840	0.038
1841	0.0425
1842	0.011
1843	0.0105
1844	0.019
1845	0.0745
1846	0.182
1847	0.3425
1848	0.3585
1849	0.3845
1850	0.3585
1851	0.2365
1852	0.058
1853	0.0085
1854	0.0045
1855	0.005
1856	0.0275
1857	0.0905
1858	0.2495
1859	0.39
1860	0.4685
1861	0.4635
1862	0.441
1863	0.252
1864	0.023
1865	0.004
1866	0.005
1867	0.0075
1868	0.0535
1869	0.142
1870	0.395
1871	0.4795
1872	0.535
1873	0.486
1874	0.358
1875	0.1395
1876	0.0035
1877	0.0025
1878	0.004
1879	0.02
1880	0.0795
1881	0.24
1882	0.4475
1883	0.5235
1884	0.4835
1885	0.448
1886	0.268
1887	0.0285
1888	0.003
1889	0.005
1890	0.004
1891	0.026
1892	0.0245
1893	0.0565
1894	0.151
1895	0.2875
1896	0.2965
1897	0.307
1898	0.277
1899	0.2125
1900	0.0625
1901	0.005
1902	0.004
1903	0.0075
1904	0.0085
1905	0.0065
1906	0.006
1907	0.007
1908	0.0095
1909	0.007
1910	0.004
1911	0.0035
1912	0.002
1913	0
1914	0.0025
1915	0.001
1916	0.0035
1917	0.001
1918	0
1919	0.0005
1920	0.001
1921	0
1922	0.0015
1923	0
1924	0.001
1925	0.001
1926	0
1927	0.002
1928	0
1929	0.001
1930	0.0015
1931	0.0005
1932	0.0005
1933	0.0005
1934	0.001
1935	0.001
1936	0.0005
1937	0
1938	0.0015
1939	0.001
1940	0.001
1941	0
1942	0
1943	0
1944	0
1945	0.0005
1946	0.0005
1947	0.0015
1948	0.0015
1949	0.0005
1950	0.0005
1951	0
1952	0.001
1953	0.001
1954	0
1955	0
1956	0
1957	0
1958	0.0005
1959	0.002
1960	0.0005
1961	0.001
1962	0.0005
1963	0
1964	0.001
1965	0.0005
1966	0.0005
1967	0
1968	0
1969	0
1970	0.002
1971	0.0025
1972	0.0005
1973	0.0005
1974	0
1975	0.0015
1976	0.0015
1977	0.001
1978	0.0015
1979	0.002
1980	0.0025
1981	0.0015
1982	0.001
1983	0.0005
1984	0
1985	0.002
1986	0.001
1987	0.0005
1988	0.0015
1989	0.0015
1990	0
1991	0.0045
1992	0.003
1993	0.0035
1994	0.0005
1995	0.0015
1996	0.0025
1997	0.0035
1998	0.001
1999	0.0035
2000	0.0015
2001	0.002
2002	0.002
2003	0.0045
2004	0.002
2005	0.003
2006	0.004
2007	0.003
2008	0.0035
2009	0.003
2010	0.005
2011	0.0015
2012	0.0035
2013	0.0055
2014	0.0065
2015	0.0055
2016	0.0025
2017	0.003
2018	0.0025
2019	0.002
2020	0.0035
2021	0.0045
2022	0.005
2023	0.006
2024	0.0065
2025	0.009
2026	0.025
2027	0.0735
2028	0.145
2029	0.3365
2030	0.4055
2031	0.437
2032	0.387
2033	0.243
2034	0.109
2035	0.006
2036	0.0035
2037	0.0035
2038	0.031
2039	0.113
2040	0.25
2041	0.394
2042	0.345
2043	0.3385
2044	0.329
2045	0.1415
2046	0.009
2047	0.005
2048	0.005
2049	0.028
2050	0.045
2051	0.09
2052	0.1595
2053	0.218
2054	0.284
2055	0.264
2056	0.211
2057	0.1765
2058	0.055
2059	0.0305
2060	0.018
2061	0.0165
2062	0.0425
2063	0.0575
2064	0.0715
2065	0.1775
2066	0.2245
2067	0.392
2068	0.346
2069	0.2795
2070	0.2575
2071	0.1255
2072	0.0375
2073	0.008
2074	0.006
2075	0.0475
2076	0.258
2077	0.335
2078	0.3275
2079	0.4805
2080	0.501
2081	0.344
2082	0.0315
2083	0.0015
2084	0.0025
2085	0.004
2086	0.0035
2087	0.0025
2088	0.0015
2089	0.003
2090	0.003
2091	0.0035
2092	0.005
2093	0.006
2094	0.006
2095	0.0065
2096	0.009
2097	0.008
2098	0.0065
2099	0.0055
2100	0.004
2101	0.004
2102	0.003
2103	0.005
2104	0.0015
2105	0
2106	0.004
2107	0.003
2108	0.002
2109	0.0015
2110	0.002
2111	0.004
2112	0.003
2113	0.0015
2114	0.0005
2115	0.0025
2116	0.0015
2117	0.002
2118	0.0005
2119	0.002
2120	0.0035
2121	0.001
2122	0.0015
2123	0.0015
2124	0
2125	0.0015
2126	0.001
2127	0.0015
2128	0.001
2129	0.001
2130	0.002
2131	0
2132	0
2133	0
2134	0.0005
2135	0.0005
2136	0.002
2137	0
2138	0
2139	0
2140	0
2141	0.002
2142	0.0005
2143	0.001
2144	0.0005
2145	0.0005
2146	0.001
2147	0.0005
2148	0.001
2149	0.0015
2150	0.001
2151	0
2152	0.001
2153	0.0005
2154	0.001
2155	0
2156	0.0005
2157	0
2158	0.0005
2159	0.001
2160	0
2161	0.0005
2162	0.001
2163	0
2164	0.001
2165	0.001
2166	0.0005
2167	0.001
2168	0.001
2169	0.0005
2170	0.0015
2171	0.001
2172	0
2173	0.0015
2174	0.0005
2175	0.0005
2176	0.0005
2177	0.001
2178	0.002
2179	0.0025
2180	0.0025
2181	0.0025
2182	0.002
2183	0.0015
2184	0.0005
2185	0.002
2186	0.0015
2187	0.0025
2188	0.0015
2189	0.0025
2190	0.0005
2191	0.0005
2192	0.002
2193	0.001
2194	0.0005
2195	0.0015
2196	0.0025
2197	0.004
2198	0.003
2199	0.002
2200	0.0015
2201	0
2202	0.0015
2203	0.0035
2204	0.0025
2205	0.004
2206	0.0035
2207	0.0025
2208	0.004
2209	0.0055
2210	0.005
2211	0.004
2212	0.007
2213	0.007
2214	0.0105
2215	0.0125
2216	0.0195
2217	0.069
2218	0.1475
2219	0.276
2220	0.275
2221	0.338
2222	0.277
2223	0.1635
2224	0.0375
2225	0.0075
2226	0.005
2227	0.0065
2228	0.0075
2229	0.031
2230	0.065
2231	0.133
2232	0.16
2233	0.1755
2234	0.2305
2235	0.155
2236	0.0735
2237	0.021
2238	0.01
2239	0.011
2240	0.0075
2241	0.009
2242	0.0245
2243	0.1405
2244	0.1755
2245	0.2845
2246	0.3095
2247	0.28
2248	0.254
2249	0.0595
2250	0.008
2251	0.0055
2252	0.0045
2253	0.006
2254	0.008
2255	0.008
2256	0.0105
2257	0.0135
2258	0.024
2259	0.029
2260	0.062
2261	0.105
2262	0.132
2263	0.2195
2264	0.2765
2265	0.1975
2266	0.202
2267	0.098
2268	0.0775
2269	0.0245
2270	0.004
2271	0.005
2272	0.0235
2273	0.035
2274	0.0875
2275	0.1245
2276	0.229
2277	0.355
2278	0.3235
2279	0.337
2280	0.2285
2281	0.114
2282	0.045
2283	0.009
2284	0.007
2285	0.0345
2286	0.0455
2287	0.0675
2288	0.256
2289	0.3775
2290	0.357
2291	0.308
2292	0.2515
2293	0.23
2294	0.0105
2295	0.0035
2296	0.005
2297	0.0085
2298	0.0295
2299	0.0135
2300	0.026
2301	0.146
2302	0.268
2303	0.3485
2304	0.312
2305	0.3845
2306	0.456
2307	0.1195
2308	0.0115
2309	0.004
2310	0.0135
2311	0.0365
2312	0.0075
2313	0.005
2314	0.123
2315	0.1875
2316	0.142
2317	0.117
2318	0.1425
2319	0.1385
2320	0.0165
2321	0.001
2322	0.0005
2323	0.0045
2324	0.0075
2325	0.002
2326	0.002
2327	0.0005
2328	0.002
2329	0.001
2330	0.0005
2331	0
2332	0
2333	0.0005
2334	0.001
2335	0.0015
2336	0
2337	0.001
2338	0
2339	0.0005
2340	0.0015
2341	0.0005
2342	0.0005
2343	0.0005
2344	0.0005
2345	0.0005
2346	0.0005
2347	0.0005
2348	0
2349	0
2350	0
2351	0.001
2352	0.0005
2353	0.001
2354	0.0015
2355	0.0005
2356	0.0005
2357	0.0015
2358	0
2359	0.001
2360	0
2361	0.001
2362	0
2363	0.001
2364	0.0005
2365	0.0005
2366	0.0005
2367	0
2368	0.0015
2369	0.001
2370	0.001
2371	0.002
2372	0.0005
2373	0.0015
2374	0.0025
2375	0.0005
2376	0.0025
2377	0
2378	0.001
2379	0.002
2380	0.003
2381	0.0015
2382	0.002
2383	0.0005
2384	0.0025
2385	0.0025
2386	0.0015
2387	0.0005
2388	0.0015
2389	0.001
2390	0.0015
2391	0.0005
2392	0.0015
2393	0.0015
2394	0.001
2395	0.003
2396	0.002
2397	0.002
2398	0.002
2399	0.0035
2400	0.004
2401	0.002
2402	0.0015
2403	0.001
2404	0.0035
2405	0.004
2406	0.001
2407	0.002
2408	0.0015
2409	0.003
2410	0.0015
2411	0.003
2412	0.0025
2413	0.0025
2414	0.0035
2415	0.004
2416	0.0035
2417	0.001
2418	0.0055
2419	0.005
2420	0.0045
2421	0.0025
2422	0.003
2423	0.004
2424	0.004
2425	0.0045
2426	0.002
2427	0.0025
2428	0.0045
2429	0.005
2430	0.005
2431	0.005
2432	0.005
2433	0.0075
2434	0.0065
2435	0.008
2436	0.01
2437	0.0125
2438	0.0175
2439	0.0205
2440	0.0585
2441	0.1315
2442	0.3665
2443	0.448
2444	0.42
2445	0.3795
2446	0.3215
2447	0.147
2448	0.0065
2449	0.0055
2450	0.0075
2451	0.044
2452	0.113
2453	0.236
2454	0.3615
2455	0.3725
2456	0.346
2457	0.291
2458	0.127
2459	0.0215
2460	0.0055
2461	0.0055
2462	0.02
2463	0.1895
2464	0.5325
2465	0.3795
2466	0.3595
2467	0.3625
2468	0.328
2469	0.06
2470	0.005
2471	0.0035
2472	0.009
2473	0.0925
2474	0.1845
2475	0.278
2476	0.2155
2477	0.3005
2478	0.314
2479	0.131
2480	0.018
2481	0.005
2482	0.0035
2483	0.023
2484	0.012
2485	0.0095
2486	0.026
2487	0.0775
2488	0.318
2489	0.2995
2490	0.302
2491	0.3625
2492	0.287
2493	0.1595
2494	0.0045
2495	0.0055
2496	0.001
2497	0.0055
2498	0.0035
2499	0.003
2500	0.003
2501	0.0035
2502	0.0035
2503	0.0035
2504	0.0025
2505	0.002
2506	0.001
2507	0.0025
2508	0.0025
2509	0.004
2510	0.0015
2511	0.002
2512	0.0005
2513	0.003
2514	0.0025
2515	0.0035
2516	0.001
2517	0.001
2518	0.0015
2519	0.001
2520	0.0005
2521	0.001
2522	0.0015
2523	0
2524	0.0015
2525	0.0025
2526	0.001
2527	0.0005
2528	0.0005
2529	0.0005
2530	0.001
2531	0.0005
2532	0
2533	0.001
2534	0
2535	0.001
2536	0
2537	0.0005
2538	0.001
2539	0.0005
2540	0.0005
2541	0.0005
2542	0
2543	0.0005
2544	0
2545	0.001
2546	0.001
2547	0.0005
2548	0
2549	0
2550	0
2551	0.001
2552	0
2553	0.0015
2554	0.0005
2555	0.0005
2556	0
2557	0.0005
2558	0
2559	0.001
2560	0.0005
2561	0.0015
2562	0.0005
2563	0.0005
2564	0
2565	0.001
2566	0.0005
2567	0.0005
2568	0.0005
2569	0
2570	0.001
2571	0
2572	0.0015
2573	0.0025
2574	0.0005
2575	0.0015
2576	0.0025
2577	0.0005
2578	0.001
2579	0.0015
2580	0.001
2581	0.002
2582	0.001
2583	0.0005
2584	0.001
2585	0.0005
2586	0.0015
2587	0.0005
2588	0.0015
2589	0.0025
2590	0.002
2591	0.0015
2592	0.0015
2593	0.0015
2594	0.003
2595	0.004
2596	0.0015
2597	0.004
2598	0.0025
2599	0.0025
2600	0.004
2601	0.001
2602	0.0035
2603	0.003
2604	0.003
2605	0.004
2606	0.003
2607	0.0035
2608	0.0025
2609	0.0015
2610	0.0025
2611	0.0055
2612	0.0035
2613	0.0035
2614	0.0035
2615	0.0045
2616	0.0045
2617	0.005
2618	0.003
2619	0.0065
2620	0.0015
2621	0.004
2622	0.0045
2623	0.004
2624	0.0045
2625	0.0035
2626	0.0045
2627	0.0075
2628	0.009
2629	0.0125
2630	0.029
2631	0.095
2632	0.216
2633	0.235
2634	0.2085
2635	0.245
2636	0.2115
2637	0.094
2638	0.01
2639	0.0065
2640	0.0115
2641	0.033
2642	0.057
2643	0.203
2644	0.6115
2645	0.374
2646	0.3805
2647	0.331
2648	0.295
2649	0.045
2650	0.0065
2651	0.0025
2652	0.0405
2653	0.114
2654	0.2065
2655	0.261
2656	0.408
2657	0.3765
2658	0.252
2659	0.1095
2660	0.026
2661	0.008
2662	0.004
2663	0.003
2664	0.0085
2665	0.0175
2666	0.0505
2667	0.1875
2668	0.3775
2669	0.402
2670	0.307
2671	0.3105
2672	0.211
2673	0.026
2674	0.004
2675	0.0025
2676	0.0035
2677	0.03
2678	0.0425
2679	0.19
2680	0.412
2681	0.3565
2682	0.365
2683	0.3325
2684	0.273
2685	0.064
2686	0.004
2687	0.0025
2688	0.005
2689	0.0355
2690	0.055
2691	0.089
2692	0.121
2693	0.159
2694	0.226
2695	0.211
2696	0.1225
2697	0.095
2698	0.082
2699	0.0935
2700	0.0435
2701	0.0405
2702	0.1325
2703	0.2575
2704	0.3285
2705	0.255
2706	0.3075
2707	0.4055
2708	0.2245
2709	0.026
2710	0.008
2711	0.0225
2712	0.076
2713	0.0155
2714	0.0095
2715	0.08
2716	0.275
2717	0.2995
2718	0.1705
2719	0.257
2720	0.332
2721	0.1585
2722	0.004
2723	0.0015
2724	0.004
2725	0.032
2726	0.0025
2727	0.004
2728	0.031
2729	0.1675
2730	0.138
2731	0.121
2732	0.173
2733	0.2515
2734	0.2215
2735	0.0355
2736	0.007
2737	0.1105
2738	0.1985
2739	0.113
2740	0.088
2741	0.3495
2742	0.3205
2743	0.1695
2744	0.0355
2745	0.0465
2746	0.137
2747	0.004
2748	0.001
2749	0.0325
2750	0.298
2751	0.2445
2752	0.159
2753	0.2275
2754	0.365
2755	0.2705
2756	0.0025
2757	0.0005
2758	0.024
2759	0.1485
2760	0.043
2761	0.0425
2762	0.4045
2763	0.428
2764	0.339
2765	0.0945
2766	0.11
2767	0.2465
2768	0
2769	0.0015
2770	0.0025
2771	0.024
2772	0.1445
2773	0.091
2774	0.1915
2775	0.4035
2776	0.4015
2777	0.318
2778	0.105
2779	0.079
2780	0.103
2781	0.002
2782	0.0015
2783	0.0125
2784	0.0845
2785	0.227
2786	0.4285
2787	0.4545
2788	0.524
2789	0.447
2790	0.235
2791	0.032
2792	0.0035
2793	0.002
2794	0.0005
2795	0.002
2796	0.003
2797	0.0025
2798	0.003
2799	0.001
2800	0.0035
2801	0.0045
2802	0.004
2803	0.003
2804	0.005
2805	0.008
2806	0.0065
2807	0.01
2808	0.0115
2809	0.0325
2810	0.043
2811	0.09
2812	0.1155
2813	0.1785
2814	0.1685
2815	0.1795
2816	0.152
2817	0.1225
2818	0.056
2819	0.0245
2820	0.0325
2821	0.115
2822	0.1835
2823	0.381
2824	0.2825
2825	0.3345
2826	0.2975
2827	0.1265
2828	0.0245
2829	0.0035
2830	0.002
2831	0.01
2832	0.017
2833	0.0145
2834	0.028
2835	0.076
2836	0.075
2837	0.09
2838	0.1065
2839	0.1005
2840	0.096
2841	0.029
2842	0.01
2843	0.0125
2844	0.0105
2845	0.0105
2846	0.0055
2847	0.009
2848	0.0295
2849	0.066
2850	0.147
2851	0.308
2852	0.3155
2853	0.292
2854	0.2335
2855	0.144
2856	0.042
2857	0.0045
2858	0.0035
2859	0.006
2860	0.018
2861	0.0465
2862	0.1165
2863	0.2685
2864	0.3285
2865	0.2785
2866	0.278
2867	0.196
2868	0.0905
2869	0.008
2870	0.006
2871	0.0075
2872	0.0875
2873	0.296
2874	0.3225
2875	0.3755
2876	0.395
2877	0.3655
2878	0.1585
2879	0.0065
2880	0.005
2881	0.0035
2882	0.005
2883	0.0085
2884	0.0025
2885	0.002
2886	0.0045
2887	0.003
2888	0.004
2889	0.0025
2890	0.005
2891	0.0035
2892	0.0075
2893	0.014
2894	0.032
2895	0.1665
2896	0.2575
2897	0.302
2898	0.2805
2899	0.2755
2900	0.186
2901	0.02
2902	0.0005
2903	0.0015
2904	0.001
2905	0.001
2906	0.0015
2907	0.002
2908	0.0045
2909	0.002
2910	0.002
2911	0.002
2912	0.001
2913	0.0025
2914	0.001
2915	0.0005
2916	0.0015
2917	0.0015
2918	0.001
2919	0.0015
2920	0.0015
2921	0
2922	0.0015
2923	0.0015
2924	0.0015
2925	0.001
2926	0.001
2927	0.001
2928	0.0015
2929	0.0005
2930	0.002
2931	0.001
2932	0.001
2933	0.001
2934	0.0005
2935	0.002
2936	0.001
2937	0.0005
2938	0
2939	0.002
2940	0.001
2941	0
2942	0.0005
2943	0.0005
2944	0.0005
2945	0.0005
2946	0
2947	0.001
2948	0.001
2949	0
2950	0.0005
2951	0
2952	0.0005
2953	0.0005
2954	0.0005
2955	0
2956	0.001
2957	0.002
2958	0.002
2959	0
2960	0.001
2961	0.0005
2962	0
2963	0.0015
2964	0.0005
2965	0.001
2966	0.001
2967	0.0005
2968	0.0005
2969	0.001
2970	0
2971	0.0015
2972	0.002
2973	0.001
2974	0.0005
2975	0.001
2976	0.001
2977	0.0015
2978	0.0005
2979	0.0025
2980	0.001
2981	0.0015
2982	0.001
2983	0.002
2984	0.001
2985	0.003
2986	0.001
2987	0.002
2988	0.001
2989	0.001
2990	0.0015
2991	0.003
2992	0
2993	0.001
2994	0.001
2995	0.0015
2996	0.003
2997	0.002
2998	0.002
2999	0.0035
3000	0.0025
3001	0.002
3002	0.002
3003	0.0025
3004	0.004
3005	0.0045
3006	0.004
3007	0.006
3008	0.0025
3009	0.0045
3010	0.0035
3011	0.0025
3012	0.0035
3013	0.002
3014	0.0045
3015	0.0065
3016	0.0025
3017	0.004
3018	0.0065
3019	0.0045
3020	0.008
3021	0.0095
3022	0.027
3023	0.1515
3024	0.416
3025	0.4435
3026	0.4355
3027	0.3955
3028	0.358
3029	0.0905
3030	0.0045
3031	0.0045
3032	0.0035
3033	0.013
3034	0.072
3035	0.1045
3036	0.224
3037	0.369
3038	0.3035
3039	0.273
3040	0.1355
3041	0.047
3042	0.0105
3043	0.0045
3044	0.0045
3045	0.016
3046	0.0495
3047	0.1125
3048	0.2245
3049	0.438
3050	0.3365
3051	0.301
3052	0.218
3053	0.0785
3054	0.012
3055	0.0025
3056	0.0065
3057	0.0105
3058	0.043
3059	0.0965
3060	0.282
3061	0.26
3062	0.281
3063	0.3245
3064	0.2655
3065	0.118
3066	0.006
3067	0.004
3068	0.018
3069	0.0315
3070	0.035
3071	0.0325
3072	0.079
3073	0.1835
3074	0.176
3075	0.1325
3076	0.1515
3077	0.167
3078	0.1115
3079	0.01
3080	0.0055
3081	0.0085
3082	0.0395
3083	0.0205
3084	0.005
3085	0.0375
3086	0.159
3087	0.339
3088	0.2865
3089	0.3905
3090	0.5405
3091	0.418
3092	0.135
3093	0.009
3094	0.0045
3095	0.0465
3096	0.006
3097	0.0035
3098	0.0205
3099	0.0825
3100	0.183
3101	0.276
3102	0.2925
3103	0.308
3104	0.189
3105	0.089
3106	0.013
3107	0.001
3108	0.0025
3109	0.002
3110	0.001
3111	0.0035
3112	0.002
3113	0.001
3114	0.003
3115	0.002
3116	0.0015
3117	0.0015
3118	0.0015
3119	0.0005
3120	0.0015
3121	0.001
3122	0.001
3123	0.0005
3124	0.001
3125	0.0005
3126	0.0005
3127	0.0005
3128	0.0005
3129	0.0005
3130	0.0015
3131	0.0005
3132	0
3133	0.0005
3134	0
3135	0.001
3136	0.0015
3137	0.0005
3138	0.001
3139	0
3140	0.001
3141	0.001
3142	0
3143	0.0005
3144	0
3145	0
3146	0.0005
3147	0.001
3148	0
3149	0
3150	0
3151	0.0005
3152	0
3153	0.0005
3154	0
3155	0.0005
3156	0.0005
3157	0.001
3158	0
3159	0.0005
3160	0.001
3161	0.0005
3162	0
3163	0.001
3164	0.0005
3165	0.0005
3166	0.0015
3167	0.001
3168	0.001
3169	0.0005
3170	0.0005
3171	0.0015
3172	0.0005
3173	0.0015
3174	0.002
3175	0.001
3176	0.0005
3177	0.0005
3178	0.0015
3179	0.001
3180	0.001
3181	0.002
3182	0.0005
3183	0.0015
3184	0.0015
3185	0.0015
3186	0.0015
3187	0.0015
3188	0.002
3189	0.003
3190	0.0005
3191	0.001
3192	0.002
3193	0.001
3194	0.003
3195	0.0035
3196	0.0035
3197	0.0035
3198	0.004
3199	0.001
3200	0.0035
3201	0.0045
3202	0.0015
3203	0.004
3204	0.0025
3205	0.0045
3206	0.0035
3207	0.0025
3208	0.004
3209	0.0055
3210	0.0045
3211	0.003
3212	0.003
3213	0.003
3214	0.0015
3215	0.0025
3216	0.003
3217	0.0045
3218	0.0025
3219	0.0025
3220	0.004
3221	0.005
3222	0.0015
3223	0.0045
3224	0.0045
3225	0.0055
3226	0.0035
3227	0.0045
3228	0.005
3229	0.005
3230	0.004
3231	0.008
3232	0.0105
3233	0.022
3234	0.0825
3235	0.1685
3236	0.238
3237	0.4165
3238	0.314
3239	0.312
3240	0.175
3241	0.0505
3242	0.007
3243	0.003
3244	0.0045
3245	0.027
3246	0.0475
3247	0.068
3248	0.0995
3249	0.101
3250	0.1265
3251	0.0875
3252	0.0375
3253	0.0185
3254	0.008
3255	0.0085
3256	0.006
3257	0.0065
3258	0.015
3259	0.0215
3260	0.057
3261	0.075
3262	0.139
3263	0.184
3264	0.244
3265	0.233
3266	0.2075
3267	0.174
3268	0.171
3269	0.122
3270	0.133
3271	0.1335
3272	0.188
3273	0.379
3274	0.374
3275	0.2805
3276	0.293
3277	0.275
3278	0.2455
3279	0.037
3280	0.0085
3281	0.033
3282	0.1375
3283	0.1305
3284	0.0885
3285	0.1275
3286	0.4385
3287	0.4185
3288	0.195
3289	0.1635
3290	0.365
3291	0.2715
3292	0.012
3293	0.0035
3294	0.018
3295	0.2035
3296	0.1055
3297	0.048
3298	0.375
3299	0.4405
3300	0.3265
3301	0.062
3302	0.05
3303	0.203
3304	0.003
3305	0.0015
3306	0.008
3307	0.214
3308	0.2905
3309	0.1025
3310	0.13
3311	0.2625
3312	0.2905
3313	0.0145
3314	0.0025
3315	0.004
3316	0.2135
3317	0.1125
3318	0.099
3319	0.251
3320	0.3975
3321	0.4025
3322	0.0585
3323	0.0155
3324	0.199
3325	0.0595
3326	0.003
3327	0.002
3328	0.062
3329	0.2535
3330	0.055
3331	0.049
3332	0.188
3333	0.2455
3334	0.1535
3335	0.003
3336	0.004
3337	0.242
3338	0.059
3339	0.016
3340	0.069
3341	0.308
3342	0.35
3343	0.0455
3344	0.049
3345	0.353
3346	0.281
3347	0.0155
3348	0.001
3349	0.06
3350	0.2925
3351	0.0145
3352	0.005
3353	0.1135
3354	0.28
3355	0.2025
3356	0.0105
3357	0.0205
3358	0.37
3359	0.146
3360	0.0205
3361	0.024
3362	0.229
3363	0.3165
3364	0.005
3365	0.002
3366	0.228
3367	0.246
3368	0.0315
3369	0.0035
3370	0.0555
3371	0.262
3372	0.011
3373	0.002
3374	0.039
3375	0.154
3376	0.158
3377	0.007
3378	0.0115
3379	0.396
3380	0.2705
3381	0.094
3382	0.077
3383	0.2615
3384	0.251
3385	0.0015
3386	0.005
3387	0.018
3388	0.073
3389	0.0045
3390	0.0025
3391	0.029
3392	0.1415
3393	0.2655
3394	0.2055
3395	0.3025
3396	0.425
3397	0.2965
3398	0.075
3399	0.005
3400	0.0105
3401	0.023
3402	0.004
3403	0.002
3404	0.0125
3405	0.0685
3406	0.108
3407	0.119
3408	0.1735
3409	0.243
3410	0.2395
3411	0.109
3412	0.032
3413	0.031
3414	0.0325
3415	0.0085
3416	0.006
3417	0.0175
3418	0.0635
3419	0.065
3420	0.0545
3421	0.089
3422	0.1165
3423	0.1315
3424	0.0685
3425	0.034
3426	0.1095
3427	0.189
3428	0.1215
3429	0.177
3430	0.362
3431	0.4585
3432	0.243
3433	0.0865
3434	0.114
3435	0.153
3436	0.011
3437	0.0035
3438	0.005
3439	0.0615
3440	0.057
3441	0.036
3442	0.0705
3443	0.1655
3444	0.2705
3445	0.1365
3446	0.108
3447	0.2545
3448	0.3125
3449	0.0705
3450	0.006
3451	0.0265
3452	0.242
3453	0.1295
3454	0.03
3455	0.1415
3456	0.6625
3457	0.4375
3458	0.0895
3459	0.0855
3460	0.319
3461	0.266
3462	0.0025
3463	0.0035
3464	0.197
3465	0.52
3466	0.1155
3467	0.1015
3468	0.2535
3469	0.304
3470	0.0605
3471	0.003
3472	0.006
3473	0.211
3474	0.1825
3475	0.152
3476	0.4635
3477	0.465
3478	0.4845
3479	0.0705
3480	0.024
3481	0.0985
3482	0.0065
3483	0.004
3484	0.0065
3485	0.017
3486	0.083
3487	0.1055
3488	0.242
3489	0.601
3490	0.5095
3491	0.497
3492	0.34
3493	0.262
3494	0.152
3495	0.0045
3496	0.0025
3497	0.179
3498	0.3875
3499	0.3235
3500	0.322
3501	0.4645
3502	0.4905
3503	0.1365
3504	0.0015
3505	0.0025
3506	0.0205
3507	0.013
3508	0.003
3509	0.0035
3510	0.0095
3511	0.0165
3512	0.014
3513	0.0175
3514	0.0675
3515	0.285
3516	0.2545
3517	0.272
3518	0.3185
3519	0.4035
3520	0.252
3521	0.008
3522	0.0005
3523	0.0165
3524	0.046
3525	0.0155
3526	0.0105
3527	0.155
3528	0.3885
3529	0.5045
3530	0.4825
3531	0.533
3532	0.5785
3533	0.1725
3534	0.001
3535	0.001
3536	0.001
3537	0.005
3538	0.005
3539	0.001
3540	0
3541	0.0005
3542	0
3543	0.0005
3544	0.0005
3545	0.0005
3546	0
3547	0
3548	0.0005
3549	0.001
3550	0.0015
3551	0.0005
3552	0
3553	0
3554	0.0005
3555	0.0005
3556	0
3557	0.0005
3558	0
3559	0.0005
3560	0.0005
3561	0.0005
3562	0.001
3563	0.0005
3564	0.0005
3565	0.0005
3566	0.003
3567	0.0005
3568	0.0005
3569	0.001
3570	0
3571	0.003
3572	0.001
3573	0.002
3574	0.001
3575	0.001
3576	0.001
3577	0.0025
3578	0.0015
3579	0.001
3580	0.002
3581	0.0015
3582	0.0005
3583	0.002
3584	0.0015
3585	0.002
3586	0.002
3587	0.0025
3588	0.0015
3589	0.002
3590	0.002
3591	0.001
3592	0.0015
3593	0.0025
3594	0.0015
3595	0.004
3596	0.002
3597	0.003
3598	0.002
3599	0.002
3600	0.004
3601	0.0015
3602	0.0025
3603	0.002
3604	0.0015
3605	0.0015
3606	0.003
3607	0.003
3608	0.0025
3609	0.0015
3610	0.002
3611	0.003
3612	0.0025
3613	0.0025
3614	0.0035
3615	0.002
3616	0.0035
3617	0.005
3618	0.0055
3619	0.0055
3620	0.005
3621	0.0045
3622	0.0025
3623	0.005
3624	0.0075
3625	0.003
3626	0.004
3627	0.0055
3628	0.0115
3629	0.02
3630	0.037
3631	0.118
3632	0.251
3633	0.309
3634	0.293
3635	0.2385
3636	0.228
3637	0.0875
3638	0.004
3639	0.0055
3640	0.007
3641	0.024
3642	0.094
3643	0.136
3644	0.309
3645	0.3115
3646	0.34
3647	0.317
3648	0.1425
3649	0.0395
3650	0.003
3651	0.0055
3652	0.0085
3653	0.013
3654	0.0365
3655	0.1195
3656	0.374
3657	0.2325
3658	0.2445
3659	0.233
3660	0.1635
3661	0.0335
3662	0.0055
3663	0.0055
3664	0.0065
3665	0.0225
3666	0.071
3667	0.162
3668	0.268
3669	0.2465
3670	0.322
3671	0.2835
3672	0.1835
3673	0.035
3674	0.005
3675	0.007
3676	0.017
3677	0.0125
3678	0.0255
3679	0.035
3680	0.1125
3681	0.335
3682	0.346
3683	0.297
3684	0.376
3685	0.2885
3686	0.189
3687	0.0055
3688	0.0015
3689	0.007
3690	0.0175
3691	0.012
3692	0.0115
3693	0.0175
3694	0.0245
3695	0.025
3696	0.015
3697	0.0085
3698	0.0125
3699	0.006
3700	0.005
3701	0.003
3702	0.0055
3703	0.004
3704	0.0045
3705	0.0045
3706	0.006
3707	0.005
3708	0.003
3709	0.0035
3710	0.0035
3711	0.005
3712	0.0045
3713	0.002
3714	0.0025
3715	0.0045
3716	0.003
3717	0.0015
3718	0.001
3719	0.002
3720	0.001
3721	0.0025
3722	0
3723	0
3724	0.0015
3725	0.0025
3726	0.0005
3727	0.0015
3728	0
3729	0.0015
3730	0
3731	0.001
3732	0.0015
3733	0.0005
3734	0.001
3735	0.001
3736	0.001
3737	0
3738	0.0005
3739	0.0005
3740	0.001
3741	0
3742	0.001
3743	0.0005
3744	0.0005
3745	0
3746	0.0005
3747	0.0005
3748	0
3749	0.0005
3750	0.0005
3751	0
3752	0.0005
3753	0
3754	0.0005
3755	0.001
3756	0.0005
3757	0.001
3758	0.001
3759	0.0005
3760	0.001
3761	0.0005
3762	0.0015
3763	0
3764	0.001
3765	0.0005
3766	0.001
3767	0.0015
3768	0.0015
3769	0.0015
3770	0.0015
3771	0.0005
3772	0
3773	0.0015
3774	0.0005
3775	0.0005
3776	0.002
3777	0.0015
3778	0.001
3779	0.002
3780	0.0015
3781	0.002
3782	0.0025
3783	0.0015
3784	0.0015
3785	0.0015
3786	0.002
3787	0.002
3788	0.0015
3789	0.001
3790	0.0015
3791	0.0015
3792	0.0025
3793	0
3794	0.003
3795	0.0025
3796	0.0035
3797	0.004
3798	0.001
3799	0.0035
3800	0.0045
3801	0.0035
3802	0.003
3803	0.003
3804	0.003
3805	0.0005
3806	0.0035
3807	0.003
3808	0.003
3809	0
3810	0.004
3811	0.0045
3812	0.002
3813	0.005
3814	0.0035
3815	0.0045
3816	0.0055
3817	0.0025
3818	0.0035
3819	0.0045
3820	0.003
3821	0.0035
3822	0.0035
3823	0.003
3824	0.0045
3825	0.0045
3826	0.004
3827	0.004
3828	0.002
3829	0.003
3830	0.0035
3831	0.006
3832	0.005
3833	0.003
3834	0.0045
3835	0.007
3836	0.0065
3837	0.007
3838	0.0095
3839	0.022
3840	0.086
3841	0.25
3842	0.5445
3843	0.4495
3844	0.481
3845	0.4465
3846	0.2655
3847	0.0325
3848	0.0025
3849	0.0055
3850	0.011
3851	0.048
3852	0.1755
3853	0.1845
3854	0.1945
3855	0.232
3856	0.2345
3857	0.155
3858	0.012
3859	0.0055
3860	0.0075
3861	0.0145
3862	0.005
3863	0.0065
3864	0.0075
3865	0.0055
3866	0.008
3867	0.0105
3868	0.0075
3869	0.0155
3870	0.03
3871	0.0755
3872	0.1125
3873	0.1465
3874	0.2075
3875	0.2295
3876	0.2045
3877	0.1295
3878	0.046
3879	0.032
3880	0.0155
3881	0.0085
3882	0.0065
3883	0.0045
3884	0.007
3885	0.006
3886	0.0045
3887	0.004
3888	0.0045
3889	0.0055
3890	0.007
3891	0.0055
3892	0.0055
3893	0.0055
3894	0.0075
3895	0.006
3896	0.001
3897	0.002
3898	0.0035
3899	0.0045
3900	0.002
3901	0.003
3902	0.0035
3903	0.003
3904	0.0035
3905	0.0025
3906	0.0025
3907	0.003
3908	0.001
3909	0.0025
3910	0.0015
3911	0.002
3912	0.001
3913	0.001
3914	0.0025
3915	0.0025
3916	0
3917	0.002
3918	0.002
3919	0.0015
3920	0.0005
3921	0.001
3922	0.002
3923	0.0035
3924	0
3925	0.002
3926	0.0005
3927	0.0005
3928	0.002
3929	0.001
3930	0.001
3931	0.0005
3932	0.001
3933	0.0005
3934	0.0015
3935	0.0015
3936	0.0005
3937	0.0005
3938	0.0005
3939	0.0005
3940	0.001
3941	0.001
3942	0
3943	0
3944	0.0015
3945	0.002
3946	0.002
3947	0.001
3948	0.0005
3949	0
3950	0.001
3951	0
3952	0.001
3953	0.0005
3954	0
3955	0.0005
3956	0.0005
3957	0
3958	0
3959	0.0005
3960	0.001
3961	0
3962	0.001
3963	0.0005
3964	0.0005
3965	0.001
3966	0.0005
3967	0.001
3968	0
3969	0.0005
3970	0.001
3971	0.0005
3972	0.0005
3973	0.002
3974	0.0015
3975	0
3976	0.001
3977	0.002
3978	0.001
3979	0
3980	0.0005
3981	0.001
3982	0.002
3983	0.001
3984	0.0005
3985	0.001
3986	0.003
3987	0.002
3988	0.001
3989	0.002
3990	0.0025
3991	0.0025
3992	0.0015
3993	0.0015
3994	0.0025
3995	0.0005
3996	0.001
3997	0.005
3998	0.003
3999	0.0015
4000	0.003
4001	0.004
4002	0.0035
4003	0.0025
4004	0.0025
4005	0.0035
4006	0.001
4007	0.0015
4008	0.0045
4009	0.004
4010	0.0025
4011	0.004
4012	0.0055
4013	0.001
4014	0.003
4015	0.0045
4016	0.004
4017	0.003
4018	0.0045
4019	0.005
4020	0.0025
4021	0.0025
4022	0.006
4023	0.0055
4024	0.006
4025	0.0045
4026	0.0075
4027	0.0225
4028	0.0775
4029	0.1145
4030	0.13
4031	0.177
4032	0.179
4033	0.166
4034	0.067
4035	0.0145
4036	0.014
4037	0.009
4038	0.008
4039	0.0065
4040	0.0095
4041	0.0255
4042	0.075
4043	0.109
4044	0.166
4045	0.296
4046	0.4295
4047	0.469
4048	0.3315
4049	0.242
4050	0.2625
4051	0.1265
4052	0.032
4053	0.034
4054	0.1565
4055	0.494
4056	0.326
4057	0.3055
4058	0.505
4059	0.421
4060	0.1885
4061	0.0025
4062	0.0035
4063	0.033
4064	0.0125
4065	0.009
4066	0.0575
4067	0.36
4068	0.372
4069	0.281
4070	0.3365
4071	0.4025
4072	0.274
4073	0.004
4074	0.0035
4075	0.006
4076	0.0495
4077	0.032
4078	0.016
4079	0.0415
4080	0.1195
4081	0.241
4082	0.145
4083	0.13
4084	0.3055
4085	0.32
4086	0.1505
4087	0.0265
4088	0.025
4089	0.216
4090	0.036
4091	0.004
4092	0.0265
4093	0.22
4094	0.468
4095	0.129
4096	0.1645
4097	0.638
4098	0.3905
4099	0.074
4100	0.0035
4101	0.0075
4102	0.1625
4103	0.0015
4104	0.0005
4105	0.161
4106	0.4175
4107	0.518
4108	0.213
4109	0.348
4110	0.6035
4111	0.1205
4112	0.0025
4113	0.001
4114	0.008
4115	0.077
4116	0.003
4117	0.002
4118	0.1055
4119	0.3155
4120	0.316
4121	0.25
4122	0.363
4123	0.581
4124	0.169
4125	0.0075
4126	0.0015
4127	0.043
4128	0.07
4129	0.002
4130	0.0005
4131	0.0915
4132	0.2585
4133	0.2325
4134	0.239
4135	0.468
4136	0.5415
4137	0.2105
4138	0.0175
4139	0.0125
4140	0.056
4141	0.0035
4142	0.001
4143	0.0005
4144	0.0215
4145	0.0585
4146	0.0755
4147	0.255
4148	0.5555
4149	0.4355
4150	0.3285
4151	0.236
4152	0.214
4153	0.031
4154	0.0035
4155	0.0015
4156	0.006
4157	0.0395
4158	0.062
4159	0.14
4160	0.2255
4161	0.413
4162	0.3195
4163	0.252
4164	0.1785
4165	0.0795
4166	0.015
4167	0.001
4168	0.0005
4169	0.014
4170	0.0775
4171	0.14
4172	0.2855
4173	0.402
4174	0.4285
4175	0.459
4176	0.293
4177	0.1065
4178	0.019
4179	0.0025
4180	0.0045
4181	0.0205
4182	0.0415
4183	0.1075
4184	0.3285
4185	0.26
4186	0.3635
4187	0.265
4188	0.202
4189	0.079
4190	0.002
4191	0.0025
4192	0.001
4193	0.002
4194	0.0025
4195	0.0015
4196	0.0015
4197	0.0025
4198	0.002
4199	0.0025
4200	0.005
4201	0.0025
4202	0.002
4203	0.0065
4204	0.0025
4205	0.0035
4206	0.0035
4207	0.0015
4208	0.002
4209	0.003
4210	0.0025
4211	0.004
4212	0.003
4213	0.0015
4214	0.0045
4215	0.005
4216	0.0045
4217	0.003
4218	0.005
4219	0.004
4220	0.003
4221	0.0075
4222	0.004
4223	0.005
4224	0.008
4225	0.0105
4226	0.023
4227	0.0885
4228	0.24
4229	0.351
4230	0.4355
4231	0.36
4232	0.3365
4233	0.158
4234	0.01
4235	0.0045
4236	0.004
4237	0.002
4238	0.0045
4239	0.0035
4240	0.005
4241	0.006
4242	0.0025
4243	0.0065
4244	0.008
4245	0.006
4246	0.011
4247	0.0145
4248	0.031
4249	0.103
4250	0.142
4251	0.2545
4252	0.2995
4253	0.244
4254	0.2555
4255	0.125
4256	0.0365
4257	0.013
4258	0.0065
4259	0.007
4260	0.0255
4261	0.0595
4262	0.2445
4263	0.409
4264	0.516
4265	0.444
4266	0.358
4267	0.276
4268	0.0295
4269	0.003
4270	0.004
4271	0.0055
4272	0.055
4273	0.1665
4274	0.2015
4275	0.2335
4276	0.2685
4277	0.3085
4278	0.162
4279	0.0185
4280	0.0045
4281	0.0065
4282	0.0075
4283	0.006
4284	0.005
4285	0.0055
4286	0.006
4287	0.0045
4288	0.004
4289	0.004
4290	0.0055
4291	0.0065
4292	0.0135
4293	0.0725
4294	0.273
4295	0.389
4296	0.4375
4297	0.439
4298	0.405
4299	0.286
4300	0.011
4301	0.0015
4302	0.006
4303	0.002
4304	0.0395
4305	0.147
4306	0.2575
4307	0.373
4308	0.4005
4309	0.4185
4310	0.313
4311	0.0725
4312	0.003
4313	0.001
4314	0.0015
4315	0.005
4316	0.002
4317	0.0005
4318	0.0045
4319	0.0015
4320	0.001
4321	0
4322	0.0005
4323	0.003
4324	0.0015
4325	0.0025
4326	0.0025
4327	0.0025
4328	0
4329	0.001
4330	0.0005
4331	0.0015
4332	0.001
4333	0.0005
4334	0.001
4335	0.001
4336	0.0005
4337	0
4338	0.001
4339	0
4340	0
4341	0
4342	0.0005
4343	0.0005
4344	0.001
4345	0.001
4346	0.001
4347	0.0005
4348	0
4349	0.0005
4350	0
4351	0.0005
4352	0.0005
4353	0.0005
4354	0
4355	0.0005
4356	0.0005
4357	0.0005
4358	0.0005
4359	0.001
4360	0.0015
4361	0.0005
4362	0
4363	0.0005
4364	0.001
4365	0.0005
4366	0.001
4367	0.0015
4368	0.0005
4369	0.0025
4370	0.0025
4371	0.0005
4372	0.001
4373	0.0005
4374	0.0005
4375	0.0005
4376	0.002
4377	0.002
4378	0.002
4379	0.0015
4380	0
4381	0.002
4382	0.001
4383	0
4384	0.001
4385	0.0015
4386	0.0015
4387	0.0025
4388	0.001
4389	0.002
4390	0.0035
4391	0.0015
4392	0.0035
4393	0.002
4394	0.0015
4395	0.002
4396	0.0035
4397	0.002
4398	0.0025
4399	0.0025
4400	0.003
4401	0.0025
4402	0.0015
4403	0.0035
4404	0.0015
4405	0.0045
4406	0.003
4407	0.004
4408	0.0025
4409	0.0025
4410	0.0025
4411	0.0015
4412	0.0045
4413	0.0015
4414	0.0045
4415	0.0035
4416	0.0055
4417	0.0025
4418	0.0045
4419	0.007
4420	0.0085
4421	0.0125
4422	0.029
4423	0.0915
4424	0.2695
4425	0.2135
4426	0.152
4427	0.142
4428	0.11
4429	0.032
4430	0.0025
4431	0.0045
4432	0.0055
4433	0.012
4434	0.0645
4435	0.093
4436	0.206
4437	0.1775
4438	0.26
4439	0.238
4440	0.134
4441	0.035
4442	0.01
4443	0.0095
4444	0.0095
4445	0.0045
4446	0.0155
4447	0.023
4448	0.0525
4449	0.0895
4450	0.1415
4451	0.3115
4452	0.373
4453	0.3045
4454	0.312
4455	0.2275
4456	0.158
4457	0.0245
4458	0.003
4459	0.0135
4460	0.1215
4461	0.1675
4462	0.1555
4463	0.26
4464	0.3845
4465	0.3845
4466	0.1465
4467	0.0315
4468	0.034
4469	0.034
4470	0.007
4471	0.0035
4472	0.014
4473	0.063
4474	0.175
4475	0.185
4476	0.236
4477	0.307
4478	0.334
4479	0.202
4480	0.0405
4481	0.013
4482	0.024
4483	0.0145
4484	0.007
4485	0.01
4486	0.0405
4487	0.1025
4488	0.2615
4489	0.389
4490	0.511
4491	0.466
4492	0.383
4493	0.218
4494	0.0435
4495	0.0035
4496	0.0015
4497	0.003
4498	0.0445
4499	0.082
4500	0.1995
4501	0.3695
4502	0.2995
4503	0.3475
4504	0.2515
4505	0.1165
4506	0.023
4507	0.0025
4508	0.0025
4509	0.0085
4510	0.0235
4511	0.0585
4512	0.1795
4513	0.319
4514	0.2815
4515	0.271
4516	0.2205
4517	0.1125
4518	0.011
4519	0.0005
4520	0.002
4521	0.0015
4522	0
4523	0.0005
4524	0
4525	0
4526	0.001
4527	0.001
4528	0.001
4529	0.001
4530	0.001
4531	0.0005
4532	0.0005
4533	0.0005
4534	0.0015
4535	0.0005
4536	0.001
4537	0.0005
4538	0
4539	0
4540	0
4541	0.0005
4542	0
4543	0.0015
4544	0.0005
4545	0.0005
4546	0.001
4547	0
4548	0.0005
4549	0.0005
4550	0.0005
4551	0.0015
4552	0.0005
4553	0.0005
4554	0.0005
4555	0
4556	0.0005
4557	0
4558	0.0015
4559	0.0015
4560	0.0005
4561	0.001
4562	0
4563	0.002
4564	0
4565	0.0005
4566	0
4567	0.001
4568	0.001
4569	0.003
4570	0
4571	0.0015
4572	0.001
4573	0.0015
4574	0.0005
4575	0.001
4576	0.0015
4577	0.002
4578	0
4579	0.0005
4580	0.0005
4581	0.0005
4582	0.0005
4583	0.0005
4584	0.002
4585	0.001
4586	0.0025
4587	0
4588	0.0015
4589	0.001
4590	0.002
4591	0.0015
4592	0.002
4593	0.0025
4594	0.002
4595	0.003
4596	0.0035
4597	0.0045
4598	0.003
4599	0.003
4600	0.004
4601	0.0035
4602	0.0045
4603	0.003
4604	0.002
4605	0.0025
4606	0.0015
4607	0.003
4608	0.0035
4609	0.0035
4610	0.003
4611	0.0025
4612	0.003
4613	0.004
4614	0.0025
4615	0.004
4616	0.004
4617	0.002
4618	0.003
4619	0.002
4620	0.003
4621	0.006
4622	0.003
4623	0.007
4624	0.004
4625	0.0055
4626	0.008
4627	0.0095
4628	0.015
4629	0.024
4630	0.073
4631	0.2055
4632	0.2125
4633	0.3345
4634	0.3815
4635	0.3765
4636	0.242
4637	0.0465
4638	0.0145
4639	0.012
4640	0.007
4641	0.0105
4642	0.0155
4643	0.078
4644	0.3185
4645	0.2825
4646	0.306
4647	0.29
4648	0.29
4649	0.124
4650	0.0035
4651	0.004
4652	0.003
4653	0.0055
4654	0.0055
4655	0.005
4656	0.003
4657	0.0055
4658	0.0065
4659	0.0045
4660	0.006
4661	0.0085
4662	0.0075
4663	0.006
4664	0.0085
4665	0.009
4666	0.012
4667	0.028
4668	0.03
4669	0.0665
4670	0.1005
4671	0.154
4672	0.182
4673	0.24
4674	0.219
4675	0.192
4676	0.1245
4677	0.095
4678	0.0625
4679	0.0375
4680	0.04
4681	0.069
4682	0.1435
4683	0.233
4684	0.306
4685	0.3625
4686	0.347
4687	0.2495
4688	0.1075
4689	0.024
4690	0.005
4691	0.001
4692	0.0045
4693	0.006
4694	0.0035
4695	0.0025
4696	0.0035
4697	0.004
4698	0.001
4699	0.003
4700	0.003
4701	0.0025
4702	0.003
4703	0.0015
4704	0.002
4705	0.0005
4706	0.002
4707	0.0005
4708	0.002
4709	0.003
4710	0.0035
4711	0.0035
4712	0.0005
4713	0.003
4714	0.002
4715	0.0005
4716	0.002
4717	0.0015
4718	0.001
4719	0.0035
4720	0.001
4721	0.001
4722	0.001
4723	0.0005
4724	0.001
4725	0.002
4726	0.002
4727	0.0025
4728	0.0015
4729	0.0015
4730	0.0005
4731	0
4732	0.0005
4733	0.001
4734	0.0005
4735	0.0005
4736	0
4737	0.0015
4738	0.002
4739	0
4740	0.0005
4741	0.001
4742	0.0005
4743	0.0005
4744	0.001
4745	0
4746	0.0005
4747	0.0005
4748	0.0015
4749	0.0005
4750	0
4751	0.001
4752	0.0015
4753	0
4754	0.0005
4755	0.001
4756	0.001
4757	0.0005
4758	0.001
4759	0
4760	0.001
4761	0.0015
4762	0.0005
4763	0.0015
4764	0.0005
4765	0.001
4766	0.001
4767	0.002
4768	0.001
4769	0.0005
4770	0.001
4771	0.0025
4772	0.0025
4773	0
4774	0.0015
4775	0.0005
4776	0.0015
4777	0
4778	0.001
4779	0
4780	0.0005
4781	0.001
4782	0.0015
4783	0.001
4784	0.001
4785	0
4786	0.001
4787	0.0015
4788	0.001
4789	0.001
4790	0.0025
4791	0.004
4792	0.0015
4793	0.004
4794	0.002
4795	0.002
4796	0.005
4797	0.002
4798	0.003
4799	0.004
4800	0.0045
4801	0.001
4802	0.002
4803	0.003
4804	0.0015
4805	0.003
4806	0.002
4807	0.008
4808	0.0025
4809	0.002
4810	0.0035
4811	0.006
4812	0.0055
4813	0.0035
4814	0.0055
4815	0.0055
4816	0.003
4817	0.0035
4818	0.005
4819	0.0095
4820	0.006
4821	0.0085
4822	0.0195
4823	0.0485
4824	0.121
4825	0.3165
4826	0.325
4827	0.4365
4828	0.368
4829	0.291
4830	0.139
4831	0.008
4832	0.006
4833	0.007
4834	0.004
4835	0.0265
4836	0.0525
4837	0.109
4838	0.2325
4839	0.2345
4840	0.3465
4841	0.2395
4842	0.153
4843	0.07
4844	0.009
4845	0.0085
4846	0.0055
4847	0.005
4848	0.011
4849	0.012
4850	0.0155
4851	0.01
4852	0.016
4853	0.014
4854	0.011
4855	0.012
4856	0.0095
4857	0.014
4858	0.0155
4859	0.0195
4860	0.039
4861	0.0585
4862	0.088
4863	0.1335
4864	0.228
4865	0.3815
4866	0.446
4867	0.3555
4868	0.346
4869	0.2535
4870	0.113
4871	0.0125
4872	0.0055
4873	0.013
4874	0.049
4875	0.123
4876	0.2295
4877	0.3075
4878	0.3835
4879	0.3825
4880	0.306
4881	0.147
4882	0.0175
4883	0.0045
4884	0.005
4885	0.009
4886	0.0185
4887	0.018
4888	0.0475
4889	0.072
4890	0.1095
4891	0.133
4892	0.133
4893	0.142
4894	0.137
4895	0.065
4896	0.0345
4897	0.0305
4898	0.0525
4899	0.0845
4900	0.0955
4901	0.2895
4902	0.36
4903	0.4095
4904	0.252
4905	0.1565
4906	0.1085
4907	0.009
4908	0.002
4909	0.001
4910	0.001
4911	0.005
4912	0.0025
4913	0.002
4914	0.001
4915	0.0015
4916	0.0005
4917	0.003
4918	0.0015
4919	0.001
4920	0.001
4921	0.0015
4922	0.002
4923	0.0025
4924	0.0025
4925	0.001
4926	0.0005
4927	0.001
4928	0.0015
4929	0
4930	0
4931	0.001
4932	0.001
4933	0
4934	0.001
4935	0
4936	0.002
4937	0.0005
4938	0.0005
4939	0.0005
4940	0.0005
4941	0.0015
4942	0
4943	0
4944	0
4945	0.0005
4946	0.001
4947	0
4948	0.0005
4949	0.0005
4950	0.001
4951	0
4952	0.0015
4953	0
4954	0.0005
4955	0.0005
4956	0.001
4957	0.001
4958	0.001
4959	0
4960	0.003
4961	0.001
4962	0.0005
4963	0.001
4964	0.0015
4965	0.0005
4966	0.0005
4967	0.001
4968	0
4969	0.001
4970	0.002
4971	0.0015
4972	0.001
4973	0.002
4974	0.0005
4975	0.001
4976	0.0015
4977	0.002
4978	0
4979	0.001
4980	0
4981	0.0035
4982	0.002
4983	0.0015
4984	0.001
4985	0.002
4986	0.0005
4987	0.0025
4988	0.001
4989	0.003
4990	0.002
4991	0.0015
4992	0.0035
4993	0.002
4994	0.001
4995	0.003
4996	0.0005
4997	0.002
4998	0.0025
4999	0.002
5000	0.0015
5001	0.004
5002	0.002
5003	0.0015
5004	0.0035
5005	0.0055
5006	0.003
5007	0.001
5008	0.0035
5009	0.0025
5010	0.0025
5011	0.001
5012	0.0035
5013	0.002
5014	0.0015
5015	0.004
5016	0.003
5017	0.003
5018	0.003
5019	0.0035
5020	0.004
5021	0.005
5022	0.006
5023	0.007
5024	0.012
5025	0.016
5026	0.023
5027	0.038
5028	0.0895
5029	0.052
5030	0.0535
5031	0.0325
5032	0.0285
5033	0.0145
5034	0.006
5035	0.003
5036	0.006
5037	0.009
5038	0.0135
5039	0.0305
5040	0.0455
5041	0.101
5042	0.183
5043	0.1725
5044	0.23
5045	0.232
5046	0.232
5047	0.117
5048	0.0325
5049	0.025
5050	0.0495
5051	0.056
5052	0.0505
5053	0.0775
5054	0.15
5055	0.2855
5056	0.226
5057	0.1585
5058	0.1655
5059	0.1355
5060	0.043
5061	0.0035
5062	0.005
5063	0.013
5064	0.03
5065	0.0255
5066	0.0325
5067	0.0875
5068	0.1515
5069	0.224
5070	0.295
5071	0.3535
5072	0.33
5073	0.1655
5074	0.063
5075	0.0225
5076	0.012
5077	0.007
5078	0.0055
5079	0.0075
5080	0.023
5081	0.0625
5082	0.148
5083	0.2245
5084	0.3565
5085	0.454
5086	0.3395
5087	0.217
5088	0.0955
5089	0.022
5090	0.0035
5091	0.0035
5092	0.0035
5093	0.013
5094	0.0205
5095	0.0375
5096	0.119
5097	0.267
5098	0.363
5099	0.3835
5100	0.35
5101	0.356
5102	0.1805
5103	0.0135
5104	0.0025
5105	0.003
5106	0.0115
5107	0.016
5108	0.002
5109	0.0065
5110	0.008
5111	0.0155
5112	0.0395
5113	0.0945
5114	0.3075
5115	0.2955
5116	0.3545
5117	0.3305
5118	0.3235
5119	0.192
5120	0.0055
5121	0.0005
5122	0.003
5123	0.0175
5124	0.029
5125	0.03
5126	0.091
5127	0.299
5128	0.4165
5129	0.3645
5130	0.31
5131	0.3385
5132	0.2375
5133	0.011
5134	0.0005
5135	0.001
5136	0.032
5137	0.104
5138	0.185
5139	0.3205
5140	0.482
5141	0.4225
5142	0.291
5143	0.1285
5144	0.022
5145	0.002
5146	0.0005
5147	0.0005
5148	0.002
5149	0.0005
5150	0
5151	0
5152	0
5153	0
5154	0.0005
5155	0.0015
5156	0.0005
5157	0.002
5158	0.001
5159	0
5160	0.0005
5161	0
5162	0.001
5163	0.0005
5164	0.001
5165	0.0015
5166	0.0005
5167	0.0015
5168	0.001
5169	0.001
5170	0.0005
5171	0.001
5172	0.0005
5173	0.0015
5174	0.001
5175	0
5176	0.0005
5177	0.0005
5178	0.001
5179	0.0005
5180	0.001
5181	0.001
5182	0.0025
5183	0.0005
5184	0.003
5185	0.0005
5186	0.0015
5187	0.0005
5188	0.0015
5189	0.0025
5190	0.0005
5191	0.001
5192	0.002
5193	0.0015
5194	0.001
5195	0.003
5196	0.0025
5197	0.0015
5198	0.002
5199	0.001
5200	0.0005
5201	0.001
5202	0.0025
5203	0.0035
5204	0.0035
5205	0.0035
5206	0.0045
5207	0.005
5208	0.0025
5209	0.0055
5210	0.0065
5211	0.0075
5212	0.003
5213	0.004
5214	0.006
5215	0.006
5216	0.002
5217	0.005
5218	0.0085
5219	0.011
5220	0.0105
5221	0.018
5222	0.022
5223	0.0365
5224	0.033
5225	0.0375
5226	0.036
5227	0.03
5228	0.0185
5229	0.0115
5230	0.0115
5231	0.014
5232	0.011
5233	0.0215
5234	0.0945
5235	0.299
5236	0.632
5237	0.4085
5238	0.3845
5239	0.34
5240	0.19
5241	0.0085
5242	0.005
5243	0.003
5244	0.008
5245	0.0195
5246	0.0465
5247	0.2665
5248	0.2715
5249	0.3195
5250	0.3415
5251	0.267
5252	0.213
5253	0.007
5254	0.005
5255	0.004
5256	0.0085
5257	0.0085
5258	0.015
5259	0.0305
5260	0.0315
5261	0.056
5262	0.067
5263	0.135
5264	0.187
5265	0.179
5266	0.1795
5267	0.1735
5268	0.132
5269	0.0835
5270	0.018
5271	0.02
5272	0.0305
5273	0.0205
5274	0.0315
5275	0.083
5276	0.1855
5277	0.2695
5278	0.3425
5279	0.331
5280	0.3435
5281	0.204
5282	0.047
5283	0.0075
5284	0.0035
5285	0.0035
5286	0.018
5287	0.01
5288	0.014
5289	0.023
5290	0.037
5291	0.0395
5292	0.044
5293	0.0395
5294	0.034
5295	0.027
5296	0.013
5297	0.009
5298	0.007
5299	0.0095
5300	0.01
5301	0.01
5302	0.0215
5303	0.074
5304	0.1395
5305	0.262
5306	0.3325
5307	0.382
5308	0.3545
5309	0.202
5310	0.069
5311	0.0095
5312	0.0015
5313	0.004
5314	0.0025
5315	0.003
5316	0.003
5317	0.0015
5318	0.0015
5319	0.001
5320	0.002
5321	0.001
5322	0.002
5323	0.001
5324	0.0005
5325	0.0015
5326	0.001
5327	0.001
5328	0.001
5329	0
5330	0
5331	0.0005
5332	0.001
5333	0.0005
5334	0.0015
5335	0.0005
5336	0.001
5337	0
5338	0.0005
5339	0.001
5340	0
5341	0
5342	0
5343	0.0005
5344	0.0005
5345	0.0005
5346	0.001
5347	0.0005
5348	0.0005
5349	0
5350	0.0005
5351	0.0005
5352	0.0005
5353	0.0015
5354	0
5355	0.0005
5356	0
5357	0.0005
5358	0.0005
5359	0
5360	0.0005
5361	0
5362	0.0015
5363	0.0015
5364	0.001
5365	0
5366	0
5367	0.0005
5368	0.0005
5369	0
5370	0.001
5371	0.001
5372	0.001
5373	0.0005
5374	0.002
5375	0.001
5376	0.001
5377	0.0005
5378	0.001
5379	0.0005
5380	0.002
5381	0.0005
5382	0.002
5383	0.0015
5384	0.0015
5385	0.001
5386	0.002
5387	0.0015
5388	0.0015
5389	0.0015
5390	0.0035
5391	0.002
5392	0.0005
5393	0.0035
5394	0.002
5395	0.0035
5396	0.0015
5397	0.0025
5398	0.0025
5399	0.0015
5400	0.0015
5401	0.005
5402	0.001
5403	0.001
5404	0.002
5405	0.0045
5406	0.005
5407	0.0015
5408	0.0025
5409	0.0025
5410	0.0025
5411	0.003
5412	0.003
5413	0.005
5414	0.0025
5415	0.002
5416	0.004
5417	0.0025
5418	0.0045
5419	0.002
5420	0.002
5421	0.0045
5422	0.0035
5423	0.004
5424	0.0025
5425	0.005
5426	0.0045
5427	0.006
5428	0.0095
5429	0.021
5430	0.122
5431	0.3
5432	0.4
5433	0.4955
5434	0.4865
5435	0.4305
5436	0.1755
5437	0.0075
5438	0.002
5439	0.003
5440	0.0045
5441	0.0125
5442	0.0035
5443	0.008
5444	0.011
5445	0.0095
5446	0.018
5447	0.018
5448	0.0285
5449	0.0505
5450	0.1725
5451	0.1615
5452	0.205
5453	0.2615
5454	0.236
5455	0.213
5456	0.0535
5457	0.014
5458	0.028
5459	0.029
5460	0.038
5461	0.17
5462	0.4115
5463	0.5395
5464	0.396
5465	0.349
5466	0.305
5467	0.0655
5468	0.0035
5469	0.0055
5470	0.004
5471	0.019
5472	0.021
5473	0.0335
5474	0.1405
5475	0.2605
5476	0.3815
5477	0.3835
5478	0.332
5479	0.3545
5480	0.105
5481	0.011
5482	0.0035
5483	0.0025
5484	0.011
5485	0.019
5486	0.0155
5487	0.0995
5488	0.199
5489	0.2555
5490	0.3705
5491	0.3425
5492	0.367
5493	0.187
5494	0.0205
5495	0.008
5496	0.0065
5497	0.006
5498	0.0115
5499	0.0135
5500	0.03
5501	0.059
5502	0.077
5503	0.113
5504	0.1615
5505	0.2185
5506	0.1765
5507	0.126
5508	0.117
5509	0.106
5510	0.072
5511	0.023
5512	0.018
5513	0.1025
5514	0.136
5515	0.161
5516	0.198
5517	0.33
5518	0.4355
5519	0.2255
5520	0.092
5521	0.0975
5522	0.0645
5523	0.023
5524	0.0015
5525	0.002
5526	0.0325
5527	0.0445
5528	0.019
5529	0.035
5530	0.0565
5531	0.1395
5532	0.175
5533	0.165
5534	0.196
5535	0.286
5536	0.2355
5537	0.1015
5538	0.032
5539	0.0275
5540	0.04
5541	0.002
5542	0.0025
5543	0.0045
5544	0.003
5545	0.0015
5546	0
5547	0
5548	0.0005
5549	0.0005
5550	0.0005
5551	0
5552	0
5553	0
5554	0
5555	0.001
5556	0.0005
5557	0.0005
5558	0.001
5559	0.0005
5560	0.001
5561	0.0005
5562	0
5563	0.0015
5564	0.0005
5565	0
5566	0.0015
5567	0.0015
5568	0.001
5569	0.001
5570	0.0015
5571	0.0005
5572	0.001
5573	0.002
5574	0
5575	0.001
5576	0.001
5577	0.001
5578	0.0015
5579	0.002
5580	0.0025
5581	0.001
5582	0
5583	0.0005
5584	0.0005
5585	0.0005
5586	0.001
5587	0.002
5588	0.0025
5589	0.0025
5590	0.002
5591	0.0015
5592	0.0005
5593	0.002
5594	0.0015
5595	0.004
5596	0.0025
5597	0.0045
5598	0.0045
5599	0.0045
5600	0.007
5601	0.005
5602	0.003
5603	0.0005
5604	0.0025
5605	0.002
5606	0.006
5607	0.007
5608	0.0035
5609	0.0045
5610	0.007
5611	0.0085
5612	0.006
5613	0.005
5614	0.002
5615	0.004
5616	0.004
5617	0.003
5618	0.0065
5619	0.003
5620	0.0065
5621	0.011
5622	0.0235
5623	0.0635
5624	0.138
5625	0.294
5626	0.288
5627	0.327
5628	0.356
5629	0.234
5630	0.078
5631	0.0095
5632	0.004
5633	0.016
5634	0.0175
5635	0.0335
5636	0.08
5637	0.128
5638	0.1455
5639	0.1195
5640	0.1335
5641	0.0935
5642	0.0415
5643	0.0085
5644	0.0075
5645	0.0055
5646	0.0245
5647	0.0565
5648	0.2755
5649	0.3535
5650	0.4335
5651	0.4015
5652	0.3335
5653	0.2355
5654	0.0145
5655	0.005
5656	0.006
5657	0.005
5658	0.0305
5659	0.0305
5660	0.0565
5661	0.091
5662	0.1085
5663	0.1575
5664	0.1805
5665	0.204
5666	0.232
5667	0.281
5668	0.3675
5669	0.2215
5670	0.1775
5671	0.19
5672	0.087
5673	0.035
5674	0.0085
5675	0.005
5676	0.0255
5677	0.024
5678	0.028
5679	0.069
5680	0.179
5681	0.24
5682	0.243
5683	0.2945
5684	0.281
5685	0.194
5686	0.0345
5687	0.005
5688	0.0075
5689	0.0065
5690	0.005
5691	0.0035
5692	0.0035
5693	0.005
5694	0.002
5695	0.0045
5696	0.0025
5697	0.0015
5698	0.0015
5699	0.0015
5700	0.003
5701	0.0025
5702	0.0035
5703	0.0015
5704	0.0035
5705	0.002
5706	0.002
5707	0.0015
5708	0.003
5709	0.0025
5710	0.004
5711	0.0025
5712	0.0015
5713	0.001
5714	0.0005
5715	0.002
5716	0.002
5717	0.0015
5718	0.002
5719	0.001
5720	0.002
5721	0.001
5722	0
5723	0.002
5724	0.002
5725	0.0005
5726	0.001
5727	0.002
5728	0.0005
5729	0.001
5730	0.0005
5731	0.0015
5732	0.001
5733	0.001
5734	0.0015
5735	0.001
5736	0
5737	0
5738	0.0005
5739	0.0005
5740	0.001
5741	0.0005
5742	0
5743	0
5744	0
5745	0.0015
5746	0.0005
5747	0.001
5748	0
5749	0.002
5750	0.0005
5751	0.0005
5752	0.0005
5753	0.001
5754	0.0005
5755	0
5756	0
5757	0.001
5758	0
5759	0.001
5760	0.0015
5761	0.001
5762	0.001
5763	0.001
5764	0
5765	0.0005
5766	0.001
5767	0.001
5768	0.0005
5769	0
5770	0
5771	0.0015
5772	0.0015
5773	0.0005
5774	0.001
5775	0.0005
5776	0.001
5777	0.0005
5778	0.001
5779	0.002
5780	0.001
5781	0.0015
5782	0.0015
5783	0.0015
5784	0.0025
5785	0.0005
5786	0.0045
5787	0.001
5788	0.001
5789	0.0035
5790	0.0015
5791	0.002
5792	0.0015
5793	0.002
5794	0.0005
5795	0.0015
5796	0.0015
5797	0.001
5798	0.002
5799	0.0035
5800	0.0015
5801	0.003
5802	0.0025
5803	0.002
5804	0.004
5805	0.003
5806	0.0025
5807	0.0035
5808	0.004
5809	0.004
5810	0.003
5811	0.0035
5812	0.0035
5813	0.003
5814	0.0035
5815	0.0055
5816	0.0045
5817	0.0035
5818	0.0025
5819	0.003
5820	0.0035
5821	0.006
5822	0.0065
5823	0.004
5824	0.008
5825	0.008
5826	0.009
5827	0.0105
5828	0.008
5829	0.009
5830	0.008
5831	0.0105
5832	0.02
5833	0.065
5834	0.193
5835	0.2325
5836	0.257
5837	0.241
5838	0.212
5839	0.131
5840	0.0095
5841	0.003
5842	0.0055
5843	0.005
5844	0.012
5845	0.0045
5846	0.006
5847	0.011
5848	0.016
5849	0.0355
5850	0.0335
5851	0.046
5852	0.0935
5853	0.0955
5854	0.087
5855	0.066
5856	0.0665
5857	0.0925
5858	0.0455
5859	0.032
5860	0.08
5861	0.209
5862	0.321
5863	0.368
5864	0.3625
5865	0.449
5866	0.252
5867	0.0425
5868	0.007
5869	0.003
5870	0.003
5871	0.006
5872	0.0035
5873	0.001
5874	0.0025
5875	0.004
5876	0.005
5877	0.006
5878	0.006
5879	0.0045
5880	0.009
5881	0.0095
5882	0.023
5883	0.058
5884	0.1965
5885	0.2885
5886	0.307
5887	0.3715
5888	0.377
5889	0.3015
5890	0.0605
5891	0.0045
5892	0.0075
5893	0.0185
5894	0.0195
5895	0.0465
5896	0.107
5897	0.223
5898	0.345
5899	0.332
5900	0.3135
5901	0.274
5902	0.1255
5903	0.0255
5904	0.003
5905	0.0035
5906	0.0195
5907	0.0845
5908	0.3095
5909	0.5765
5910	0.469
5911	0.447
5912	0.3845
5913	0.2275
5914	0.011
5915	0.0005
5916	0.001
5917	0.017
5918	0.0875
5919	0.188
5920	0.2895
5921	0.244
5922	0.237
5923	0.257
5924	0.088
5925	0.005
5926	0
5927	0.0005
5928	0.001
5929	0.0005
5930	0.002
5931	0.003
5932	0.0015
5933	0.0005
5934	0.0015
5935	0.0015
5936	0.0005
5937	0.0005
5938	0.001
5939	0.0015
5940	0
5941	0.0005
5942	0
5943	0
5944	0.001
5945	0
5946	0
5947	0.0005
5948	0
5949	0
5950	0.0005
5951	0.0015
5952	0.0005
5953	0.0005
5954	0.001
5955	0
5956	0.001
5957	0.0005
5958	0
5959	0.0005
5960	0.0005
5961	0.0015
5962	0.0015
5963	0.0005
5964	0.0005
5965	0.001
5966	0
5967	0.0015
5968	0.0005
5969	0.0015
5970	0.002
5971	0
5972	0.0005
5973	0.002
5974	0.0015
5975	0.0005
5976	0.0005
5977	0.0005
5978	0.0005
5979	0.0005
5980	0.0015
5981	0.001
5982	0
5983	0.0005
5984	0.0015
5985	0.0005
5986	0.0015
5987	0.0015
5988	0.004
5989	0.0035
5990	0.001
5991	0.0025
5992	0.002
5993	0.0025
5994	0.003
5995	0.0015
5996	0.003
5997	0.002
5998	0.0015
5999	0.001
6000	0.0045
6001	0.004
6002	0.003
6003	0.003
6004	0.003
6005	0.004
6006	0.004
6007	0.004
6008	0.002
6009	0.004
6010	0.0015
6011	0.003
6012	0.0045
6013	0.0015
6014	0.0065
6015	0.003
6016	0.0025
6017	0.0055
6018	0.003
6019	0.0045
6020	0.0045
6021	0.002
6022	0.0035
6023	0.0045
6024	0.004
6025	0.004
6026	0.0035
6027	0.002
6028	0.0035
6029	0.0035
6030	0.004
6031	0.007
6032	0.0065
6033	0.0055
6034	0.0055
6035	0.005
6036	0.011
6037	0.011
6038	0.0085
6039	0.0195
6040	0.0545
6041	0.1115
6042	0.1735
6043	0.107
6044	0.12
6045	0.148
6046	0.0735
6047	0.0155
6048	0.005
6049	0.008
6050	0.0355
6051	0.038
6052	0.055
6053	0.1225
6054	0.28
6055	0.2625
6056	0.2305
6057	0.239
6058	0.2125
6059	0.1025
6060	0.013
6061	0.005
6062	0.032
6063	0.1575
6064	0.3185
6065	0.3205
6066	0.282
6067	0.2945
6068	0.2655
6069	0.0555
6070	0.0045
6071	0.0045
6072	0.0045
6073	0.016
6074	0.03
6075	0.066
6076	0.278
6077	0.47
6078	0.4655
6079	0.3825
6080	0.3295
6081	0.244
6082	0.018
6083	0.0045
6084	0.0065
6085	0.006
6086	0.086
6087	0.148
6088	0.1965
6089	0.4075
6090	0.2835
6091	0.2605
6092	0.0945
6093	0.0155
6094	0.0045
6095	0.0015
6096	0.0015
6097	0.0025
6098	0.0015
6099	0.0025
6100	0.0025
6101	0.003
6102	0.0035
6103	0.002
6104	0.003
6105	0.0025
6106	0.002
6107	0.003
6108	0.0045
6109	0.002
6110	0.003
6111	0.001
6112	0.002
6113	0.0015
6114	0.001
6115	0.002
6116	0.001
6117	0.0035
6118	0.001
6119	0.0015
6120	0.0015
6121	0.001
6122	0.0005
6123	0.001
6124	0.001
6125	0.0005
6126	0.0015
6127	0.002
6128	0.0015
6129	0.001
6130	0.0025
6131	0.0005
6132	0
6133	0.0005
6134	0.0015
6135	0.0005
6136	0.0005
6137	0.001
6138	0.0015
6139	0.0005
6140	0.0005
6141	0.0005
6142	0.0005
6143	0.0005
6144	0
6145	0.0005
6146	0.001
6147	0.0005
6148	0
6149	0.0005
6150	0.0015
6151	0.0005
6152	0.0005
6153	0
6154	0
6155	0.002
6156	0
6157	0
6158	0.0005
6159	0.001
6160	0.0005
6161	0.0005
6162	0.0005
6163	0
6164	0.002
6165	0.0015
6166	0.0005
6167	0
6168	0.0005
6169	0
6170	0.0015
6171	0.001
6172	0.0005
6173	0.001
6174	0.0015
6175	0.0015
6176	0.0005
6177	0.0015
6178	0.001
6179	0.002
6180	0.003
6181	0.0005
6182	0.0025
6183	0.0015
6184	0.0025
6185	0.0015
6186	0.0015
6187	0.0015
6188	0.0005
6189	0.0015
6190	0.0015
6191	0.0015
6192	0.0015
6193	0.003
6194	0.001
6195	0.0005
6196	0.003
6197	0.004
6198	0.003
6199	0.0025
6200	0.003
6201	0.001
6202	0.001
6203	0.0015
6204	0.0055
6205	0.001
6206	0.0015
6207	0.0035
6208	0.0025
6209	0.002
6210	0.0075
6211	0.0035
6212	0.0025
6213	0.0035
6214	0.0045
6215	0.0045
6216	0.0025
6217	0.002
6218	0.0015
6219	0.0035
6220	0.006
6221	0.0045
6222	0.0045
6223	0.0035
6224	0.005
6225	0.009
6226	0.012
6227	0.0245
6228	0.09
6229	0.25
6230	0.2985
6231	0.347
6232	0.2735
6233	0.259
6234	0.109
6235	0.003
6236	0.005
6237	0.0045
6238	0.007
6239	0.011
6240	0.0155
6241	0.0505
6242	0.1615
6243	0.2775
6244	0.3655
6245	0.359
6246	0.3195
6247	0.209
6248	0.046
6249	0.005
6250	0.0015
6251	0.0025
6252	0.007
6253	0.0055
6254	0.002
6255	0.005
6256	0.0085
6257	0.019
6258	0.0435
6259	0.184
6260	0.3395
6261	0.4185
6262	0.4435
6263	0.427
6264	0.362
6265	0.0955
6266	0.0025
6267	0.005
6268	0.0035
6269	0.0105
6270	0.017
6271	0.0105
6272	0.037
6273	0.09
6274	0.147
6275	0.256
6276	0.196
6277	0.2055
6278	0.185
6279	0.0785
6280	0.0285
6281	0.0065
6282	0.0045
6283	0.015
6284	0.0125
6285	0.0215
6286	0.0655
6287	0.125
6288	0.102
6289	0.1205
6290	0.1595
6291	0.2315
6292	0.1325
6293	0.041
6294	0.046
6295	0.161
6296	0.139
6297	0.0605
6298	0.0755
6299	0.288
6300	0.348
6301	0.11
6302	0.0585
6303	0.1595
6304	0.2395
6305	0.012
6306	0.002
6307	0.0065
6308	0.2195
6309	0.16
6310	0.065
6311	0.169
6312	0.512
6313	0.5035
6314	0.0645
6315	0.02
6316	0.203
6317	0.222
6318	0.004
6319	0.0015
6320	0.0225
6321	0.2245
6322	0.085
6323	0.028
6324	0.119
6325	0.432
6326	0.386
6327	0.062
6328	0.054
6329	0.322
6330	0.2205
6331	0.0015
6332	0.0015
6333	0.0425
6334	0.2375
6335	0.0265
6336	0.014
6337	0.1955
6338	0.35
6339	0.325
6340	0.031
6341	0.0395
6342	0.3915
6343	0.111
6344	0.0045
6345	0.019
6346	0.21
6347	0.366
6348	0.0465
6349	0.0295
6350	0.451
6351	0.4815
6352	0.1165
6353	0.008
6354	0.091
6355	0.3875
6356	0.0045
6357	0.0005
6358	0.0295
6359	0.2375
6360	0.216
6361	0.011
6362	0.027
6363	0.423
6364	0.2715
6365	0.0255
6366	0.0065
6367	0.098
6368	0.229
6369	0.0005
6370	0
6371	0.1195
6372	0.417
6373	0.2995
6374	0.161
6375	0.359
6376	0.521
6377	0.2075
6378	0.0045
6379	0.002
6380	0.054
6381	0.0305
6382	0.003
6383	0.003
6384	0.103
6385	0.3465
6386	0.267
6387	0.3455
6388	0.4555
6389	0.3945
6390	0.1425
6391	0.0035
6392	0.0005
6393	0.004
6394	0.0025
6395	0.003
6396	0.0045
6397	0.005
6398	0.0035
6399	0.004
6400	0.0065
6401	0.009
6402	0.0075
6403	0.0105
6404	0.011
6405	0.028
6406	0.091
6407	0.1445
6408	0.256
6409	0.396
6410	0.393
6411	0.4065
6412	0.2515
6413	0.1075
6414	0.0415
6415	0.003
6416	0.004
6417	0.014
6418	0.038
6419	0.204
6420	0.3815
6421	0.4605
6422	0.4615
6423	0.324
6424	0.259
6425	0.0205
6426	0.004
6427	0.0035
6428	0.003
6429	0.0065
6430	0.004
6431	0.005
6432	0.006
6433	0.003
6434	0.0045
6435	0.004
6436	0.0035
6437	0.003
6438	0.0035
6439	0.001
6440	0.0045
6441	0.0045
6442	0.008
6443	0.006
6444	0.0065
6445	0.022
6446	0.053
6447	0.1285
6448	0.1745
6449	0.195
6450	0.2255
6451	0.233
6452	0.164
6453	0.0575
6454	0.018
6455	0.0225
6456	0.038
6457	0.0425
6458	0.0965
6459	0.158
6460	0.3585
6461	0.3775
6462	0.34
6463	0.2895
6464	0.23
6465	0.065
6466	0.0025
6467	0.005
6468	0.004
6469	0.0105
6470	0.0085
6471	0.0065
6472	0.0105
6473	0.0225
6474	0.0415
6475	0.048
6476	0.124
6477	0.2125
6478	0.2845
6479	0.3225
6480	0.3045
6481	0.2795
6482	0.166
6483	0.0285
6484	0.0085
6485	0.0065
6486	0.0115
6487	0.0135
6488	0.0075
6489	0.0095
6490	0.022
6491	0.0755
6492	0.127
6493	0.2525
6494	0.463
6495	0.4495
6496	0.3595
6497	0.216
6498	0.092
6499	0.022
6500	0.0035
6501	0.002
6502	0.004
6503	0.0085
6504	0.0045
6505	0.004
6506	0.0055
6507	0.008
6508	0.005
6509	0.0035
6510	0.003
6511	0.0025
6512	0.0015
6513	0.001
6514	0.003
6515	0.0015
6516	0.0015
6517	0.0005
6518	0.0005
6519	0.004
6520	0.0015
6521	0.0005
6522	0.0015
6523	0.0015
6524	0.001
6525	0.0005
6526	0.0005
6527	0.001
6528	0.0005
6529	0.0025
6530	0.0005
6531	0
6532	0.0005
6533	0
6534	0.001
6535	0.0005
6536	0
6537	0.0005
6538	0.001
6539	0.0005
6540	0
6541	0.0005
6542	0
6543	0
6544	0.0005
6545	0.0005
6546	0.0015
6547	0.0015
6548	0.0005
6549	0.0015
6550	0.0005
6551	0.001
6552	0.0005
6553	0
6554	0.0005
6555	0.0005
6556	0.0005
6557	0.0005
6558	0.0005
6559	0.0005
6560	0
6561	0.001
6562	0
6563	0.0005
6564	0
6565	0
6566	0.0015
6567	0.002
6568	0.0005
6569	0.001
6570	0
6571	0.0005
6572	0.001
6573	0.001
6574	0.001
6575	0
6576	0.001
6577	0.0005
6578	0.001
6579	0.0035
6580	0.002
6581	0.002
6582	0.001
6583	0.001
6584	0.0015
6585	0.004
6586	0.0005
6587	0.001
6588	0.0035
6589	0.003
6590	0.002
6591	0.0015
6592	0.0005
6593	0.001
6594	0.0015
6595	0.0005
6596	0.0035
6597	0.0025
6598	0.0025
6599	0.003
6600	0.0055
6601	0.003
6602	0.0025
6603	0.0035
6604	0.005
6605	0.0015
6606	0.0025
6607	0.006
6608	0.003
6609	0.004
6610	0.002
6611	0.003
6612	0.0025
6613	0.0025
6614	0.002
6615	0.003
6616	0.002
6617	0.0035
6618	0.004
6619	0.004
6620	0.004
6621	0.004
6622	0.005
6623	0.0035
6624	0.0035
6625	0.005
6626	0.0055
6627	0.004
6628	0.003
6629	0.003
6630	0.0055
6631	0.005
6632	0.006
6633	0.005
6634	0.0045
6635	0.0045
6636	0.0045
6637	0.008
6638	0.0065
6639	0.0085
6640	0.013
6641	0.0195
6642	0.0445
6643	0.071
6644	0.092
6645	0.1015
6646	0.152
6647	0.156
6648	0.233
6649	0.1135
6650	0.0885
6651	0.098
6652	0.0835
6653	0.073
6654	0.0345
6655	0.0255
6656	0.094
6657	0.206
6658	0.117
6659	0.189
6660	0.2105
6661	0.3465
6662	0.1625
6663	0.036
6664	0.022
6665	0.083
6666	0.051
6667	0.0105
6668	0.0095
6669	0.198
6670	0.4365
6671	0.393
6672	0.368
6673	0.4835
6674	0.3795
6675	0.0495
6676	0.0035
6677	0.002
6678	0.005
6679	0.006
6680	0.0035
6681	0.0025
6682	0.0065
6683	0.0055
6684	0.0065
6685	0.006
6686	0.009
6687	0.01
6688	0.0095
6689	0.0105
6690	0.011
6691	0.0085
6692	0.009
6693	0.007
6694	0.005
6695	0.003
6696	0.004
6697	0.002
6698	0.0025
6699	0.0025
6700	0.002
6701	0.004
6702	0.002
6703	0.0045
6704	0.002
6705	0.004
6706	0.002
6707	0.0015
6708	0.004
6709	0.0025
6710	0.003
6711	0.0035
6712	0.0015
6713	0.0015
6714	0.004
6715	0.0025
6716	0
6717	0.0005
6718	0.0035
6719	0.002
6720	0.0015
6721	0.0015
6722	0.0015
6723	0.001
6724	0.001
6725	0.0025
6726	0.001
6727	0.0005
6728	0.0005
6729	0.001
6730	0.001
6731	0
6732	0.0005
6733	0.0005
6734	0.0015
6735	0.001
6736	0.001
6737	0.0005
6738	0
6739	0.0005
6740	0.0005
6741	0
6742	0.0005
6743	0
6744	0.0005
6745	0.0005
6746	0
6747	0
6748	0
6749	0.0005
6750	0.002
6751	0
6752	0
6753	0.001
6754	0.0005
6755	0.0005
6756	0
6757	0.0005
6758	0.0015
6759	0.0005
6760	0.0005
6761	0
6762	0.002
6763	0.002
6764	0.001
6765	0.0015
6766	0
6767	0
6768	0.0015
6769	0.0005
6770	0.0005
6771	0.0005
6772	0.001
6773	0.001
6774	0.0005
6775	0
6776	0.0005
6777	0
6778	0.002
6779	0.001
6780	0.002
6781	0.001
6782	0.001
6783	0.001
6784	0.0005
6785	0.0015
6786	0.0015
6787	0.0035
6788	0.002
6789	0.003
6790	0.0025
6791	0.001
6792	0.002
6793	0.003
6794	0.002
6795	0.0005
6796	0.002
6797	0.0035
6798	0.0025
6799	0.002
6800	0.0015
6801	0.0015
6802	0.0035
6803	0.0025
6804	0.003
6805	0.0035
6806	0.002
6807	0.002
6808	0.0025
6809	0.002
6810	0.0025
6811	0.003
6812	0.004
6813	0.0085
6814	0.006
6815	0.011
6816	0.0135
6817	0.0265
6818	0.0675
6819	0.143
6820	0.321
6821	0.336
6822	0.3815
6823	0.368
6824	0.2795
6825	0.1025
6826	0.0085
6827	0.0065
6828	0.0075
6829	0.0175
6830	0.0455
6831	0.09
6832	0.352
6833	0.4165
6834	0.464
6835	0.4375
6836	0.3435
6837	0.206
6838	0.008
6839	0.006
6840	0.005
6841	0.0175
6842	0.085
6843	0.1425
6844	0.3275
6845	0.311
6846	0.2765
6847	0.2675
6848	0.1605
6849	0.0445
6850	0.005
6851	0.0035
6852	0.0085
6853	0.074
6854	0.134
6855	0.301
6856	0.3455
6857	0.348
6858	0.3375
6859	0.1955
6860	0.051
6861	0.008
6862	0.0025
6863	0.008
6864	0.0315
6865	0.188
6866	0.343
6867	0.4275
6868	0.4665
6869	0.4025
6870	0.325
6871	0.054
6872	0.006
6873	0.0035
6874	0.0015
6875	0.0025
6876	0.006
6877	0.003
6878	0.004
6879	0.006
6880	0.0035
6881	0.006
6882	0.004
6883	0.005
6884	0.0035
6885	0.0045
6886	0.0035
6887	0.002
6888	0.0025
6889	0.002
6890	0.001
6891	0.0045
6892	0.0045
6893	0.002
6894	0.0025
6895	0.004
6896	0.008
6897	0.0075
6898	0.0105
6899	0.04
6900	0.166
6901	0.3485
6902	0.319
6903	0.3545
6904	0.3995
6905	0.3015
6906	0.065
6907	0.0015
6908	0.001
6909	0.0095
6910	0.008
6911	0.0095
6912	0.0065
6913	0.017
6914	0.072
6915	0.2295
6916	0.308
6917	0.4165
6918	0.4425
6919	0.4035
6920	0.3
6921	0.0525
6922	0.004
6923	0.0015
6924	0.0035
6925	0.01
6926	0.0145
6927	0.012
6928	0.0365
6929	0.1335
6930	0.312
6931	0.3565
6932	0.427
6933	0.39
6934	0.3675
6935	0.141
6936	0.0055
6937	0.0015
6938	0.0015
6939	0.006
6940	0.0135
6941	0.003
6942	0.0055
6943	0.0045
6944	0.008
6945	0.0075
6946	0
6947	0.0005
6948	0.0015
6949	0.0005
6950	0.001
6951	0.001
6952	0.001
6953	0.0005
6954	0
6955	0
6956	0
6957	0.0005
6958	0.0005
6959	0.0005
6960	0.0015
6961	0.001
6962	0.0005
6963	0.0005
6964	0.001
6965	0.0005
6966	0.001
6967	0.002
6968	0
6969	0.001
6970	0
6971	0.002
6972	0.001
6973	0.002
6974	0
6975	0.002
6976	0.001
6977	0.001
6978	0.001
6979	0.0005
6980	0.0005
6981	0.002
6982	0.0005
6983	0.0015
6984	0.0005
6985	0.001
6986	0.002
6987	0.002
6988	0.0005
6989	0.0015
6990	0.0005
6991	0.0015
6992	0.003
6993	0.004
6994	0.001
6995	0.003
6996	0.002
6997	0.002
6998	0.001
6999	0.0035
7000	0.0005
7001	0.0025
7002	0.0045
7003	0.002
7004	0.005
7005	0.0025
7006	0.004
7007	0.002
7008	0.005
7009	0.003
7010	0.0045
7011	0.0005
7012	0.004
7013	0.002
7014	0.003
7015	0.004
7016	0.003
7017	0.003
7018	0.0035
7019	0.006
7020	0.005
7021	0.003
7022	0.005
7023	0.0035
7024	0.0055
7025	0.0035
7026	0.004
7027	0.004
7028	0.0055
7029	0.0065
7030	0.006
7031	0.0075
7032	0.011
7033	0.0175
7034	0.0195
7035	0.0285
7036	0.043
7037	0.0745
7038	0.088
7039	0.142
7040	0.2385
7041	0.3015
7042	0.2575
7043	0.2215
7044	0.1655
7045	0.1325
7046	0.0405
7047	0.008
7048	0.011
7049	0.0775
7050	0.1695
7051	0.13
7052	0.1595
7053	0.3005
7054	0.321
7055	0.193
7056	0.0435
7057	0.035
7058	0.1155
7059	0.0475
7060	0.025
7061	0.1345
7062	0.4485
7063	0.56
7064	0.299
7065	0.345
7066	0.4205
7067	0.167
7068	0.006
7069	0.006
7070	0.006
7071	0.0725
7072	0.0545
7073	0.038
7074	0.167
7075	0.216
7076	0.3305
7077	0.1705
7078	0.1405
7079	0.2735
7080	0.066
7081	0.0125
7082	0.0065
7083	0.015
7084	0.128
7085	0.042
7086	0.0385
7087	0.1795
7088	0.3435
7089	0.249
7090	0.0585
7091	0.063
7092	0.266
7093	0.0415
7094	0.003
7095	0.0035
7096	0.0725
7097	0.201
7098	0.047
7099	0.046
7100	0.343
7101	0.2545
7102	0.203
7103	0.0375
7104	0.085
7105	0.4135
7106	0.017
7107	0.0055
7108	0.192
7109	0.2725
7110	0.2855
7111	0.006
7112	0.0085
7113	0.3925
7114	0.0575
7115	0.012
7116	0.035
7117	0.1335
7118	0.2055
7119	0.003
7120	0.002
7121	0.1785
7122	0.1995
7123	0.0945
7124	0.0335
7125	0.1545
7126	0.494
7127	0.0915
7128	0.044
7129	0.22
7130	0.3495
7131	0.1555
7132	0.001
7133	0.003
7134	0.254
7135	0.07
7136	0.0095
7137	0.0385
7138	0.233
7139	0.3685
7140	0.018
7141	0.018
7142	0.2525
7143	0.3685
7144	0.0545
7145	0.006
7146	0.0635
7147	0.52
7148	0.111
7149	0.0385
7150	0.1795
7151	0.458
7152	0.3115
7153	0.0025
7154	0.0015
7155	0.286
7156	0.1065
7157	0.0015
7158	0.0035
7159	0.233
7160	0.339
7161	0.0265
7162	0.019
7163	0.4095
7164	0.384
7165	0.049
7166	0.0055
7167	0.0525
7168	0.238
7169	0.0005
7170	0.0025
7171	0.0435
7172	0.3075
7173	0.4405
7174	0.1485
7175	0.247
7176	0.583
7177	0.373
7178	0.025
7179	0.0015
7180	0.0095
7181	0.136
7182	0.002
7183	0.001
7184	0.3725
7185	0.363
7186	0.45
7187	0.1445
7188	0.2145
7189	0.4055
7190	0.002
7191	0.003
7192	0.0035
7193	0.024
7194	0.194
7195	0.157
7196	0.3995
7197	0.7525
7198	0.436
7199	0.3915
7200	0.0905
7201	0.035
7202	0.01
7203	0.0055
7204	0.003
7205	0.241
7206	0.3775
7207	0.506
7208	0.463
7209	0.4465
7210	0.455
7211	0.0265
7212	0.0045
7213	0.005
7214	0.0005
7215	0.003
7216	0.005
7217	0.0025
7218	0.0035
7219	0.004
7220	0.0075
7221	0.0055
7222	0.0055
7223	0.004
7224	0.0075
7225	0.006
7226	0.0115
7227	0.011
7228	0.022
7229	0.0495
7230	0.1145
7231	0.1425
7232	0.1875
7233	0.1935
7234	0.248
7235	0.2255
7236	0.1055
7237	0.055
7238	0.0595
7239	0.093
7240	0.0875
7241	0.076
7242	0.1315
7243	0.302
7244	0.383
7245	0.2605
7246	0.2205
7247	0.3035
7248	0.234
7249	0.022
7250	0.005
7251	0.012
7252	0.0955
7253	0.094
7254	0.03
7255	0.0985
7256	0.3305
7257	0.33
7258	0.1385
7259	0.0875
7260	0.187
7261	0.2045
7262	0.006
7263	0.003
7264	0.0225
7265	0.2405
7266	0.1255
7267	0.071
7268	0.1275
7269	0.2785
7270	0.231
7271	0.014
7272	0.005
7273	0.176
7274	0.2585
7275	0.0425
7276	0.018
7277	0.188
7278	0.245
7279	0.057
7280	0.0065
7281	0.0355
7282	0.185
7283	0.029
7284	0.005
7285	0.031
7286	0.124
7287	0.241
7288	0.0665
7289	0.1035
7290	0.5585
7291	0.317
7292	0.151
7293	0.065
7294	0.11
7295	0.2315
7296	0.006
7297	0.003
7298	0.117
7299	0.301
7300	0.196
7301	0.107
7302	0.174
7303	0.364
7304	0.1295
7305	0.005
7306	0.0045
7307	0.149
7308	0.2605
7309	0.0345
7310	0.036
7311	0.2635
7312	0.3495
7313	0.106
7314	0.0125
7315	0.069
7316	0.4235
7317	0.0585
7318	0.0085
7319	0.052
7320	0.2985
7321	0.3605
7322	0.014
7323	0.014
7324	0.5115
7325	0.3065
7326	0.0335
7327	0.003
7328	0.0875
7329	0.3015
7330	0.001
7331	0.0005
7332	0.2635
7333	0.5615
7334	0.27
7335	0.05
7336	0.0765
7337	0.3565
7338	0.014
7339	0.002
7340	0.0005
7341	0.089
7342	0.226
7343	0.0385
7344	0.043
7345	0.503
7346	0.287
7347	0.1225
7348	0.017
7349	0.0415
7350	0.199
7351	0
7352	0.002
7353	0.0445
7354	0.1775
7355	0.2615
7356	0.1225
7357	0.1675
7358	0.5295
7359	0.2715
7360	0.08
7361	0.018
7362	0.0665
7363	0.257
7364	0.002
7365	0.001
7366	0.187
7367	0.375
7368	0.233
7369	0.048
7370	0.0685
7371	0.369
7372	0.031
7373	0.001
7374	0.002
7375	0.0845
7376	0.223
7377	0.007
7378	0.007
7379	0.3815
7380	0.307
7381	0.129
7382	0.018
7383	0.049
7384	0.275
7385	0.0015
7386	0.002
7387	0.038
7388	0.225
7389	0.187
7390	0.0465
7391	0.05
7392	0.33
7393	0.2745
7394	0.02
7395	0.007
7396	0.201
7397	0.436
7398	0.053
7399	0.022
7400	0.279
7401	0.487
7402	0.115
7403	0.008
7404	0.029
7405	0.4245
7406	0.0685
7407	0.0065
7408	0.0305
7409	0.3715
7410	0.315
7411	0.0105
7412	0.006
7413	0.2525
7414	0.2525
7415	0.005
7416	0.004
7417	0.0885
7418	0.2665
7419	0.0415
7420	0.019
7421	0.226
7422	0.4265
7423	0.3075
7424	0.0735
7425	0.1325
7426	0.4945
7427	0.127
7428	0.0085
7429	0.021
7430	0.179
7431	0.1635
7432	0.0055
7433	0.0055
7434	0.1335
7435	0.258
7436	0.061
7437	0.0235
7438	0.248
7439	0.2685
7440	0.0895
7441	0.013
7442	0.034
7443	0.1785
7444	0.0125
7445	0.005
7446	0.017
7447	0.1795
7448	0.2275
7449	0.051
7450	0.0665
7451	0.297
7452	0.2255
7453	0.0225
7454	0.007
7455	0.033
7456	0.26
7457	0.019
7458	0.005
7459	0.1405
7460	0.31
7461	0.258
7462	0.021
7463	0.023
7464	0.401
7465	0.1135
7466	0.012
7467	0.015
7468	0.1895
7469	0.408
7470	0.0085
7471	0.007
7472	0.2705
7473	0.23
7474	0.039
7475	0.005
7476	0.007
7477	0.1865
7478	0.0035
7479	0.004
7480	0.058
7481	0.141
7482	0.257
7483	0.0155
7484	0.0155
7485	0.216
7486	0.1965
7487	0.0645
7488	0.0185
7489	0.0775
7490	0.5135
7491	0.087
7492	0.056
7493	0.2275
7494	0.3365
7495	0.305
7496	0.0035
7497	0.0015
7498	0.442
7499	0.125
7500	0.0695
7501	0.195
7502	0.3425
7503	0.3545
7504	0.0035
7505	0.0025
7506	0.1685
7507	0.078
7508	0.006
7509	0.0125
7510	0.1705
7511	0.362
7512	0.09
7513	0.093
7514	0.3925
7515	0.3905
7516	0.1025
7517	0.005
7518	0.0135
7519	0.225
7520	0.006
7521	0.0015
7522	0.0295
7523	0.19
7524	0.2615
7525	0.0255
7526	0.033
7527	0.331
7528	0.3065
7529	0.0315
7530	0.0045
7531	0.04
7532	0.256
7533	0.008
7534	0.0015
7535	0.0905
7536	0.32
7537	0.3855
7538	0.1025
7539	0.175
7540	0.6335
7541	0.343
7542	0.044
7543	0.016
7544	0.165
7545	0.3015
7546	0.0015
7547	0.0015
7548	0.1745
7549	0.309
7550	0.177
7551	0.028
7552	0.122
7553	0.464
7554	0.121
7555	0.0175
7556	0.0525
7557	0.255
7558	0.2655
7559	0.006
7560	0.004
7561	0.266
7562	0.2695
7563	0.043
7564	0.014
7565	0.1675
7566	0.543
7567	0.0445
7568	0.01
7569	0.138
7570	0.331
7571	0.095
7572	0.001
7573	0.0005
7574	0.2645
7575	0.1195
7576	0.0125
7577	0.027
7578	0.3185
7579	0.4175
7580	0.025
7581	0.0105
7582	0.2775
7583	0.3525
7584	0.01
7585	0.003
7586	0.024
7587	0.1905
7588	0.0135
7589	0.004
7590	0.031
7591	0.198
7592	0.291
7593	0.07
7594	0.132
7595	0.51
7596	0.269
7597	0.0455
7598	0.0075
7599	0.036
7600	0.114
7601	0.004
7602	0.0015
7603	0.0455
7604	0.196
7605	0.2015
7606	0.148
7607	0.2275
7608	0.4295
7609	0.286
7610	0.0575
7611	0.019
7612	0.11
7613	0.2185
7614	0.012
7615	0.0135
7616	0.2635
7617	0.3415
7618	0.206
7619	0.0885
7620	0.1425
7621	0.4175
7622	0.022
7623	0.0055
7624	0.015
7625	0.2215
7626	0.233
7627	0.023
7628	0.0365
7629	0.483
7630	0.432
7631	0.073
7632	0.0215
7633	0.216
7634	0.453
7635	0.005
7636	0.005
7637	0.111
7638	0.3555
7639	0.162
7640	0.0265
7641	0.099
7642	0.537
7643	0.2475
7644	0.021
7645	0.032
7646	0.327
7647	0.3375
7648	0.007
7649	0.0045
7650	0.303
7651	0.4445
7652	0.0365
7653	0.016
7654	0.178
7655	0.379
7656	0.021
7657	0.0065
7658	0.0155
7659	0.2045
7660	0.137
7661	0.0175
7662	0.051
7663	0.513
7664	0.3515
7665	0.068
7666	0.0515
7667	0.1995
7668	0.2455
7669	0.0035
7670	0.0035
7671	0.103
7672	0.298
7673	0.1435
7674	0.096
7675	0.272
7676	0.2855
7677	0.1195
7678	0.006
7679	0.0045
7680	0.1305
7681	0.0285
7682	0.003
7683	0.049
7684	0.2745
7685	0.327
7686	0.129
7687	0.166
7688	0.502
7689	0.2965
7690	0.022
7691	0.003
7692	0.0335
7693	0.1745
7694	0.005
7695	0.001
7696	0.145
7697	0.4515
7698	0.522
7699	0.1575
7700	0.2505
7701	0.5705
7702	0.14
7703	0.003
7704	0.0025
7705	0.008
7706	0.165
7707	0.0095
7708	0.0035
7709	0.1675
7710	0.2855
7711	0.3055
7712	0.041
7713	0.051
7714	0.3085
7715	0.043
7716	0.004
7717	0.0055
7718	0.061
7719	0.25
7720	0.0385
7721	0.028
7722	0.3275
7723	0.3365
7724	0.2495
7725	0.0265
7726	0.0365
7727	0.321
7728	0.012
7729	0.003
7730	0.055
7731	0.284
7732	0.4345
7733	0.0585
7734	0.0655
7735	0.444
7736	0.261
7737	0.016
7738	0
7739	0.013
7740	0.3415
7741	0.0085
7742	0.0025
7743	0.199
7744	0.232
7745	0.2555
7746	0.0005
7747	0.0005
7748	0.273
7749	0.0295
7750	0.0065
7751	0.08
7752	0.2615
7753	0.481
7754	0.063
7755	0.0765
7756	0.5675
7757	0.328
7758	0.083
7759	0.007
7760	0.046
7761	0.4285
7762	0.0015
7763	0.001
7764	0.1845
7765	0.277
7766	0.3075
7767	0.004
7768	0.0085
7769	0.494
7770	0.0895
7771	0.0285
7772	0.0865
7773	0.2705
7774	0.4205
7775	0.002
7776	0.0015
7777	0.352
7778	0.3925
7779	0.0845
7780	0.016
7781	0.088
7782	0.3275
7783	0.0035
7784	0.0025
7785	0.006
7786	0.0965
7787	0.156
7788	0.0075
7789	0.022
7790	0.415
7791	0.2665
7792	0.1165
7793	0.058
7794	0.145
7795	0.319
7796	0.0025
7797	0.003
7798	0.0925
7799	0.306
7800	0.272
7801	0.0725
7802	0.115
7803	0.438
7804	0.248
7805	0.02
7806	0.009
7807	0.189
7808	0.344
7809	0.0145
7810	0.0045
7811	0.123
7812	0.1545
7813	0.0255
7814	0.0035
7815	0.0055
7816	0.2555
7817	0.188
7818	0.1065
7819	0.352
7820	0.3045
7821	0.2825
7822	0.01
7823	0.003
7824	0.019
7825	0.006
7826	0.0035
7827	0.006
7828	0.011
7829	0.034
7830	0.0495
7831	0.0945
7832	0.137
7833	0.092
7834	0.1095
7835	0.0795
7836	0.044
7837	0.0175
7838	0.005
7839	0.0065
7840	0.0145
7841	0.0155
7842	0.0475
7843	0.104
7844	0.1945
7845	0.2735
7846	0.414
7847	0.385
7848	0.3335
7849	0.1875
7850	0.0765
7851	0.0205
7852	0.0085
7853	0.009
7854	0.034
7855	0.032
7856	0.0655
7857	0.194
7858	0.351
7859	0.485
7860	0.373
7861	0.3305
7862	0.331
7863	0.085
7864	0.007
7865	0.0035
7866	0.007
7867	0.095
7868	0.094
7869	0.114
7870	0.253
7871	0.273
7872	0.315
7873	0.1315
7874	0.0685
7875	0.1155
7876	0.0155
7877	0.0055
7878	0.005
7879	0.024
7880	0.16
7881	0.1435
7882	0.277
7883	0.431
7884	0.363
7885	0.2625
7886	0.0415
7887	0.0125
7888	0.0135
7889	0.004
7890	0.0025
7891	0.01
7892	0.0255
7893	0.085
7894	0.18
7895	0.2605
7896	0.322
7897	0.41
7898	0.3415
7899	0.2015
7900	0.057
7901	0.0185
7902	0.012
7903	0.006
7904	0.0105
7905	0.0705
7906	0.1635
7907	0.2195
7908	0.389
7909	0.2675
7910	0.2705
7911	0.151
7912	0.018
7913	0.0025
7914	0.0005
7915	0.0025
7916	0.0005
7917	0.002
7918	0.001
7919	0.0005
7920	0.003
7921	0.0005
7922	0.001
7923	0.002
7924	0.0015
7925	0
7926	0.0025
7927	0.0015
7928	0
7929	0.0015
7930	0.0005
7931	0.0005
7932	0.0015
7933	0
7934	0
7935	0.0005
7936	0.0015
7937	0.0015
7938	0.0005
7939	0.002
7940	0
7941	0.0005
7942	0.0005
7943	0.001
7944	0
7945	0.001
7946	0.0005
7947	0.0005
7948	0.0015
7949	0.001
7950	0
7951	0
7952	0.001
7953	0
7954	0.0015
7955	0.001
7956	0.0005
7957	0.0005
7958	0.0005
7959	0.0015
7960	0.0015
7961	0.001
7962	0.001
7963	0
7964	0.0005
7965	0.0015
7966	0.0005
7967	0.002
7968	0.0015
7969	0.002
7970	0.0015
7971	0.0015
7972	0.0025
7973	0.001
7974	0.0005
7975	0.002
7976	0
7977	0.0005
7978	0.001
7979	0.0015
7980	0.001
7981	0.002
7982	0.0025
7983	0.0015
7984	0.003
7985	0.0035
7986	0.0015
7987	0.001
7988	0.001
7989	0.002
7990	0.002
7991	0.002
7992	0.0025
7993	0.0035
7994	0.002
7995	0.004
7996	0.0015
7997	0.0015
7998	0.0005
7999	0.003
8000	0.0025
8001	0.003
8002	0.0035
8003	0.003
8004	0.005
8005	0.0035
8006	0.0065
8007	0.005
8008	0.006
8009	0.006
8010	0.008
8011	0.0085
8012	0.009
8013	0.0125
8014	0.026
8015	0.039
8016	0.055
8017	0.114
8018	0.313
8019	0.4415
8020	0.3445
8021	0.3495
8022	0.3355
8023	0.246
8024	0.022
8025	0.0015
8026	0.0055
8027	0.0485
8028	0.059
8029	0.06
8030	0.1865
8031	0.3325
8032	0.3495
8033	0.239
8034	0.1675
8035	0.1835
8036	0.045
8037	0.0025
8038	0.0055
8039	0.0045
8040	0.0555
8041	0.091
8042	0.107
8043	0.206
8044	0.191
8045	0.268
8046	0.2155
8047	0.083
8048	0.0765
8049	0.0395
8050	0.0255
8051	0.0605
8052	0.0945
8053	0.3695
8054	0.5355
8055	0.397
8056	0.4015
8057	0.34
8058	0.2235
8059	0.0085
8060	0.006
8061	0.004
8062	0.0595
8063	0.235
8064	0.66
8065	0.3375
8066	0.343
8067	0.343
8068	0.225
8069	0.0185
8070	0.004
8071	0.0045
8072	0.0405
8073	0.2965
8074	0.271
8075	0.301
8076	0.3425
8077	0.407
8078	0.3445
8079	0.008
8080	0.0045
8081	0.0075
8082	0.0305
8083	0.0485
8084	0.0855
8085	0.3235
8086	0.4845
8087	0.381
8088	0.3005
8089	0.244
8090	0.1575
8091	0.0055
8092	0.001
8093	0.0045
8094	0.0135
8095	0.0515
8096	0.0645
8097	0.122
8098	0.232
8099	0.33
8100	0.236
8101	0.1705
8102	0.1195
8103	0.081
8104	0.014
8105	0.0015
8106	0.0035
8107	0.0385
8108	0.1015
8109	0.11
8110	0.178
8111	0.2905
8112	0.299
8113	0.2705
8114	0.1
8115	0.0585
8116	0.0435
8117	0.012
8118	0.003
8119	0.0065
8120	0.0235
8121	0.0675
8122	0.102
8123	0.12
8124	0.1795
8125	0.2235
8126	0.21
8127	0.122
8128	0.042
8129	0.041
8130	0.041
8131	0.0315
8132	0.0855
8133	0.3915
8134	0.3875
8135	0.4265
8136	0.3285
8137	0.315
8138	0.1985
8139	0.001
8140	0.0005
8141	0.001
8142	0.002
8143	0.0055
8144	0.0005
8145	0.0005
8146	0.001
8147	0.001
8148	0
8149	0.001
8150	0.0005
8151	0
8152	0
8153	0
8154	0.0005
8155	0.001
8156	0.0005
8157	0.0005
8158	0
8159	0.0005
8160	0.0015
8161	0.0015
8162	0.0005
8163	0.0015
8164	0.0005
8165	0.0005
8166	0.001
8167	0.0005
8168	0.001
8169	0
8170	0.0005
8171	0.002
8172	0.0015
8173	0
8174	0.002
8175	0.001
8176	0.0005
8177	0.0015
8178	0.003
8179	0.0005
8180	0.001
8181	0
8182	0.0015
8183	0.0005
8184	0.001
8185	0.0025
8186	0.0005
8187	0.0015
8188	0.002
8189	0.0025
8190	0.003
8191	0.002
8192	0.003
8193	0.001
8194	0.003
8195	0.003
8196	0.0025
8197	0.0035
8198	0.004
8199	0.0005
8200	0.004
8201	0.003
8202	0.0025
8203	0.001
8204	0.003
8205	0.002
8206	0.002
8207	0.0015
8208	0.006
8209	0.004
8210	0.0025
8211	0.0015
8212	0.0015
8213	0.001
8214	0.002
8215	0.004
8216	0.0035
8217	0.005
8218	0.005
8219	0.0075
8220	0.0145
8221	0.0235
8222	0.08
8223	0.18
8224	0.2125
8225	0.2765
8226	0.2485
8227	0.243
8228	0.164
8229	0.028
8230	0.0095
8231	0.007
8232	0.022
8233	0.1115
8234	0.133
8235	0.213
8236	0.3085
8237	0.4795
8238	0.392
8239	0.1805
8240	0.0775
8241	0.0625
8242	0.0255
8243	0.0045
8244	0.0055
8245	0.0915
8246	0.2085
8247	0.1955
8248	0.221
8249	0.2825
8250	0.262
8251	0.1025
8252	0.006
8253	0.005
8254	0.013
8255	0.0055
8256	0.006
8257	0.0065
8258	0.019
8259	0.037
8260	0.018
8261	0.0295
8262	0.031
8263	0.0295
8264	0.019
8265	0.009
8266	0.0095
8267	0.034
8268	0.037
8269	0.0665
8270	0.149
8271	0.2605
8272	0.333
8273	0.3685
8274	0.3215
8275	0.2975
8276	0.159
8277	0.039
8278	0.016
8279	0.0125
8280	0.0215
8281	0.0435
8282	0.0475
8283	0.128
8284	0.172
8285	0.1805
8286	0.307
8287	0.2075
8288	0.195
8289	0.106
8290	0.03
8291	0.0415
8292	0.0135
8293	0.0095
8294	0.0425
8295	0.047
8296	0.1625
8297	0.377
8298	0.3365
8299	0.479
8300	0.3745
8301	0.3065
8302	0.1405
8303	0.0055
8304	0.0045
8305	0.005
8306	0.008
8307	0.0535
8308	0.0275
8309	0.044
8310	0.117
8311	0.218
8312	0.2725
8313	0.183
8314	0.17
8315	0.2795
8316	0.2125
8317	0.0635
8318	0.0205
8319	0.117
8320	0.3455
8321	0.158
8322	0.1185
8323	0.2505
8324	0.3515
8325	0.2155
8326	0.007
8327	0.0065
8328	0.1815
8329	0.101
8330	0.0125
8331	0.0315
8332	0.259
8333	0.3665
8334	0.098
8335	0.083
8336	0.3435
8337	0.3965
8338	0.0265
8339	0.001
8340	0.02
8341	0.212
8342	0.02
8343	0.0005
8344	0.032
8345	0.2995
8346	0.3005
8347	0.0425
8348	0.055
8349	0.3405
8350	0.2835
8351	0.0045
8352	0.0005
8353	0.051
8354	0.1935
8355	0.0055
8356	0.0005
8357	0.0955
8358	0.3165
8359	0.237
8360	0.054
8361	0.119
8362	0.4035
8363	0.154
8364	0.006
8365	0.0055
8366	0.1305
8367	0.126
8368	0.001
8369	0.001
8370	0.0655
8371	0.0955
8372	0.021
8373	0.0055
8374	0.0835
8375	0.329
8376	0.2355
8377	0.2025
8378	0.417
8379	0.532
8380	0.2375
8381	0.01
8382	0.004
8383	0.0805
8384	0.0125
8385	0.002
8386	0.0035
8387	0.0955
8388	0.328
8389	0.117
8390	0.1355
8391	0.27
8392	0.3385
8393	0.092
8394	0.002
8395	0.003
8396	0.134
8397	0.1
8398	0.0505
8399	0.187
8400	0.4965
8401	0.4235
8402	0.11
8403	0.0885
8404	0.1705
8405	0.0545
8406	0.0035
8407	0.002
8408	0.007
8409	0.043
8410	0.062
8411	0.161
8412	0.346
8413	0.46
8414	0.4445
8415	0.3845
8416	0.2795
8417	0.1465
8418	0.0065
8419	0.005
8420	0.004
8421	0.044
8422	0.188
8423	0.29
8424	0.3505
8425	0.352
8426	0.3935
8427	0.313
8428	0.062
8429	0.001
8430	0.0025
8431	0.004
8432	0.009
8433	0.005
8434	0.0045
8435	0.006
8436	0.0155
8437	0.0295
8438	0.093
8439	0.192
8440	0.1865
8441	0.194
8442	0.1805
8443	0.136
8444	0.048
8445	0.006
8446	0.0015
8447	0.004
8448	0.006
8449	0.006
8450	0.0055
8451	0.0055
8452	0.011
8453	0.0195
8454	0.0575
8455	0.1495
8456	0.2785
8457	0.423
8458	0.3795
8459	0.3985
8460	0.3055
8461	0.1065
8462	0.01
8463	0.0045
8464	0.005
8465	0.047
8466	0.0945
8467	0.1995
8468	0.209
8469	0.2735
8470	0.297
8471	0.223
8472	0.0965
8473	0.021
8474	0.0055
8475	0.0115
8476	0.0095
8477	0.015
8478	0.0105
8479	0.01
8480	0.0215
8481	0.0255
8482	0.0495
8483	0.074
8484	0.1365
8485	0.2235
8486	0.1745
8487	0.146
8488	0.112
8489	0.055
8490	0.01
8491	0.0035
8492	0.0045
8493	0.007
8494	0.0095
8495	0.005
8496	0.0065
8497	0.0065
8498	0.0065
8499	0.0035
8500	0.002
8501	0.0045
8502	0.002
8503	0.0015
8504	0.0015
8505	0
8506	0.001
8507	0.002
8508	0.0025
8509	0.0015
8510	0
8511	0.0035
8512	0.002
8513	0.001
8514	0.003
8515	0.0025
8516	0.0035
8517	0.0015
8518	0.0035
8519	0.002
8520	0.0005
8521	0.001
8522	0.003
8523	0.0015
8524	0.0005
8525	0
8526	0.001
8527	0.0015
8528	0.0005
8529	0.0015
8530	0.001
8531	0.0005
8532	0.001
8533	0.0005
8534	0.0015
8535	0.0005
8536	0
8537	0
8538	0
8539	0
8540	0
8541	0.0005
8542	0.001
8543	0.0005
8544	0.0005
8545	0.001
8546	0.001
8547	0.0005
8548	0.0005
8549	0.001
8550	0.001
8551	0.0005
8552	0.001
8553	0.001
8554	0.0005
8555	0.0005
8556	0.0005
8557	0.0005
8558	0
8559	0.0005
8560	0.0005
8561	0.001
8562	0
8563	0.001
8564	0.001
8565	0.001
8566	0.001
8567	0
8568	0.0005
8569	0.0005
8570	0.002
8571	0.0005
8572	0.0005
8573	0.002
8574	0.001
8575	0.001
8576	0
8577	0.0015
8578	0.0015
8579	0.0005
8580	0.001
8581	0.0025
8582	0.0015
8583	0.0015
8584	0
8585	0.002
8586	0.001
8587	0.001
8588	0.001
8589	0.003
8590	0.002
8591	0.004
8592	0.0015
8593	0.003
8594	0.002
8595	0.0025
8596	0.001
8597	0.003
8598	0.0045
8599	0.002
8600	0.003
8601	0.0025
8602	0.003
8603	0.002
8604	0.0015
8605	0.003
8606	0.002
8607	0.0025
8608	0.003
8609	0.003
8610	0.0045
8611	0.0025
8612	0.004
8613	0.0035
8614	0.0045
8615	0.0045
8616	0.006
8617	0.003
8618	0.005
8619	0.0035
8620	0.0075
8621	0.0155
8622	0.02
8623	0.0825
8624	0.1185
8625	0.21
8626	0.2355
8627	0.306
8628	0.29
8629	0.2
8630	0.071
8631	0.0345
8632	0.0205
8633	0.0275
8634	0.028
8635	0.1045
8636	0.2235
8637	0.3375
8638	0.425
8639	0.334
8640	0.321
8641	0.1935
8642	0.034
8643	0.0035
8644	0.005
8645	0.004
8646	0.0405
8647	0.0775
8648	0.117
8649	0.33
8650	0.3435
8651	0.4075
8652	0.315
8653	0.2315
8654	0.183
8655	0.021
8656	0.006
8657	0.013
8658	0.037
8659	0.37
8660	0.227
8661	0.243
8662	0.2695
8663	0.2885
8664	0.2625
8665	0.0055
8666	0.005
8667	0.009
8668	0.0315
8669	0.0625
8670	0.116
8671	0.126
8672	0.26
8673	0.2785
8674	0.237
8675	0.1935
8676	0.101
8677	0.0735
8678	0.024
8679	0.003
8680	0.0095
8681	0.0335
8682	0.0405
8683	0.035
8684	0.0585
8685	0.122
8686	0.2025
8687	0.2315
8688	0.2605
8689	0.372
8690	0.4495
8691	0.303
8692	0.1445
8693	0.155
8694	0.205
8695	0.104
8696	0.02
8697	0.0395
8698	0.216
8699	0.3425
8700	0.2525
8701	0.318
8702	0.538
8703	0.447
8704	0.081
8705	0.003
8706	0.0045
8707	0.02
8708	0.0035
8709	0.002
8710	0.0025
8711	0.004
8712	0.007
8713	0.0035
8714	0.0035
8715	0.003
8716	0.005
8717	0.0015
8718	0.002
8719	0.002
8720	0.0015
8721	0.0005
8722	0.001
8723	0.0005
8724	0.0025
8725	0.0015
8726	0.002
8727	0.0005
8728	0.001
8729	0.0015
8730	0.001
8731	0.001
8732	0.0005
8733	0.0005
8734	0.0015
8735	0.0005
8736	0
8737	0.0005
8738	0
8739	0.0015
8740	0
8741	0.0005
8742	0
8743	0
8744	0.001
8745	0
8746	0.0005
8747	0.0005
8748	0.0005
8749	0.0005
8750	0.0005
8751	0.001
8752	0.0005
8753	0.0015
8754	0.0005
8755	0.001
8756	0.001
8757	0
8758	0.001
8759	0.001
8760	0.0005
8761	0.0005
8762	0.001
8763	0.0005
8764	0.001
8765	0.0005
8766	0.0015
8767	0
8768	0
8769	0.001
8770	0.001
8771	0.0015
8772	0.002
8773	0.0005
8774	0.003
8775	0
8776	0.0015
8777	0.003
8778	0.0005
8779	0.0005
8780	0.0005
8781	0
8782	0.0015
8783	0.002
8784	0.0005
8785	0.003
8786	0.0005
8787	0.002
8788	0.002
8789	0.0025
8790	0.002
8791	0.002
8792	0.002
8793	0.001
8794	0.0015
8795	0.002
8796	0.0045
8797	0.002
8798	0.0025
8799	0.0035
8800	0.0015
8801	0.0035
8802	0.0035
8803	0.002
8804	0.002
8805	0.0005
8806	0.0015
8807	0.001
8808	0.004
8809	0.003
8810	0.004
8811	0.005
8812	0.0045
8813	0.0045
8814	0.006
8815	0.003
8816	0.0055
8817	0.0035
8818	0.0015
8819	0.003
8820	0.005
8821	0.0045
8822	0.0035
8823	0.003
8824	0.0045
8825	0.005
8826	0.003
8827	0.0045
8828	0.005
8829	0.005
8830	0.004
8831	0.0055
8832	0.0055
8833	0.0055
8834	0.008
8835	0.008
8836	0.0125
8837	0.0235
8838	0.0655
8839	0.121
8840	0.185
8841	0.19
8842	0.2135
8843	0.2475
8844	0.152
8845	0.0515
8846	0.014
8847	0.017
8848	0.058
8849	0.0745
8850	0.1325
8851	0.429
8852	0.3465
8853	0.3625
8854	0.2735
8855	0.2245
8856	0.16
8857	0.0055
8858	0.008
8859	0.0275
8860	0.1055
8861	0.197
8862	0.245
8863	0.398
8864	0.512
8865	0.382
8866	0.1845
8867	0.042
8868	0.0175
8869	0.005
8870	0.003
8871	0.0025
8872	0.0065
8873	0.007
8874	0.004
8875	0.002
8876	0.0055
8877	0.0055
8878	0.005
8879	0.0025
8880	0.0035
8881	0.005
8882	0.002
8883	0.003
8884	0.0025
8885	0.0015
8886	0.004
8887	0.002
8888	0.002
8889	0.005
8890	0.004
8891	0.003
8892	0.0055
8893	0.0065
8894	0.0115
8895	0.016
8896	0.036
8897	0.076
8898	0.1135
8899	0.25
8900	0.178
8901	0.1905
8902	0.1815
8903	0.1235
8904	0.057
8905	0.006
8906	0.003
8907	0.038
8908	0.0615
8909	0.093
8910	0.181
8911	0.3305
8912	0.2945
8913	0.2045
8914	0.144
8915	0.0805
8916	0.021
8917	0.0015
8918	0.0015
8919	0.0045
8920	0.016
8921	0.0355
8922	0.095
8923	0.1775
8924	0.2435
8925	0.338
8926	0.3135
8927	0.191
8928	0.0825
8929	0.013
8930	0.002
8931	0.002
8932	0.0015
8933	0.001
8934	0.002
8935	0.0005
8936	0.0015
8937	0.001
8938	0.0005
8939	0
8940	0.002
8941	0.0015
8942	0.0005
8943	0.0005
8944	0.0005
8945	0.001
8946	0
8947	0.0005
8948	0.0005
8949	0.001
8950	0.0005
8951	0.0005
8952	0
8953	0.0005
8954	0.0005
8955	0.0005
8956	0.0005
8957	0.0025
8958	0.0005
8959	0.0005
8960	0.0005
8961	0.0005
8962	0.0015
8963	0.0005
8964	0
8965	0.002
8966	0
8967	0.001
8968	0.001
8969	0.0005
8970	0.0005
8971	0.001
8972	0.0005
8973	0.0005
8974	0.0015
8975	0.001
8976	0.001
8977	0.0005
8978	0.001
8979	0.003
8980	0.0025
8981	0.001
8982	0.002
8983	0.0015
8984	0.002
8985	0.0015
8986	0.0015
8987	0.001
8988	0.0015
8989	0.0015
8990	0.001
8991	0.004
8992	0
8993	0.004
8994	0.0015
8995	0.0035
8996	0.003
8997	0.001
8998	0.001
8999	0.0015
9000	0.002
9001	0.0035
9002	0.002
9003	0.002
9004	0.0035
9005	0.0025
9006	0.0025
9007	0.0035
9008	0.004
9009	0.002
9010	0.003
9011	0.0025
9012	0.004
9013	0.0035
9014	0.004
9015	0.0045
9016	0.007
9017	0.0075
9018	0.0075
9019	0.0095
9020	0.007
9021	0.0065
9022	0.0045
9023	0.003
9024	0.003
9025	0.0025
9026	0.007
9027	0.004
9028	0.005
9029	0.006
9030	0.01
9031	0.0215
9032	0.0265
9033	0.045
9034	0.085
9035	0.1145
9036	0.187
9037	0.2185
9038	0.212
9039	0.221
9040	0.1905
9041	0.137
9042	0.108
9043	0.0855
9044	0.1385
9045	0.1715
9046	0.209
9047	0.368
9048	0.364
9049	0.3165
9050	0.2705
9051	0.1705
9052	0.101
9053	0.015
9054	0.005
9055	0.0205
9056	0.0975
9057	0.1965
9058	0.203
9059	0.295
9060	0.431
9061	0.3095
9062	0.1225
9063	0.021
9064	0.009
9065	0.0085
9066	0.009
9067	0.005
9068	0.0155
9069	0.0185
9070	0.042
9071	0.0695
9072	0.1
9073	0.2295
9074	0.249
9075	0.281
9076	0.265
9077	0.158
9078	0.134
9079	0.038
9080	0.0095
9081	0.009
9082	0.0095
9083	0.021
9084	0.0175
9085	0.024
9086	0.043
9087	0.0845
9088	0.124
9089	0.145
9090	0.1735
9091	0.195
9092	0.129
9093	0.0705
9094	0.0325
9095	0.015
9096	0.005
9097	0.0015
9098	0.0035
9099	0.004
9100	0.002
9101	0.001
9102	0.0055
9103	0.002
9104	0.0015
9105	0.0025
9106	0.002
9107	0.001
9108	0.0035
9109	0.0015
9110	0.0015
9111	0.0025
9112	0.001
9113	0.0015
9114	0.002
9115	0.0015
9116	0.002
9117	0.001
9118	0.003
9119	0.002
9120	0.001
9121	0.0005
9122	0.0025
9123	0.002
9124	0.001
9125	0.001
9126	0.0015
9127	0.002
9128	0.001
9129	0.001
9130	0.0005
9131	0
9132	0.0005
9133	0.001
9134	0.001
9135	0.0015
9136	0.0005
9137	0.0005
9138	0.0005
9139	0
9140	0.001
9141	0.0015
9142	0
9143	0
9144	0.0005
9145	0.0005
9146	0
9147	0
9148	0.0005
9149	0.001
9150	0.0015
9151	0.0005
9152	0
9153	0.0005
9154	0.0005
9155	0
9156	0
9157	0.0005
9158	0.001
9159	0.001
9160	0.001
9161	0.0005
9162	0.0025
9163	0.0005
9164	0
9165	0.001
9166	0
9167	0.001
9168	0
9169	0.0005
9170	0.0005
9171	0.0005
9172	0
9173	0.0005
9174	0.001
9175	0.002
9176	0.0005
9177	0.0015
9178	0.0015
9179	0.002
9180	0.0005
9181	0
9182	0.002
9183	0.0025
9184	0.0015
9185	0.001
9186	0.003
9187	0.002
9188	0.003
9189	0.0035
9190	0.0015
9191	0
9192	0.0025
9193	0.0045
9194	0.002
9195	0.003
9196	0.002
9197	0.002
9198	0.003
9199	0.002
9200	0.0025
9201	0.001
9202	0.0025
9203	0.0045
9204	0.004
9205	0.0045
9206	0.005
9207	0.0045
9208	0.0115
9209	0.018
9210	0.036
9211	0.056
9212	0.0875
9213	0.147
9214	0.202
9215	0.2845
9216	0.3
9217	0.3005
9218	0.29
9219	0.1855
9220	0.1515
9221	0.073
9222	0.0445
9223	0.05
9224	0.0225
9225	0.015
9226	0.015
9227	0.0305
9228	0.075
9229	0.0625
9230	0.1175
9231	0.279
9232	0.2925
9233	0.251
9234	0.1655
9235	0.1625
9236	0.161
9237	0.015
9238	0.0055
9239	0.029
9240	0.1415
9241	0.265
9242	0.223
9243	0.3485
9244	0.478
9245	0.3815
9246	0.14
9247	0.014
9248	0.0155
9249	0.0215
9250	0.007
9251	0.003
9252	0.0045
9253	0.0085
9254	0.007
9255	0.0015
9256	0.0055
9257	0.0075
9258	0.009
9259	0.008
9260	0.007
9261	0.007
9262	0.0175
9263	0.02
9264	0.0325
9265	0.0365
9266	0.043
9267	0.079
9268	0.085
9269	0.05
9270	0.048
9271	0.0305
9272	0.029
9273	0.0095
9274	0.006
9275	0.009
9276	0.0165
9277	0.015
9278	0.025
9279	0.041
9280	0.077
9281	0.115
9282	0.1435
9283	0.1865
9284	0.2695
9285	0.1975
9286	0.142
9287	0.088
9288	0.0805
9289	0.04
9290	0.0085
9291	0.0095
9292	0.035
9293	0.0535
9294	0.0585
9295	0.088
9296	0.2725
9297	0.3355
9298	0.3245
9299	0.2685
9300	0.3195
9301	0.2705
9302	0.033
9303	0.002
9304	0.0075
9305	0.0355
9306	0.0065
9307	0.003
9308	0.0055
9309	0.0255
9310	0.0165
9311	0.004
9312	0.008
9313	0.0085
9314	0.0115
9315	0.002
9316	0.0025
9317	0.0015
9318	0.0015
9319	0.0015
9320	0.0015
9321	0.0025
9322	0.001
9323	0.0015
9324	0.002
9325	0.001
9326	0.002
9327	0.0005
9328	0.001
9329	0.002
9330	0
9331	0.0005
9332	0.0015
9333	0.0015
9334	0.0015
9335	0.0005
9336	0.002
9337	0.001
9338	0.0015
9339	0.001
9340	0.0015
9341	0.0005
9342	0
9343	0.0005
9344	0.001
9345	0
9346	0.0005
9347	0.0005
9348	0.001
9349	0.0015
9350	0.0005
9351	0.0005
9352	0
9353	0.001
9354	0.002
9355	0.001
9356	0
9357	0
9358	0.001
9359	0.0005
9360	0.0005
9361	0.001
9362	0.0005
9363	0.002
9364	0.0015
9365	0.001
9366	0.0015
9367	0.002
9368	0
9369	0.001
9370	0.001
9371	0.0005
9372	0.001
9373	0.001
9374	0.0025
9375	0.0005
9376	0.0005
9377	0.002
9378	0.0015
9379	0.0005
9380	0.0025
9381	0.001
9382	0.003
9383	0.0005
9384	0.001
9385	0.0025
9386	0.001
9387	0.0015
9388	0.0015
9389	0.002
9390	0.0025
9391	0.0025
9392	0.002
9393	0.0015
9394	0.0015
9395	0.001
9396	0.001
9397	0.0035
9398	0.002
9399	0.003
9400	0.0045
9401	0.0055
9402	0.006
9403	0.0045
9404	0.009
9405	0.011
9406	0.0185
9407	0.032
9408	0.156
9409	0.4625
9410	0.321
9411	0.351
9412	0.322
9413	0.268
9414	0.078
9415	0.0015
9416	0.0045
9417	0.008
9418	0.0145
9419	0.034
9420	0.0705
9421	0.28
9422	0.2925
9423	0.298
9424	0.2645
9425	0.202
9426	0.098
9427	0.0055
9428	0.0025
9429	0.0055
9430	0.004
9431	0.004
9432	0.0055
9433	0.005
9434	0.005
9435	0.0075
9436	0.012
9437	0.012
9438	0.015
9439	0.0165
9440	0.0165
9441	0.013
9442	0.0135
9443	0.0135
9444	0.0175
9445	0.0375
9446	0.0425
9447	0.0985
9448	0.1455
9449	0.1995
9450	0.19
9451	0.1425
9452	0.136
9453	0.0785
9454	0.021
9455	0.011
9456	0.01
9457	0.013
9458	0.0415
9459	0.075
9460	0.202
9461	0.381
9462	0.4
9463	0.4675
9464	0.3565
9465	0.251
9466	0.087
9467	0.0045
9468	0.0075
9469	0.0135
9470	0.031
9471	0.133
9472	0.2855
9473	0.4275
9474	0.4825
9475	0.4485
9476	0.4355
9477	0.1815
9478	0.0235
9479	0.0025
9480	0.0035
9481	0.0165
9482	0.078
9483	0.178
9484	0.4325
9485	0.4205
9486	0.393
9487	0.3445
9488	0.1995
9489	0.03
9490	0.0025
9491	0.002
9492	0.0025
9493	0.019
9494	0.032
9495	0.121
9496	0.2155
9497	0.327
9498	0.5
9499	0.397
9500	0.368
9501	0.2275
9502	0.0515
9503	0.0165
9504	0.0065
9505	0.0075
9506	0.1605
9507	0.3405
9508	0.313
9509	0.3675
9510	0.3705
9511	0.319
9512	0.0635
9513	0.001
9514	0.0025
9515	0.001
9516	0.002
9517	0.003
9518	0.002
9519	0.0015
9520	0.002
9521	0.0025
9522	0.0005
9523	0.001
9524	0.0015
9525	0.002
9526	0.0015
9527	0.0015
9528	0.002
9529	0.0025
9530	0
9531	0
9532	0.0005
9533	0.0025
9534	0
9535	0.001
9536	0.0005
9537	0.0025
9538	0
9539	0.0005
9540	0
9541	0.0005
9542	0.0005
9543	0
9544	0.001
9545	0
9546	0
9547	0
9548	0.0005
9549	0.0005
9550	0.0005
9551	0.0005
9552	0
9553	0.0005
9554	0.0005
9555	0.0015
9556	0.001
9557	0
9558	0.001
9559	0.0005
9560	0
9561	0.001
9562	0.0025
9563	0.0005
9564	0.002
9565	0
9566	0.0005
9567	0.002
9568	0.001
9569	0.0005
9570	0.0015
9571	0.001
9572	0
9573	0.001
9574	0.0015
9575	0.002
9576	0.0005
9577	0.001
9578	0.0015
9579	0.001
9580	0.0005
9581	0.001
9582	0.0025
9583	0.0005
9584	0.0005
9585	0.0025
9586	0.0015
9587	0.0005
9588	0
9589	0.0025
9590	0.001
9591	0.004
9592	0.0015
9593	0.0035
9594	0.0025
9595	0.0015
9596	0.003
9597	0.0045
9598	0.0035
9599	0.002
9600	0.0025
9601	0.0035
9602	0.004
9603	0.002
9604	0.003
9605	0.002
9606	0.0025
9607	0.003
9608	0.002
9609	0.004
9610	0.005
9611	0.0025
9612	0.002
9613	0.003
9614	0.0025
9615	0.003
9616	0.002
9617	0.004
9618	0.0025
9619	0.0025
9620	0.0035
9621	0.004
9622	0.0055
9623	0.006
9624	0.006
9625	0.008
9626	0.0185
9627	0.0405
9628	0.121
9629	0.318
9630	0.404
9631	0.383
9632	0.282
9633	0.2235
9634	0.0885
9635	0.004
9636	0.006
9637	0.006
9638	0.006
9639	0.032
9640	0.0395
9641	0.0945
9642	0.229
9643	0.369
9644	0.4175
9645	0.388
9646	0.348
9647	0.2365
9648	0.045
9649	0.006
9650	0.006
9651	0.005
9652	0.0175
9653	0.017
9654	0.0225
9655	0.062
9656	0.1645
9657	0.339
9658	0.42
9659	0.4045
9660	0.3745
9661	0.2695
9662	0.0895
9663	0.0095
9664	0.005
9665	0.005
9666	0.0195
9667	0.066
9668	0.1995
9669	0.3085
9670	0.254
9671	0.292
9672	0.2295
9673	0.1175
9674	0.0075
9675	0.0035
9676	0.003
9677	0.008
9678	0.009
9679	0.008
9680	0.0165
9681	0.0285
9682	0.0825
9683	0.204
9684	0.3325
9685	0.283
9686	0.3335
9687	0.285
9688	0.222
9689	0.039
9690	0.0045
9691	0.008
9692	0.0295
9693	0.0535
9694	0.193
9695	0.282
9696	0.4855
9697	0.4645
9698	0.3575
9699	0.287
9700	0.0635
9701	0.0075
9702	0.001
9703	0.003
9704	0.0055
9705	0.032
9706	0.0675
9707	0.1815
9708	0.274
9709	0.306
9710	0.35
9711	0.2745
9712	0.1355
9713	0.0265
9714	0.002
9715	0.004
9716	0.001
9717	0.0035
9718	0.0015
9719	0.002
9720	0.0015
9721	0.0015
9722	0.0015
9723	0.002
9724	0.0025
9725	0.0015
9726	0
9727	0.002
9728	0.001
9729	0.0025
9730	0.0005
9731	0.001
9732	0.001
9733	0.002
9734	0.0005
9735	0.0005
9736	0.001
9737	0
9738	0
9739	0.0005
9740	0
9741	0.0005
9742	0.001
9743	0
9744	0.0005
9745	0.001
9746	0.001
9747	0.0005
9748	0
9749	0.0005
9750	0.0015
9751	0.0015
9752	0.0005
9753	0
9754	0
9755	0.001
9756	0
9757	0.0015
9758	0.001
9759	0
9760	0.0015
9761	0.001
9762	0.0015
9763	0.0015
9764	0.0005
9765	0.001
9766	0.001
9767	0.001
9768	0.001
9769	0.0015
9770	0.001
9771	0.001
9772	0.0005
9773	0
9774	0.002
9775	0.001
9776	0.001
9777	0.002
9778	0.0015
9779	0.0005
9780	0.003
9781	0.0015
9782	0.001
9783	0.001
9784	0.001
9785	0.0015
9786	0.001
9787	0.0025
9788	0.0025
9789	0.002
9790	0.0015
9791	0.0015
9792	0.0015
9793	0.003
9794	0.002
9795	0.0025
9796	0.004
9797	0.001
9798	0.003
9799	0.0025
9800	0.0025
9801	0.002
9802	0.0035
9803	0.005
9804	0.003
9805	0.0045
9806	0.007
9807	0.008
9808	0.008
9809	0.017
9810	0.0495
9811	0.202
9812	0.2855
9813	0.2345
9814	0.2855
9815	0.316
9816	0.193
9817	0.0105
9818	0.003
9819	0.004
9820	0.004
9821	0.003
9822	0.005
9823	0.003
9824	0.005
9825	0.0035
9826	0.003
9827	0.0045
9828	0.003
9829	0.0035
9830	0.0045
9831	0.0035
9832	0.0045
9833	0.0065
9834	0.006
9835	0.0045
9836	0.0055
9837	0.0055
9838	0.0055
9839	0.0045
9840	0.006
9841	0.005
9842	0.004
9843	0.0055
9844	0.004
9845	0.004
9846	0.005
9847	0.004
9848	0.0065
9849	0.006
9850	0.0055
9851	0.009
9852	0.0195
9853	0.0335
9854	0.1345
9855	0.383
9856	0.285
9857	0.2815
9858	0.275
9859	0.224
9860	0.082
9861	0.004
9862	0.0055
9863	0.0075
9864	0.016
9865	0.008
9866	0.0095
9867	0.0175
9868	0.0255
9869	0.066
9870	0.058
9871	0.139
9872	0.46
9873	0.5195
9874	0.413
9875	0.3085
9876	0.276
9877	0.2135
9878	0.0045
9879	0.0035
9880	0.0045
9881	0.016
9882	0.047
9883	0.045
9884	0.071
9885	0.315
9886	0.351
9887	0.3485
9888	0.2735
9889	0.25
9890	0.2135
9891	0.012
9892	0.0045
9893	0.003
9894	0.021
9895	0.1015
9896	0.176
9897	0.3345
9898	0.4615
9899	0.4665
9900	0.3925
9901	0.202
9902	0.066
9903	0.0115
9904	0.0005
9905	0.0025
9906	0.053
9907	0.211
9908	0.488
9909	0.356
9910	0.3495
9911	0.3695
9912	0.266
9913	0.019
9914	0.002
9915	0.0015
9916	0.0045
9917	0.006
9918	0.0025
9919	0.0005
9920	0.0005
9921	0.001
9922	0.002
9923	0.001
9924	0.0015
9925	0.0015
9926	0.0005
9927	0.001
9928	0.001
9929	0.001
9930	0.0005
9931	0.0015
9932	0.001
9933	0.001
9934	0.002
9935	0.001
9936	0.0005
9937	0.002
9938	0.001
9939	0.002
9940	0
9941	0.0005
9942	0
9943	0.001
9944	0
9945	0
9946	0.0005
9947	0.001
9948	0
9949	0.0005
9950	0.0005
9951	0
9952	0.0005
9953	0.0005
9954	0.0005
9955	0.001
9956	0.001
9957	0
9958	0
9959	0.0005
9960	0.001
9961	0.0005
9962	0
9963	0.001
9964	0
9965	0
9966	0.0005
9967	0.0005
9968	0.0005
9969	0.001
9970	0.0015
9971	0.0005
9972	0.0005
9973	0
9974	0.001
9975	0.0025
9976	0.0025
9977	0.0005
9978	0.001
9979	0.0015
9980	0.002
9981	0.0015
9982	0.0015
9983	0.002
9984	0.002
9985	0.0025
9986	0.001
9987	0.0005
9988	0.0025
9989	0.0025
9990	0.003
9991	0.0025
9992	0.002
9993	0.003
9994	0.002
9995	0.003
9996	0.0015
9997	0.001
9998	0.0015
9999	0.0035
10000	0.0045
10001	0.005
10002	0.0015
10003	0.005
10004	0.0035
10005	0.0065
10006	0.0045
10007	0.0045
10008	0.008
10009	0.0095
10010	0.021
10011	0.0415
10012	0.098
10013	0.2055
10014	0.411
10015	0.315
10016	0.274
10017	0.213
10018	0.1325
10019	0.017
10020	0.0005
10021	0.004
10022	0.011
10023	0.0305
10024	0.0545
10025	0.0975
10026	0.1705
10027	0.177
10028	0.1635
10029	0.109
10030	0.054
10031	0.028
10032	0.0085
10033	0.006
10034	0.005
10035	0.0095
10036	0.03
10037	0.0745
10038	0.151
10039	0.1885
10040	0.288
10041	0.3175
10042	0.2695
10043	0.1705
10044	0.062
10045	0.0205
10046	0.0115
10047	0.0055
10048	0.0065
10049	0.0085
10050	0.012
10051	0.008
10052	0.0125
10053	0.0345
10054	0.1465
10055	0.2545
10056	0.313
10057	0.4625
10058	0.4375
10059	0.2865
10060	0.0895
10061	0.009
10062	0.003
10063	0.006
10064	0.005
10065	0.0055
10066	0.0105
10067	0.036
10068	0.15
10069	0.254
10070	0.267
10071	0.28
10072	0.236
10073	0.203
10074	0.0295
10075	0.0035
10076	0.007
10077	0.0045
10078	0.0195
10079	0.076
10080	0.12
10081	0.3695
10082	0.4035
10083	0.398
10084	0.356
10085	0.207
10086	0.0785
10087	0.005
10088	0.002
10089	0.005
10090	0.0135
10091	0.057
10092	0.196
10093	0.2795
10094	0.357
10095	0.2685
10096	0.2425
10097	0.153
10098	0.0105
10099	0.0025
10100	0.0025
10101	0.0025
10102	0.0075
10103	0.004
10104	0.0025
10105	0.0005
10106	0.0035
10107	0.0015
10108	0.003
10109	0.001
10110	0.002
10111	0.0025
10112	0.0015
10113	0.0025
10114	0
10115	0.0005
10116	0.0015
10117	0.0025
10118	0.0015
10119	0.0005
10120	0.002
10121	0.002
10122	0.001
10123	0
10124	0.001
10125	0.001
10126	0
10127	0.0005
10128	0.001
10129	0.0005
10130	0.0005
10131	0.002
10132	0.0005
10133	0.001
10134	0.0025
10135	0.0015
10136	0.0025
10137	0
10138	0.001
10139	0
10140	0
10141	0
10142	0.001
10143	0.001
10144	0.0015
10145	0
10146	0.0005
10147	0.001
10148	0.001
10149	0
10150	0.0015
10151	0
10152	0
10153	0
10154	0
10155	0.0005
10156	0
10157	0.0005
10158	0.0005
10159	0
10160	0
10161	0
10162	0.0005
10163	0.0005
10164	0.0005
10165	0
10166	0.0005
10167	0.001
10168	0.001
10169	0
10170	0.0005
10171	0.001
10172	0.001
10173	0.0005
10174	0.001
10175	0
10176	0.0035
10177	0.002
10178	0.001
10179	0.001
10180	0.0005
10181	0.0015
10182	0.0015
10183	0.002
10184	0.0025
10185	0.0005
10186	0.0015
10187	0.002
10188	0.002
10189	0.004
10190	0.001
10191	0.002
10192	0.004
10193	0.002
10194	0.002
10195	0.002
10196	0.0025
10197	0.003
10198	0.0015
10199	0.002
10200	0.002
10201	0.0025
10202	0.0045
10203	0.003
10204	0.0045
10205	0.0055
10206	0.0035
10207	0.004
10208	0.0035
10209	0.002
10210	0.003
10211	0.002
10212	0.0045
10213	0.003
10214	0.0045
10215	0.005
10216	0.0025
10217	0.005
10218	0.004
10219	0.002
10220	0.0045
10221	0.006
10222	0.003
10223	0.003
10224	0.005
10225	0.005
10226	0.005
10227	0.006
10228	0.002
10229	0.007
10230	0.0095
10231	0.011
10232	0.019
10233	0.0565
10234	0.206
10235	0.2925
10236	0.291
10237	0.2745
10238	0.252
10239	0.1785
10240	0.021
10241	0.0025
10242	0.004
10243	0.0065
10244	0.0105
10245	0.0105
10246	0.0065
10247	0.018
10248	0.0815
10249	0.2065
10250	0.4055
10251	0.6395
10252	0.3435
10253	0.336
10254	0.1995
10255	0.0315
10256	0.005
10257	0.005
10258	0.0035
10259	0.112
10260	0.23
10261	0.367
10262	0.422
10263	0.4325
10264	0.4435
10265	0.1855
10266	0.01
10267	0.006
10268	0.0045
10269	0.0085
10270	0.0185
10271	0.0255
10272	0.0805
10273	0.1685
10274	0.262
10275	0.3445
10276	0.48
10277	0.4055
10278	0.2635
10279	0.094
10280	0.0295
10281	0.0125
10282	0.007
10283	0.0045
10284	0.028
10285	0.06
10286	0.1685
10287	0.3855
10288	0.515
10289	0.4075
10290	0.3415
10291	0.24
10292	0.0725
10293	0.003
10294	0.005
10295	0.0025
10296	0.036
10297	0.15
10298	0.2175
10299	0.327
10300	0.398
10301	0.414
10302	0.3575
10303	0.084
10304	0.0105
10305	0.003
10306	0.006
10307	0.0035
10308	0.0085
10309	0.003
10310	0.0025
10311	0.0035
10312	0.001
10313	0.001
10314	0.0015
10315	0.0005
10316	0.0025
10317	0.002
10318	0.0005
10319	0.0015
10320	0.0015
10321	0.0025
10322	0.001
10323	0.002
10324	0.001
10325	0.0015
10326	0
10327	0.001
10328	0.0015
10329	0.0015
10330	0.0005
10331	0.0005
10332	0.0005
10333	0
10334	0
10335	0.0005
10336	0.002
10337	0.0015
10338	0.001
10339	0.0015
10340	0
10341	0.0005
10342	0.0015
10343	0
10344	0.001
10345	0.0005
10346	0
10347	0.0005
10348	0.0005
10349	0.0015
10350	0.0005
10351	0
10352	0.0015
10353	0.0005
10354	0
10355	0.0005
10356	0.0005
10357	0.0005
10358	0.001
10359	0.0005
10360	0.0005
10361	0.001
10362	0.0005
10363	0.001
10364	0.0005
10365	0.0005
10366	0
10367	0.001
10368	0
10369	0.0005
10370	0.002
10371	0.001
10372	0.001
10373	0.002
10374	0.001
10375	0.0005
10376	0.0015
10377	0.001
10378	0.0015
10379	0.001
10380	0.0015
10381	0.003
10382	0.0005
10383	0.002
10384	0.0015
10385	0.002
10386	0.0015
10387	0.0015
10388	0.0015
10389	0.0035
10390	0.001
10391	0.0025
10392	0
10393	0.003
10394	0.0015
10395	0.0025
10396	0.0025
10397	0.0015
10398	0.002
10399	0.001
10400	0.001
10401	0.003
10402	0.0035
10403	0.0015
10404	0.0015
10405	0.0025
10406	0.006
10407	0.0005
10408	0.0045
10409	0.0025
10410	0.004
10411	0.003
10412	0.002
10413	0.004
10414	0.0025
10415	0.0015
10416	0.003
10417	0.004
10418	0.006
10419	0.001
10420	0.0045
10421	0.0055
10422	0.004
10423	0.0065
10424	0.003
10425	0.0025
10426	0.0035
10427	0.005
10428	0.005
10429	0.0045
10430	0.004
10431	0.0035
10432	0.0035
10433	0.004
10434	0.002
10435	0.0075
10436	0.01
10437	0.0215
10438	0.1035
10439	0.4065
10440	0.475
10441	0.3675
10442	0.355
10443	0.322
10444	0.1525
10445	0.002
10446	0.004
10447	0.0045
10448	0.0395
10449	0.1855
10450	0.181
10451	0.294
10452	0.3865
10453	0.388
10454	0.244
10455	0.0335
10456	0.0035
10457	0.0055
10458	0.005
10459	0.0065
10460	0.006
10461	0.0085
10462	0.0215
10463	0.074
10464	0.2105
10465	0.2725
10466	0.2365
10467	0.2395
10468	0.2265
10469	0.122
10470	0.0155
10471	0.0025
10472	0.005
10473	0.0115
10474	0.0165
10475	0.027
10476	0.0465
10477	0.06
10478	0.1045
10479	0.134
10480	0.155
10481	0.2135
10482	0.155
10483	0.1715
10484	0.1305
10485	0.1365
10486	0.172
10487	0.1215
10488	0.202
10489	0.302
10490	0.296
10491	0.237
10492	0.142
10493	0.0925
10494	0.0555
10495	0.0045
10496	0.002
10497	0.0025
10498	0.011
10499	0.026
10500	0.104
10501	0.3755
10502	0.4765
10503	0.364
10504	0.3325
10505	0.2995
10506	0.134
10507	0.0025
10508	0.0015
10509	0.0035
10510	0.0195
10511	0.035
10512	0.0395
10513	0.061
10514	0.0945
10515	0.119
10516	0.1055
10517	0.066
10518	0.056
10519	0.045
10520	0.0265
10521	0.006
10522	0.006
10523	0.029
10524	0.042
10525	0.045
10526	0.081
10527	0.1095
10528	0.112
10529	0.059
10530	0.033
10531	0.028
10532	0.022
10533	0.0025
10534	0.0005
10535	0.0005
10536	0.001
10537	0
10538	0.001
10539	0.0005
10540	0
10541	0.0005
10542	0
10543	0.0015
10544	0.0005
10545	0.0005
10546	0
10547	0
10548	0
10549	0.002
10550	0
10551	0.001
10552	0.0005
10553	0
10554	0.0005
10555	0.0005
10556	0
10557	0
10558	0
10559	0.001
10560	0.0005
10561	0.0005
10562	0.002
10563	0.002
10564	0.0005
10565	0.0005
10566	0.0005
10567	0.0005
10568	0.001
10569	0
10570	0.0005
10571	0.001
10572	0
10573	0.0005
10574	0.0015
10575	0.002
10576	0.001
10577	0.0005
10578	0.001
10579	0.0005
10580	0.002
10581	0.0015
10582	0.001
10583	0.001
10584	0.001
10585	0.001
10586	0.002
10587	0.002
10588	0.003
10589	0.001
10590	0.003
10591	0.0015
10592	0.005
10593	0.0015
10594	0.0035
10595	0.0035
10596	0.0035
10597	0.0035
10598	0.0035
10599	0.0055
10600	0.0045
10601	0.0045
10602	0.003
10603	0.006
10604	0.0015
10605	0.0015
10606	0.004
10607	0.003
10608	0.0045
10609	0.002
10610	0.004
10611	0.0055
10612	0.006
10613	0.0055
10614	0.004
10615	0.0065
10616	0.006
10617	0.0015
10618	0.0035
10619	0.0055
10620	0.0055
10621	0.007
10622	0.0055
10623	0.0125
10624	0.0195
10625	0.0185
10626	0.0235
10627	0.017
10628	0.033
10629	0.0255
10630	0.0205
10631	0.013
10632	0.011
10633	0.012
10634	0.009
10635	0.0045
10636	0.0075
10637	0.0115
10638	0.01
10639	0.0105
10640	0.015
10641	0.0225
10642	0.029
10643	0.0355
10644	0.0425
10645	0.0495
10646	0.0745
10647	0.087
10648	0.1055
10649	0.1525
10650	0.22
10651	0.3705
10652	0.325
10653	0.263
10654	0.268
10655	0.2235
10656	0.125
10657	0.013
10658	0.0115
10659	0.071
10660	0.295
10661	0.323
10662	0.305
10663	0.3725
10664	0.406
10665	0.2565
10666	0.0075
10667	0.003
10668	0.0045
10669	0.005
10670	0.004
10671	0.0035
10672	0.002
10673	0.005
10674	0.004
10675	0.0045
10676	0.004
10677	0.0045
10678	0.0055
10679	0.0055
10680	0.0065
10681	0.0055
10682	0.0035
10683	0.004
10684	0.005
10685	0.0035
10686	0.008
10687	0.0045
10688	0.005
10689	0.0055
10690	0.0035
10691	0.004
10692	0.002
10693	0.0045
10694	0.002
10695	0.0025
10696	0.003
10697	0.0025
10698	0.003
10699	0.003
10700	0.001
10701	0.002
10702	0.0025
10703	0.004
10704	0.003
10705	0.005
10706	0.004
10707	0.003
10708	0.0035
10709	0.0025
10710	0.002
10711	0.002
10712	0.0015
10713	0.0035
10714	0.0015
10715	0.001
10716	0.0005
10717	0.0015
10718	0.0025
10719	0.001
10720	0.003
10721	0
10722	0.001
10723	0.0015
10724	0.0045
10725	0.0025
10726	0.0005
10727	0
10728	0.0015
10729	0.001
10730	0
10731	0.002
10732	0.002
10733	0.0005
10734	0.0005
10735	0.001
10736	0.0005
10737	0.002
10738	0.0005
10739	0.0005
10740	0.001
10741	0.001
10742	0.001
10743	0.0005
10744	0.001
10745	0.0015
10746	0
10747	0
10748	0.0005
10749	0.001
10750	0
10751	0.0005
10752	0.001
10753	0.001
10754	0.0005
10755	0
10756	0.0005
10757	0.001
10758	0.001
10759	0.0005
10760	0
10761	0.0015
10762	0.001
10763	0.0005
10764	0.0005
10765	0.001
10766	0.001
10767	0
10768	0.0005
10769	0.0015
10770	0
10771	0.0015
10772	0
10773	0.0015
10774	0
10775	0.0015
10776	0.002
10777	0.002
10778	0.0015
10779	0.001
10780	0.0015
10781	0.0015
10782	0.0015
10783	0.0015
10784	0.0035
10785	0.002
10786	0
10787	0.0015
10788	0.002
10789	0.001
10790	0.002
10791	0.004
10792	0.0025
10793	0.0035
10794	0.001
10795	0.0035
10796	0.003
10797	0.003
10798	0.003
10799	0.0025
10800	0.0045
10801	0.0005
10802	0.0035
10803	0.0035
10804	0.002
10805	0.0015
10806	0.0025
10807	0.0045
10808	0.0015
10809	0.0015
10810	0.003
10811	0.0035
10812	0.0035
10813	0.0035
10814	0.0035
10815	0.0035
10816	0.003
10817	0.006
10818	0.005
10819	0.007
10820	0.008
10821	0.012
10822	0.0335
10823	0.057
10824	0.1225
10825	0.237
10826	0.2725
10827	0.264
10828	0.25
10829	0.1715
10830	0.076
10831	0.007
10832	0.003
10833	0.0045
10834	0.0075
10835	0.0065
10836	0.004
10837	0.004
10838	0.005
10839	0.0075
10840	0.006
10841	0.0035
10842	0.0085
10843	0.0085
10844	0.0085
10845	0.009
10846	0.0095
10847	0.013
10848	0.01
10849	0.012
10850	0.0125
10851	0.0135
10852	0.014
10853	0.01
10854	0.012
10855	0.0145
10856	0.0175
10857	0.0175
10858	0.014
10859	0.0305
10860	0.0665
10861	0.1135
10862	0.1245
10863	0.194
10864	0.31
10865	0.307
10866	0.2075
10867	0.148
10868	0.133
10869	0.1115
10870	0.019
10871	0.0105
10872	0.0345
10873	0.0975
10874	0.1305
10875	0.133
10876	0.1835
10877	0.423
10878	0.3765
10879	0.2515
10880	0.198
10881	0.2165
10882	0.2035
10883	0.012
10884	0.003
10885	0.046
10886	0.121
10887	0.19
10888	0.1895
10889	0.441
10890	0.5505
10891	0.2975
10892	0.1315
10893	0.053
10894	0.036
10895	0.0025
10896	0.001
10897	0.004
10898	0.014
10899	0.0085
10900	0.0045
10901	0.0055
10902	0.0075
10903	0.0045
10904	0.0025
10905	0.002
10906	0.002
10907	0.001
10908	0.003
10909	0.002
10910	0.0015
10911	0.003
10912	0.003
10913	0.0015
10914	0.0025
10915	0.002
10916	0.003
10917	0
10918	0.001
10919	0.0025
10920	0.0015
10921	0.002
10922	0.0005
10923	0.001
10924	0.0005
10925	0.0005
10926	0.0015
10927	0
10928	0
10929	0.0005
10930	0
10931	0
10932	0.001
10933	0
10934	0.0005
10935	0.0025
10936	0.001
10937	0.0005
10938	0
10939	0.0005
10940	0.0005
10941	0.001
10942	0
10943	0.0005
10944	0
10945	0
10946	0
10947	0.001
10948	0.002
10949	0.0005
10950	0.0005
10951	0
10952	0.0005
10953	0.0005
10954	0.0005
10955	0.0005
10956	0.0005
10957	0.001
10958	0
10959	0
10960	0.001
10961	0.0005
10962	0.0015
10963	0.0005
10964	0.0005
10965	0.001
10966	0.0005
10967	0.0005
10968	0.0005
10969	0.001
10970	0.0015
10971	0.001
10972	0
10973	0.0005
10974	0.0015
10975	0.0015
10976	0.003
10977	0.001
10978	0.0015
10979	0
10980	0.0015
10981	0.0005
10982	0.003
10983	0.0015
10984	0.001
10985	0.003
10986	0.002
10987	0.001
10988	0.001
10989	0.0025
10990	0.003
10991	0.001
10992	0.0035
10993	0.002
10994	0.002
10995	0.003
10996	0.0005
10997	0.002
10998	0.0015
10999	0.0015
11000	0.002
11001	0.0015
11002	0.003
11003	0.006
11004	0.0045
11005	0.003
11006	0.004
11007	0.0035
11008	0.004
11009	0.0025
11010	0.0015
11011	0.0045
11012	0.005
11013	0.007
11014	0.004
11015	0.005
11016	0.007
11017	0.009
11018	0.016
11019	0.023
11020	0.0515
11021	0.0705
11022	0.1385
11023	0.263
11024	0.3235
11025	0.3045
11026	0.3035
11027	0.261
11028	0.2045
11029	0.054
11030	0.01
11031	0.022
11032	0.0815
11033	0.147
11034	0.1815
11035	0.2885
11036	0.3555
11037	0.456
11038	0.2425
11039	0.1225
11040	0.059
11041	0.012
11042	0.0055
11043	0.006
11044	0.0065
11045	0.027
11046	0.0985
11047	0.2305
11048	0.272
11049	0.491
11050	0.367
11051	0.2875
11052	0.139
11053	0.0125
11054	0.0055
11055	0.0055
11056	0.004
11057	0.018
11058	0.034
11059	0.0755
11060	0.1395
11061	0.2725
11062	0.295
11063	0.314
11064	0.274
11065	0.2105
11066	0.084
11067	0.019
11068	0.005
11069	0.0175
11070	0.066
11071	0.23
11072	0.384
11073	0.399
11074	0.441
11075	0.43
11076	0.2945
11077	0.0425
11078	0.004
11079	0.004
11080	0.01
11081	0.037
11082	0.056
11083	0.178
11084	0.244
11085	0.4015
11086	0.361
11087	0.283
11088	0.1955
11089	0.0495
11090	0.007
11091	0.004
11092	0.001
11093	0.0065
11094	0.007
11095	0.004
11096	0.003
11097	0.0025
11098	0.0025
11099	0.0055
11100	0.002
11101	0.0035
11102	0.0025
11103	0.005
11104	0.0055
11105	0.0035
11106	0.002
11107	0.004
11108	0.0035
11109	0.002
11110	0.001
11111	0.002
11112	0.002
11113	0.0025
11114	0.001
11115	0.0015
11116	0.002
11117	0.004
11118	0.003
11119	0.0015
11120	0.001
11121	0.0015
11122	0.002
11123	0.0005
11124	0.0025
11125	0.0015
11126	0.0005
11127	0.0005
11128	0.0005
11129	0.002
11130	0.0005
11131	0.0005
11132	0.0005
11133	0.0015
11134	0
11135	0.0005
11136	0
11137	0
11138	0
11139	0.001
11140	0.0005
11141	0.0005
11142	0.001
11143	0
11144	0.001
11145	0
11146	0.001
11147	0.001
11148	0.001
11149	0.0005
11150	0.0005
11151	0.001
11152	0.0005
11153	0.0005
11154	0.0015
11155	0.001
11156	0
11157	0.0005
11158	0.0005
11159	0.0015
11160	0
11161	0.001
11162	0.001
11163	0.001
11164	0.0015
11165	0.001
11166	0
11167	0.0005
11168	0
11169	0.0005
11170	0
11171	0.0015
11172	0.001
11173	0.001
11174	0
11175	0.0005
11176	0
11177	0
11178	0.0015
11179	0.0025
11180	0.003
11181	0.0005
11182	0.0025
11183	0.0015
11184	0.002
11185	0.0015
11186	0.0005
11187	0.001
11188	0.002
11189	0.001
11190	0.0035
11191	0.003
11192	0.0035
11193	0.0015
11194	0.001
11195	0.0035
11196	0.002
11197	0.001
11198	0.005
11199	0.005
11200	0.0045
11201	0.0045
11202	0.0055
11203	0.017
11204	0.039
11205	0.133
11206	0.3365
11207	0.3245
11208	0.3945
11209	0.417
11210	0.298
11211	0.1025
11212	0.0035
11213	0.0045
11214	0.006
11215	0.007
11216	0.012
11217	0.0155
11218	0.038
11219	0.1715
11220	0.349
11221	0.3095
11222	0.4045
11223	0.349
11224	0.2505
11225	0.058
11226	0.0015
11227	0.004
11228	0.006
11229	0.005
11230	0.0065
11231	0.005
11232	0.01
11233	0.04
11234	0.1495
11235	0.337
11236	0.3315
11237	0.2875
11238	0.2815
11239	0.1855
11240	0.0325
11241	0.003
11242	0.0025
11243	0.003
11244	0.0055
11245	0.0085
11246	0.006
11247	0.006
11248	0.02
11249	0.0605
11250	0.1945
11251	0.3005
11252	0.452
11253	0.385
11254	0.344
11255	0.223
11256	0.04
11257	0.007
11258	0.007
11259	0.0045
11260	0.044
11261	0.143
11262	0.189
11263	0.1435
11264	0.1795
11265	0.199
11266	0.135
11267	0.0135
11268	0.0065
11269	0.005
11270	0.0295
11271	0.01
11272	0.0095
11273	0.0365
11274	0.083
11275	0.0985
11276	0.103
11277	0.1225
11278	0.2295
11279	0.263
11280	0.1945
11281	0.146
11282	0.2465
11283	0.3405
11284	0.1465
11285	0.0685
11286	0.184
11287	0.3965
11288	0.181
11289	0.0435
11290	0.0685
11291	0.36
11292	0.1425
11293	0.0065
11294	0.011
11295	0.2435
11296	0.236
11297	0.006
11298	0.004
11299	0.191
11300	0.251
11301	0.0295
11302	0.004
11303	0.1485
11304	0.578
11305	0.156
11306	0.0845
11307	0.334
11308	0.4245
11309	0.2165
11310	0.0015
11311	0.0015
11312	0.256
11313	0.062
11314	0.013
11315	0.1095
11316	0.2945
11317	0.2735
11318	0.0145
11319	0.009
11320	0.185
11321	0.1015
11322	0.003
11323	0.0015
11324	0.0885
11325	0.321
11326	0.0835
11327	0.094
11328	0.349
11329	0.335
11330	0.2035
11331	0.0065
11332	0.012
11333	0.3335
11334	0.0115
11335	0.003
11336	0.094
11337	0.2205
11338	0.3025
11339	0.0075
11340	0.008
11341	0.357
11342	0.166
11343	0.0275
11344	0.014
11345	0.114
11346	0.319
11347	0.012
11348	0.0045
11349	0.2755
11350	0.507
11351	0.315
11352	0.035
11353	0.0895
11354	0.456
11355	0.0145
11356	0.0005
11357	0.0015
11358	0.0695
11359	0.15
11360	0.003
11361	0.0045
11362	0.376
11363	0.4875
11364	0.2325
11365	0.1055
11366	0.22
11367	0.3505
11368	0.0025
11369	0.0015
11370	0.001
11371	0.0585
11372	0.105
11373	0.0335
11374	0.0925
11375	0.456
11376	0.439
11377	0.2975
11378	0.227
11379	0.387
11380	0.352
11381	0.0025
11382	0.002
11383	0.026
11384	0.1685
11385	0.0775
11386	0.026
11387	0.095
11388	0.292
11389	0.188
11390	0.019
11391	0.014
11392	0.1765
11393	0.151
11394	0.007
11395	0.0045
11396	0.154
11397	0.503
11398	0.1215
11399	0.094
11400	0.2795
11401	0.3655
11402	0.127
11403	0.0015
11404	0.0025
11405	0.237
11406	0.076
11407	0.0215
11408	0.0965
11409	0.2905
11410	0.2935
11411	0.031
11412	0.022
11413	0.3355
11414	0.2125
11415	0.022
11416	0.0115
11417	0.17
11418	0.355
11419	0.021
11420	0.008
11421	0.1605
11422	0.2935
11423	0.1095
11424	0.0045
11425	0.0285
11426	0.462
11427	0.0895
11428	0.018
11429	0.041
11430	0.1315
11431	0.153
11432	0.002
11433	0.001
11434	0.119
11435	0.1265
11436	0.0425
11437	0.0325
11438	0.129
11439	0.3015
11440	0.0655
11441	0.019
11442	0.1455
11443	0.3085
11444	0.113
11445	0.009
11446	0.017
11447	0.2085
11448	0.142
11449	0.0125
11450	0.0245
11451	0.351
11452	0.3115
11453	0.066
11454	0.034
11455	0.192
11456	0.315
11457	0.0065
11458	0.0035
11459	0.053
11460	0.251
11461	0.174
11462	0.083
11463	0.213
11464	0.457
11465	0.316
11466	0.047
11467	0.0335
11468	0.2095
11469	0.174
11470	0.0045
11471	0.007
11472	0.185
11473	0.33
11474	0.1305
11475	0.112
11476	0.34
11477	0.4825
11478	0.104
11479	0.01
11480	0.0285
11481	0.205
11482	0.032
11483	0.003
11484	0.0095
11485	0.2105
11486	0.389
11487	0.0475
11488	0.054
11489	0.2555
11490	0.3135
11491	0.0325
11492	0.003
11493	0.006
11494	0.375
11495	0.1185
11496	0.066
11497	0.2405
11498	0.306
11499	0.2905
11500	0.003
11501	0.0025
11502	0.0855
11503	0.0145
11504	0.003
11505	0.014
11506	0.2295
11507	0.3175
11508	0.227
11509	0.3215
11510	0.376
11511	0.3355
11512	0.024
11513	0.001
11514	0.0035
11515	0.008
11516	0.0025
11517	0.0015
11518	0.0025
11519	0.002
11520	0.0015
11521	0.001
11522	0.0015
11523	0
11524	0.0015
11525	0.002
11526	0.001
11527	0.001
11528	0.0005
11529	0.0015
11530	0.0005
11531	0.0005
11532	0.001
11533	0.001
11534	0.0015
11535	0.0005
11536	0
11537	0.001
11538	0
11539	0
11540	0
11541	0
11542	0
11543	0.0005
11544	0.0015
11545	0
11546	0.001
11547	0.0005
11548	0
11549	0.0005
11550	0
11551	0.003
11552	0.0015
11553	0
11554	0.0005
11555	0.0005
11556	0.001
11557	0.0005
11558	0.0005
11559	0.0005
11560	0.0005
11561	0
11562	0.001
11563	0.0005
11564	0.0005
11565	0
11566	0
11567	0.001
11568	0.001
11569	0.0005
11570	0.0005
11571	0.001
11572	0
11573	0.001
11574	0.0015
11575	0.0015
11576	0
11577	0.0005
11578	0.002
11579	0.0025
11580	0.001
11581	0.0025
11582	0.0005
11583	0.0015
11584	0.0015
11585	0.001
11586	0.002
11587	0.0005
11588	0.0035
11589	0.0015
11590	0.004
11591	0.0005
11592	0.0005
11593	0.0025
11594	0.0005
11595	0.0015
11596	0.0035
11597	0.0015
11598	0
11599	0.0025
11600	0.001
11601	0.0025
11602	0.002
11603	0.0015
11604	0.0015
11605	0.004
11606	0.002
11607	0.0045
11608	0.004
11609	0.0015
11610	0.0015
11611	0.0035
11612	0.002
11613	0.003
11614	0.005
11615	0.0035
11616	0.0015
11617	0.004
11618	0.0025
11619	0.002
11620	0.0025
11621	0.0015
11622	0.0045
11623	0.003
11624	0.0055
11625	0.001
11626	0.0035
11627	0.005
11628	0.0055
11629	0.008
11630	0.0085
11631	0.013
11632	0.0115
11633	0.017
11634	0.017
11635	0.022
11636	0.0525
11637	0.071
11638	0.107
11639	0.148
11640	0.1655
11641	0.24
11642	0.1655
11643	0.094
11644	0.0695
11645	0.038
11646	0.031
11647	0.01
11648	0.0055
11649	0.0345
11650	0.124
11651	0.215
11652	0.31
11653	0.376
11654	0.439
11655	0.289
11656	0.1065
11657	0.0215
11658	0.0045
11659	0.0035
11660	0.003
11661	0.007
11662	0.0135
11663	0.009
11664	0.018
11665	0.0655
11666	0.1795
11667	0.183
11668	0.16
11669	0.1505
11670	0.132
11671	0.065
11672	0.0095
11673	0.004
11674	0.0015
11675	0.008
11676	0.0085
11677	0.014
11678	0.033
11679	0.155
11680	0.4225
11681	0.4135
11682	0.4455
11683	0.4595
11684	0.381
11685	0.129
11686	0.0015
11687	0.004
11688	0.004
11689	0.007
11690	0.012
11691	0.008
11692	0.0145
11693	0.025
11694	0.0295
11695	0.055
11696	0.038
11697	0.0665
11698	0.0955
11699	0.096
11700	0.1035
11701	0.1635
11702	0.1905
11703	0.2135
11704	0.1305
11705	0.1195
11706	0.143
11707	0.1005
11708	0.041
11709	0.02
11710	0.0415
11711	0.2385
11712	0.27
11713	0.271
11714	0.367
11715	0.4195
11716	0.34
11717	0.032
11718	0.0035
11719	0.005
11720	0.003
11721	0.002
11722	0.002
11723	0.0015
11724	0.0025
11725	0
11726	0.001
11727	0.001
11728	0.0005
11729	0.0025
11730	0.0005
11731	0
11732	0.002
11733	0.001
11734	0.001
11735	0.0005
11736	0.002
11737	0
11738	0.0005
11739	0.0005
11740	0
11741	0.001
11742	0
11743	0
11744	0.0005
11745	0.0005
11746	0
11747	0.0005
11748	0.0005
11749	0
11750	0
11751	0
11752	0.0005
11753	0.001
11754	0.0005
11755	0.001
11756	0.0005
11757	0
11758	0.0005
11759	0.0005
11760	0.001
11761	0.0015
11762	0.002
11763	0.0005
11764	0.0005
11765	0.0005
11766	0.0005
11767	0.001
11768	0.0005
11769	0.001
11770	0.0005
11771	0.001
11772	0.001
11773	0.002
11774	0.002
11775	0.0015
11776	0.001
11777	0.0015
11778	0.001
11779	0.001
11780	0.0015
11781	0.002
11782	0.003
11783	0.0005
11784	0.001
11785	0.002
11786	0.0015
11787	0.004
11788	0.002
11789	0.001
11790	0.001
11791	0.002
11792	0.001
11793	0.0025
11794	0.0025
11795	0.0035
11796	0.002
11797	0.001
11798	0.003
11799	0.002
11800	0.003
11801	0.004
11802	0.004
11803	0.0025
11804	0.0035
11805	0.003
11806	0.002
11807	0.0055
11808	0.0025
11809	0.0025
11810	0.0015
11811	0.004
11812	0.0035
11813	0.0045
11814	0.002
11815	0.0045
11816	0.0055
11817	0.009
11818	0.0065
11819	0.007
11820	0.009
11821	0.015
11822	0.024
11823	0.0535
11824	0.098
11825	0.217
11826	0.461
11827	0.4315
11828	0.354
11829	0.302
11830	0.1835
11831	0.0425
11832	0.0045
11833	0.004
11834	0.0155
11835	0.2155
11836	0.254
11837	0.305
11838	0.371
11839	0.369
11840	0.322
11841	0.0265
11842	0.004
11843	0.0055
11844	0.0035
11845	0.0065
11846	0.0065
11847	0.0035
11848	0.0055
11849	0.006
11850	0.007
11851	0.0085
11852	0.009
11853	0.017
11854	0.044
11855	0.137
11856	0.3635
11857	0.4025
11858	0.4455
11859	0.3615
11860	0.2765
11861	0.096
11862	0.0065
11863	0.004
11864	0.004
11865	0.0065
11866	0.023
11867	0.0385
11868	0.166
11869	0.206
11870	0.2495
11871	0.211
11872	0.1905
11873	0.1165
11874	0.014
11875	0.0055
11876	0.0015
11877	0.003
11878	0.004
11879	0.006
11880	0.0045
11881	0.0055
11882	0.0045
11883	0.004
11884	0.005
11885	0.0055
11886	0.004
11887	0.005
11888	0.0055
11889	0.0035
11890	0.005
11891	0.0015
11892	0.0005
11893	0.003
11894	0.0035
11895	0.005
11896	0.0035
11897	0.0015
11898	0.003
11899	0.0045
11900	0.0025
11901	0.004
11902	0.001
11903	0.0035
11904	0.0025
11905	0.003
11906	0.0005
11907	0.0015
11908	0.003
11909	0.0035
11910	0.001
11911	0.0005
11912	0.0025
11913	0.001
11914	0.001
11915	0.001
11916	0.0025
11917	0.003
11918	0.0015
11919	0.002
11920	0.0005
11921	0.0005
11922	0.0015
11923	0.0005
11924	0.002
11925	0.0025
11926	0.001
11927	0.0015
11928	0.002
11929	0
11930	0.001
11931	0.0015
11932	0
11933	0.001
11934	0.001
11935	0.001
11936	0
11937	0.0005
11938	0
11939	0.0005
11940	0.0005
11941	0
11942	0.0015
11943	0
11944	0.0015
11945	0
11946	0
11947	0
11948	0.0005
11949	0
11950	0.0005
11951	0
11952	0
11953	0.0005
11954	0.001
11955	0.0005
11956	0.0005
11957	0.0005
11958	0.0005
11959	0.0005
11960	0.0005
11961	0.0015
11962	0.003
11963	0
11964	0.0015
11965	0.001
11966	0.001
11967	0.001
11968	0.0005
11969	0.0005
11970	0.0005
11971	0
11972	0.0015
11973	0.0005
11974	0.002
11975	0.0005
11976	0.0005
11977	0.001
11978	0.002
11979	0
11980	0.002
11981	0.0015
11982	0.0015
11983	0.0025
11984	0.0015
11985	0.0015
11986	0.001
11987	0.002
11988	0.003
11989	0.001
11990	0
11991	0.0015
11992	0.0025
11993	0.0025
11994	0.0015
11995	0.003
11996	0.0025
11997	0.001
11998	0.0015
11999	0.003
12000	0.001
12001	0.003
12002	0.001
12003	0.002
12004	0.004
12005	0.002
12006	0.0035
12007	0.002
12008	0.003
12009	0.004
12010	0.004
12011	0.0025
12012	0.008
12013	0.0035
12014	0.003
12015	0.003
12016	0.005
12017	0.004
12018	0.0005
12019	0.0035
12020	0.004
12021	0.0035
12022	0.002
12023	0.005
12024	0.003
12025	0.0045
12026	0.006
12027	0.004
12028	0.01
12029	0.017
12030	0.0175
12031	0.0325
12032	0.07
12033	0.107
12034	0.1345
12035	0.1295
12036	0.131
12037	0.1415
12038	0.082
12039	0.0265
12040	0.0095
12041	0.0125
12042	0.039
12043	0.0365
12044	0.052
12045	0.1195
12046	0.298
12047	0.315
12048	0.288
12049	0.3075
12050	0.3295
12051	0.191
12052	0.0165
12053	0.008
12054	0.0345
12055	0.17
12056	0.1805
12057	0.181
12058	0.3515
12059	0.4175
12060	0.3165
12061	0.079
12062	0.0165
12063	0.0305
12064	0.0085
12065	0.005
12066	0.0065
12067	0.008
12068	0.0235
12069	0.067
12070	0.1535
12071	0.439
12072	0.465
12073	0.3965
12074	0.364
12075	0.2695
12076	0.0965
12077	0.005
12078	0.0035
12079	0.0065
12080	0.093
12081	0.195
12082	0.2765
12083	0.46
12084	0.416
12085	0.3545
12086	0.154
12087	0.014
12088	0.0025
12089	0.0055
12090	0.003
12091	0.009
12092	0.006
12093	0.0135
12094	0.034
12095	0.0615
12096	0.103
12097	0.1465
12098	0.1805
12099	0.2625
12100	0.2275
12101	0.233
12102	0.2105
12103	0.131
12104	0.1765
12105	0.09
12106	0.094
12107	0.178
12108	0.137
12109	0.1455
12110	0.125
12111	0.0735
12112	0.146
12113	0.0335
12114	0.026
12115	0.057
12116	0.044
12117	0.077
12118	0.0905
12119	0.1685
12120	0.509
12121	0.414
12122	0.3755
12123	0.3035
12124	0.206
12125	0.1
12126	0.0005
12127	0
12128	0.0035
12129	0.004
12130	0.0015
12131	0.0005
12132	0.001
12133	0.001
12134	0.0005
12135	0.002
12136	0.001
12137	0.0015
12138	0.0005
12139	0.0015
12140	0.003
12141	0
12142	0.0005
12143	0.001
12144	0.0005
12145	0
12146	0.001
12147	0.0005
12148	0.0005
12149	0.0005
12150	0.002
12151	0.0005
12152	0.001
12153	0
12154	0.0005
12155	0.0005
12156	0
12157	0.0005
12158	0.001
12159	0.003
12160	0.0015
12161	0
12162	0.001
12163	0.0015
12164	0.001
12165	0.0015
12166	0.0005
12167	0.0005
12168	0.0005
12169	0.0025
12170	0.0005
12171	0.0005
12172	0.001
12173	0.002
12174	0.0015
12175	0
12176	0.001
12177	0.0025
12178	0.0015
12179	0.002
12180	0.0005
12181	0.0005
12182	0.004
12183	0.002
12184	0.001
12185	0.0025
12186	0.002
12187	0.0035
12188	0.0025
12189	0.0015
12190	0.0035
12191	0.001
12192	0.0005
12193	0
12194	0.002
12195	0.002
12196	0.003
12197	0.002
12198	0.0045
12199	0.001
12200	0.0015
12201	0.0005
12202	0.0025
12203	0.002
12204	0.0005
12205	0.003
12206	0.0025
12207	0.0025
12208	0.003
12209	0.006
12210	0.006
12211	0.006
12212	0.0045
12213	0.005
12214	0.009
12215	0.0065
12216	0.007
12217	0.0115
12218	0.0225
12219	0.039
12220	0.066
12221	0.108
12222	0.1155
12223	0.1455
12224	0.1505
12225	0.128
12226	0.081
12227	0.032
12228	0.0265
12229	0.025
12230	0.0095
12231	0.0165
12232	0.0375
12233	0.079
12234	0.2315
12235	0.2695
12236	0.3995
12237	0.316
12238	0.2475
12239	0.136
12240	0.019
12241	0.005
12242	0.0035
12243	0.0045
12244	0.026
12245	0.044
12246	0.1055
12247	0.275
12248	0.2835
12249	0.277
12250	0.2105
12251	0.154
12252	0.0485
12253	0.006
12254	0.007
12255	0.005
12256	0.0065
12257	0.024
12258	0.0835
12259	0.138
12260	0.2545
12261	0.315
12262	0.416
12263	0.357
12264	0.1855
12265	0.0705
12266	0.018
12267	0.005
12268	0.0055
12269	0.0085
12270	0.033
12271	0.1135
12272	0.1825
12273	0.366
12274	0.3065
12275	0.3415
12276	0.283
12277	0.1315
12278	0.024
12279	0.0065
12280	0.0035
12281	0.0275
12282	0.0825
12283	0.162
12284	0.281
12285	0.318
12286	0.365
12287	0.2975
12288	0.176
12289	0.0455
12290	0.0065
12291	0.0015
12292	0.0065
12293	0.008
12294	0.0145
12295	0.0175
12296	0.0545
12297	0.1975
12298	0.3135
12299	0.3135
12300	0.294
12301	0.2795
12302	0.22
12303	0.021
12304	0.0015
12305	0.003
12306	0.005
12307	0.0065
12308	0.005
12309	0.0025
12310	0.0035
12311	0.0045
12312	0.0045
12313	0.0025
12314	0.002
12315	0.001
12316	0.001
12317	0.0025
12318	0.0035
12319	0.0015
12320	0.0005
12321	0.001
12322	0.002
12323	0
12324	0.001
12325	0.001
12326	0.001
12327	0
12328	0.0025
12329	0.001
12330	0.001
12331	0.0005
12332	0
12333	0.001
12334	0.001
12335	0.0025
12336	0.001
12337	0.0005
12338	0
12339	0.0005
12340	0.001
12341	0.001
12342	0.001
12343	0.0005
12344	0.0005
12345	0
12346	0.001
12347	0.0005
12348	0.0005
12349	0.0005
12350	0
12351	0.0005
12352	0
12353	0.0005
12354	0.001
12355	0
12356	0.0005
12357	0
12358	0
12359	0
12360	0.0005
12361	0.001
12362	0.0005
12363	0.0015
12364	0.001
12365	0.001
12366	0
12367	0.0015
12368	0.002
12369	0
12370	0.0005
12371	0.001
12372	0.0015
12373	0.0005
12374	0.0015
12375	0
12376	0.002
12377	0.001
12378	0.0015
12379	0.001
12380	0.0005
12381	0.002
12382	0.003
12383	0.0005
12384	0.0005
12385	0.001
12386	0.002
12387	0.003
12388	0.002
12389	0.0015
12390	0.0015
12391	0.001
12392	0.0025
12393	0.0015
12394	0.001
12395	0.0025
12396	0.0015
12397	0.0065
12398	0.0045
12399	0.0035
12400	0.004
12401	0.0055
12402	0.0065
12403	0.0045
12404	0.0075
12405	0.0065
12406	0.0195
12407	0.0635
12408	0.159
12409	0.3675
12410	0.328
12411	0.422
12412	0.3695
12413	0.238
12414	0.0585
12415	0.004
12416	0.002
12417	0.0025
12418	0.008
12419	0.025
12420	0.023
12421	0.0705
12422	0.134
12423	0.1775
12424	0.141
12425	0.1325
12426	0.12
12427	0.071
12428	0.0095
12429	0.004
12430	0.008
12431	0.013
12432	0.0165
12433	0.0415
12434	0.1545
12435	0.3935
12436	0.3095
12437	0.3695
12438	0.369
12439	0.281
12440	0.088
12441	0.008
12442	0.004
12443	0.012
12444	0.022
12445	0.0355
12446	0.1415
12447	0.237
12448	0.3545
12449	0.388
12450	0.3195
12451	0.266
12452	0.077
12453	0.004
12454	0.004
12455	0.003
12456	0.0045
12457	0.004
12458	0.0065
12459	0.004
12460	0.007
12461	0.012
12462	0.0295
12463	0.11
12464	0.246
12465	0.3695
12466	0.493
12467	0.553
12468	0.476
12469	0.2675
12470	0.042
12471	0.0075
12472	0.0045
12473	0.0045
12474	0.026
12475	0.0505
12476	0.1325
12477	0.207
12478	0.274
12479	0.256
12480	0.2025
12481	0.132
12482	0.0345
12483	0.0045
12484	0.0065
12485	0.0045
12486	0.004
12487	0.011
12488	0.0085
12489	0.012
12490	0.014
12491	0.013
12492	0.014
12493	0.0125
12494	0.0145
12495	0.0085
12496	0.006
12497	0.006
12498	0.008
12499	0.0065
12500	0.0065
12501	0.0055
12502	0.003
12503	0.0045
12504	0.002
12505	0.003
12506	0.0045
12507	0.005
12508	0.0025
12509	0.001
12510	0.0015
12511	0.0015
12512	0.0015
12513	0.001
12514	0.0005
12515	0.0015
12516	0.002
12517	0.002
12518	0.0025
12519	0.001
12520	0.0015
12521	0.002
12522	0
12523	0.0005
12524	0.0015
12525	0.0015
12526	0.0005
12527	0
12528	0.0005
12529	0.0015
12530	0.0005
12531	0.001
12532	0
12533	0
12534	0.001
12535	0.001
12536	0.001
12537	0.001
12538	0.0015
12539	0.001
12540	0.001
12541	0.001
12542	0.0005
12543	0
12544	0
12545	0.0005
12546	0
12547	0.0005
12548	0.001
12549	0
12550	0.002
12551	0
12552	0.0005
12553	0.001
12554	0.0015
12555	0.0015
12556	0.001
12557	0
12558	0
12559	0.001
12560	0.001
12561	0.0025
12562	0.0005
12563	0.001
12564	0.001
12565	0.001
12566	0.0015
12567	0.001
12568	0.002
12569	0.001
12570	0.0005
12571	0.004
12572	0.0005
12573	0.0005
12574	0.001
12575	0.0015
12576	0.0005
12577	0.001
12578	0.0015
12579	0.0005
12580	0
12581	0.0005
12582	0.0025
12583	0.0025
12584	0.0015
12585	0.002
12586	0.002
12587	0.001
12588	0.002
12589	0.002
12590	0.0015
12591	0.0015
12592	0.0015
12593	0.0035
12594	0.0025
12595	0.001
12596	0.003
12597	0.0025
12598	0.0025
12599	0.004
12600	0.002
12601	0.004
12602	0.003
12603	0.0015
12604	0.004
12605	0.0005
12606	0.0035
12607	0.004
12608	0.001
12609	0.0035
12610	0.003
12611	0.0025
12612	0.003
12613	0.0015
12614	0.0025
12615	0.005
12616	0.0025
12617	0.003
12618	0.004
12619	0.0055
12620	0.008
12621	0.0155
12622	0.107
12623	0.277
12624	0.351
12625	0.267
12626	0.266
12627	0.2335
12628	0.0745
12629	0.0055
12630	0.0055
12631	0.0065
12632	0.0085
12633	0.014
12634	0.012
12635	0.032
12636	0.0515
12637	0.083
12638	0.092
12639	0.1255
12640	0.133
12641	0.121
12642	0.0775
12643	0.0505
12644	0.045
12645	0.0515
12646	0.066
12647	0.08
12648	0.172
12649	0.1815
12650	0.1795
12651	0.134
12652	0.105
12653	0.051
12654	0.008
12655	0.0045
12656	0.0055
12657	0.0055
12658	0.0055
12659	0.0075
12660	0.012
12661	0.042
12662	0.1225
12663	0.292
12664	0.3025
12665	0.4185
12666	0.2585
12667	0.197
12668	0.0695
12669	0.0055
12670	0.004
12671	0.0035
12672	0.0045
12673	0.008
12674	0.006
12675	0.0055
12676	0.008
12677	0.016
12678	0.0365
12679	0.091
12680	0.1655
12681	0.274
12682	0.3575
12683	0.2965
12684	0.261
12685	0.152
12686	0.0405
12687	0.009
12688	0.004
12689	0.0025
12690	0.014
12691	0.023
12692	0.0335
12693	0.0835
12694	0.269
12695	0.4295
12696	0.328
12697	0.304
12698	0.307
12699	0.2015
12700	0.01
12701	0.002
12702	0.0015
12703	0.01
12704	0.0135
12705	0.0085
12706	0.0115
12707	0.0355
12708	0.128
12709	0.3545
12710	0.2905
12711	0.3565
12712	0.331
12713	0.2995
12714	0.106
12715	0.0025
12716	0.002
12717	0.0045
12718	0.0025
12719	0.002
12720	0.0005
12721	0.0025
12722	0.002
12723	0.001
12724	0
12725	0.001
12726	0
12727	0.0015
12728	0
12729	0.0005
12730	0.0015
12731	0.0005
12732	0.0005
12733	0.0015
12734	0.0005
12735	0.0015
12736	0.001
12737	0.0005
12738	0.0005
12739	0.001
12740	0.0005
12741	0.001
12742	0.0015
12743	0
12744	0.0005
12745	0.0005
12746	0.001
12747	0.0005
12748	0
12749	0.001
12750	0.001
12751	0.0005
12752	0.001
12753	0
12754	0
12755	0.0005
12756	0.001
12757	0.0005
12758	0.0005
12759	0
12760	0.001
12761	0.001
12762	0
12763	0.0005
12764	0.0005
12765	0.0015
12766	0.001
12767	0.0005
12768	0.0005
12769	0.0015
12770	0.0015
12771	0.0005
12772	0
12773	0.001
12774	0.0005
12775	0.0005
12776	0.0015
12777	0
12778	0.0025
12779	0.0025
12780	0
12781	0.001
12782	0.003
12783	0.001
12784	0.001
12785	0.0015
12786	0.0025
12787	0.001
12788	0.0005
12789	0.002
12790	0.002
12791	0.0015
12792	0.001
12793	0.002
12794	0.002
12795	0.0025
12796	0.002
12797	0.0045
12798	0.0045
12799	0.003
12800	0.0025
12801	0.0035
12802	0.0035
12803	0.002
12804	0.0025
12805	0.0045
12806	0.0035
12807	0.002
12808	0.0025
12809	0.0015
12810	0.003
12811	0.003
12812	0.0035
12813	0.0045
12814	0.0015
12815	0.0025
12816	0.003
12817	0.0065
12818	0.0025
12819	0.005
12820	0.0035
12821	0.0045
12822	0.004
12823	0.003
12824	0.004
12825	0.0055
12826	0.0055
12827	0.0025
12828	0.004
12829	0.0055
12830	0.004
12831	0.0015
12832	0.0055
12833	0.0065
12834	0.007
12835	0.0035
12836	0.009
12837	0.011
12838	0.014
12839	0.0155
12840	0.018
12841	0.0265
12842	0.038
12843	0.048
12844	0.097
12845	0.131
12846	0.1705
12847	0.2135
12848	0.223
12849	0.2165
12850	0.1725
12851	0.07
12852	0.0565
12853	0.037
12854	0.031
12855	0.031
12856	0.043
12857	0.1815
12858	0.2545
12859	0.356
12860	0.4735
12861	0.4635
12862	0.37
12863	0.1285
12864	0.0145
12865	0.012
12866	0.006
12867	0.0055
12868	0.0205
12869	0.028
12870	0.069
12871	0.1695
12872	0.2595
12873	0.294
12874	0.342
12875	0.32
12876	0.2565
12877	0.097
12878	0.0195
12879	0.0105
12880	0.024
12881	0.0415
12882	0.151
12883	0.4325
12884	0.4615
12885	0.541
12886	0.35
12887	0.279
12888	0.097
12889	0.004
12890	0.004
12891	0.0015
12892	0.004
12893	0.018
12894	0.0055
12895	0.0025
12896	0.0055
12897	0.008
12898	0.0115
12899	0.0045
12900	0.0055
12901	0.0235
12902	0.0555
12903	0.0475
12904	0.059
12905	0.0885
12906	0.1255
12907	0.0975
12908	0.051
12909	0.0335
12910	0.093
12911	0.159
12912	0.123
12913	0.177
12914	0.3655
12915	0.4265
12916	0.2625
12917	0.1195
12918	0.097
12919	0.095
12920	0.003
12921	0
12922	0.005
12923	0.0245
12924	0.0395
12925	0.058
12926	0.1025
12927	0.308
12928	0.3905
12929	0.261
12930	0.2115
12931	0.192
12932	0.1085
12933	0.0015
12934	0.0005
12935	0
12936	0.0055
12937	0.0015
12938	0.0005
12939	0.001
12940	0.001
12941	0.0005
12942	0.001
12943	0.0015
12944	0.0005
12945	0
12946	0.0005
12947	0.0005
12948	0
12949	0.0005
12950	0.0005
12951	0
12952	0
12953	0.0005
12954	0.0005
12955	0.001
12956	0.0005
12957	0.0005
12958	0.0005
12959	0.0005
12960	0
12961	0
12962	0.001
12963	0.001
12964	0.001
12965	0
12966	0.0005
12967	0.0005
12968	0.0005
12969	0.001
12970	0
12971	0.0025
12972	0.003
12973	0.001
12974	0.001
12975	0.0005
12976	0.001
12977	0.001
12978	0
12979	0.0005
12980	0.0015
12981	0.002
12982	0.0025
12983	0.0015
12984	0.002
12985	0.0015
12986	0.002
12987	0.0005
12988	0.001
12989	0.002
12990	0.003
12991	0.0015
12992	0.0025
12993	0.003
12994	0.001
12995	0.002
12996	0.001
12997	0.0015
12998	0.0015
12999	0.0025
13000	0.0015
13001	0.0035
13002	0.0015
13003	0.0015
13004	0.0035
13005	0.001
13006	0.0025
13007	0.003
13008	0.002
13009	0.002
13010	0.003
13011	0.002
13012	0.004
13013	0.003
13014	0
13015	0.0045
13016	0.0035
13017	0.005
13018	0.005
13019	0.0055
13020	0.004
13021	0.005
13022	0.0045
13023	0.007
13024	0.0065
13025	0.008
13026	0.007
13027	0.0085
13028	0.007
13029	0.006
13030	0.0045
13031	0.005
13032	0.0035
13033	0.001
13034	0.006
13035	0.006
13036	0.009
13037	0.0105
13038	0.0205
13039	0.0475
13040	0.096
13041	0.1825
13042	0.187
13043	0.2435
13044	0.2655
13045	0.211
13046	0.1405
13047	0.0475
13048	0.0265
13049	0.045
13050	0.0505
13051	0.127
13052	0.2935
13053	0.3875
13054	0.552
13055	0.3985
13056	0.3425
13057	0.198
13058	0.013
13059	0.0045
13060	0.0065
13061	0.0075
13062	0.0535
13063	0.1175
13064	0.204
13065	0.187
13066	0.1865
13067	0.207
13068	0.118
13069	0.0235
13070	0.006
13071	0.0035
13072	0.015
13073	0.023
13074	0.049
13075	0.114
13076	0.105
13077	0.122
13078	0.163
13079	0.178
13080	0.1585
13081	0.057
13082	0.0355
13083	0.1995
13084	0.418
13085	0.421
13086	0.392
13087	0.3875
13088	0.383
13089	0.101
13090	0.0025
13091	0.003
13092	0.0025
13093	0.0065
13094	0.0045
13095	0.005
13096	0.0035
13097	0.003
13098	0.003
13099	0.0015
13100	0.003
13101	0.0035
13102	0.0045
13103	0.002
13104	0.002
13105	0.0035
13106	0.0015
13107	0.0025
13108	0.0005
13109	0.0005
13110	0.0015
13111	0.0035
13112	0.0005
13113	0.001
13114	0.0015
13115	0.0015
13116	0.0025
13117	0.003
13118	0.002
13119	0.0015
13120	0.0005
13121	0.0015
13122	0.0005
13123	0.001
13124	0
13125	0.0005
13126	0.0005
13127	0.001
13128	0.0005
13129	0.0005
13130	0.0005
13131	0.002
13132	0.0005
13133	0.0005
13134	0.0015
13135	0.0005
13136	0.0005
13137	0.0005
13138	0.0005
13139	0.0005
13140	0.001
13141	0.001
13142	0.0005
13143	0
13144	0.001
13145	0.001
13146	0.0005
13147	0.0005
13148	0.001
13149	0.0005
13150	0
13151	0.0005
13152	0.0005
13153	0.0005
13154	0
13155	0.0005
13156	0.001
13157	0
13158	0.001
13159	0.001
13160	0.0025
13161	0
13162	0.0005
13163	0.002
13164	0.0005
13165	0.001
13166	0.0005
13167	0.0015
13168	0
13169	0.0015
13170	0.002
13171	0.0015
13172	0.0005
13173	0.0025
13174	0.0015
13175	0.0005
13176	0.001
13177	0.002
13178	0.001
13179	0.0015
13180	0.0025
13181	0.0015
13182	0.002
13183	0.002
13184	0.0015
13185	0.002
13186	0.0015
13187	0.0025
13188	0.0025
13189	0.001
13190	0.0025
13191	0.003
13192	0.0015
13193	0.004
13194	0.002
13195	0.001
13196	0.004
13197	0.0025
13198	0.001
13199	0.001
13200	0.001
13201	0.0025
13202	0.001
13203	0.0045
13204	0.0015
13205	0.003
13206	0.0055
13207	0.0035
13208	0.0025
13209	0.0045
13210	0.0035
13211	0.005
13212	0.0075
13213	0.0155
13214	0.042
13215	0.09
13216	0.103
13217	0.1855
13218	0.1935
13219	0.223
13220	0.135
13221	0.065
13222	0.041
13223	0.018
13224	0.0035
13225	0.007
13226	0.006
13227	0.0105
13228	0.0055
13229	0.0035
13230	0.003
13231	0.0055
13232	0.004
13233	0.0035
13234	0.004
13235	0.005
13236	0.007
13237	0.005
13238	0.003
13239	0.002
13240	0.008
13241	0.0025
13242	0.006
13243	0.004
13244	0.003
13245	0.006
13246	0.005
13247	0.0035
13248	0.004
13249	0.0065
13250	0.0075
13251	0.014
13252	0.032
13253	0.129
13254	0.2845
13255	0.3775
13256	0.375
13257	0.4865
13258	0.3915
13259	0.169
13260	0.0135
13261	0.004
13262	0.008
13263	0.011
13264	0.0085
13265	0.01
13266	0.012
13267	0.015
13268	0.029
13269	0.025
13270	0.0385
13271	0.062
13272	0.073
13273	0.076
13274	0.103
13275	0.224
13276	0.435
13277	0.2905
13278	0.296
13279	0.3665
13280	0.2435
13281	0.0755
13282	0.006
13283	0.0055
13284	0.021
13285	0.0175
13286	0.005
13287	0.022
13288	0.1575
13289	0.3805
13290	0.252
13291	0.358
13292	0.352
13293	0.317
13294	0.052
13295	0.0025
13296	0.0045
13297	0.005
13298	0.002
13299	0.006
13300	0.002
13301	0.0035
13302	0.002
13303	0.0035
13304	0.003
13305	0.004
13306	0.001
13307	0.003
13308	0.004
13309	0.0015
13310	0.0025
13311	0.0015
13312	0.0015
13313	0.0035
13314	0.0005
13315	0.0015
13316	0.0015
13317	0.0015
13318	0.0005
13319	0
13320	0.0015
13321	0.0015
13322	0.001
13323	0.001
13324	0.0015
13325	0.001
13326	0.0005
13327	0.001
13328	0.0005
13329	0.001
13330	0.001
13331	0.001
13332	0.0005
13333	0.0005
13334	0.0005
13335	0.0005
13336	0.0005
13337	0.0015
13338	0
13339	0.0005
13340	0
13341	0.002
13342	0
13343	0.0015
13344	0
13345	0.001
13346	0
13347	0.001
13348	0
13349	0
13350	0
13351	0.0005
13352	0.001
13353	0
13354	0.0005
13355	0.0005
13356	0.0005
13357	0
13358	0.001
13359	0.0005
13360	0.001
13361	0.0005
13362	0
13363	0.0005
13364	0
13365	0.001
13366	0.0005
13367	0.001
13368	0.0005
13369	0.0015
13370	0
13371	0
13372	0.001
13373	0.0015
13374	0.0005
13375	0.0015
13376	0.0015
13377	0.001
13378	0.0025
13379	0.001
13380	0.001
13381	0.0015
13382	0.001
13383	0.0005
13384	0.001
13385	0.0015
13386	0.002
13387	0.002
13388	0.001
13389	0.001
13390	0.0005
13391	0.0015
13392	0.0045
13393	0.002
13394	0.001
13395	0.0025
13396	0.0015
13397	0.002
13398	0.002
13399	0.001
13400	0.0005
13401	0.0035
13402	0.002
13403	0.0025
13404	0.0015
13405	0.002
13406	0.0025
13407	0.002
13408	0.0015
13409	0.004
13410	0.003
13411	0.003
13412	0.004
13413	0.0055
13414	0.0035
13415	0.003
13416	0.0015
13417	0.0055
13418	0.004
13419	0.0035
13420	0.004
13421	0.0055
13422	0.0025
13423	0.0025
13424	0.005
13425	0.008
13426	0.0095
13427	0.007
13428	0.009
13429	0.036
13430	0.0655
13431	0.1665
13432	0.306
13433	0.4185
13434	0.375
13435	0.341
13436	0.241
13437	0.1065
13438	0.0105
13439	0.004
13440	0.009
13441	0.0565
13442	0.1625
13443	0.2005
13444	0.254
13445	0.2245
13446	0.2325
13447	0.122
13448	0.0175
13449	0.0025
13450	0.0075
13451	0.006
13452	0.008
13453	0.01
13454	0.0265
13455	0.0935
13456	0.1645
13457	0.259
13458	0.2475
13459	0.28
13460	0.2905
13461	0.133
13462	0.035
13463	0.0175
13464	0.0125
13465	0.0275
13466	0.033
13467	0.0215
13468	0.0455
13469	0.057
13470	0.0635
13471	0.082
13472	0.0335
13473	0.029
13474	0.028
13475	0.0135
13476	0.0135
13477	0.0115
13478	0.008
13479	0.018
13480	0.015
13481	0.02
13482	0.032
13483	0.0435
13484	0.059
13485	0.1115
13486	0.179
13487	0.1815
13488	0.144
13489	0.1335
13490	0.1045
13491	0.046
13492	0.0045
13493	0.0045
13494	0.0035
13495	0.006
13496	0.005
13497	0.0035
13498	0.0035
13499	0.005
13500	0.0095
13501	0.022
13502	0.0605
13503	0.1875
13504	0.3465
13505	0.339
13506	0.3565
13507	0.337
13508	0.2435
13509	0.0395
13510	0.0015
13511	0.0005
13512	0.0085
13513	0.018
13514	0.049
13515	0.1275
13516	0.1775
13517	0.2695
13518	0.3145
13519	0.2375
13520	0.172
13521	0.037
13522	0.004
13523	0.002
13524	0.0015
13525	0.0015
13526	0.0015
13527	0.0015
13528	0.0025
13529	0.001
13530	0.0005
13531	0
13532	0.0015
13533	0.0015
13534	0.001
13535	0.001
13536	0.001
13537	0
13538	0
13539	0.0005
13540	0.001
13541	0.0005
13542	0.0005
13543	0.001
13544	0
13545	0.001
13546	0.001
13547	0.0015
13548	0.0005
13549	0.0005
13550	0.0005
13551	0
13552	0
13553	0
13554	0.0005
13555	0
13556	0.0005
13557	0.001
13558	0
13559	0
13560	0.002
13561	0.0005
13562	0
13563	0.0005
13564	0.0005
13565	0.001
13566	0.001
13567	0.0005
13568	0.0005
13569	0.0005
13570	0.0005
13571	0.0015
13572	0.0015
13573	0.0005
13574	0.0025
13575	0.0005
13576	0.001
13577	0.001
13578	0.0005
13579	0.002
13580	0.002
13581	0.001
13582	0.001
13583	0.002
13584	0.0005
13585	0.002
13586	0.001
13587	0.001
13588	0.001
13589	0.002
13590	0.002
13591	0.0025
13592	0.0015
13593	0.0015
13594	0.003
13595	0.002
13596	0.003
13597	0.0015
13598	0.0025
13599	0.003
13600	0.0025
13601	0.003
13602	0.0035
13603	0.0025
13604	0.002
13605	0.002
13606	0.002
13607	0.0015
13608	0.004
13609	0.0035
13610	0.0025
13611	0.0035
13612	0.0045
13613	0.0025
13614	0.005
13615	0.004
13616	0.006
13617	0.006
13618	0.006
13619	0.011
13620	0.0095
13621	0.0145
13622	0.0215
13623	0.0505
13624	0.158
13625	0.241
13626	0.304
13627	0.4215
13628	0.4635
13629	0.429
13630	0.159
13631	0.0575
13632	0.07
13633	0.05
13634	0.0475
13635	0.129
13636	0.253
13637	0.2195
13638	0.201
13639	0.184
13640	0.165
13641	0.0425
13642	0.004
13643	0.003
13644	0.004
13645	0.006
13646	0.0055
13647	0.004
13648	0.008
13649	0.0145
13650	0.039
13651	0.0705
13652	0.18
13653	0.297
13654	0.3545
13655	0.3415
13656	0.2765
13657	0.1645
13658	0.0455
13659	0.004
13660	0.005
13661	0.0045
13662	0.0205
13663	0.027
13664	0.036
13665	0.0555
13666	0.075
13667	0.0895
13668	0.0705
13669	0.055
13670	0.0415
13671	0.0365
13672	0.0255
13673	0.017
13674	0.039
13675	0.1695
13676	0.1655
13677	0.197
13678	0.2035
13679	0.1975
13680	0.1835
13681	0.023
13682	0.006
13683	0.011
13684	0.0075
13685	0.012
13686	0.0075
13687	0.0095
13688	0.022
13689	0.0765
13690	0.254
13691	0.5735
13692	0.528
13693	0.4755
13694	0.4285
13695	0.312
13696	0.033
13697	0.003
13698	0.0045
13699	0.004
13700	0.0705
13701	0.3405
13702	0.3395
13703	0.4035
13704	0.352
13705	0.377
13706	0.2095
13707	0.004
13708	0.002
13709	0.0025
13710	0.0025
13711	0.0055
13712	0.0015
13713	0.0035
13714	0.001
13715	0.001
13716	0.0015
13717	0.0005
13718	0.002
13719	0.0015
13720	0.0005
13721	0.0015
13722	0.001
13723	0.002
13724	0.0005
13725	0.001
13726	0.0005
13727	0.001
13728	0.0015
13729	0.002
13730	0.001
13731	0
13732	0.001
13733	0.0025
13734	0.001
13735	0.001
13736	0.0005
13737	0.0005
13738	0.0005
13739	0.0005
13740	0.0005
13741	0
13742	0.002
13743	0.001
13744	0.0005
13745	0.001
13746	0.0005
13747	0
13748	0
13749	0.001
13750	0.001
13751	0
13752	0.0005
13753	0.0005
13754	0
13755	0.0005
13756	0
13757	0.0005
13758	0.0005
13759	0.0005
13760	0.001
13761	0.0005
13762	0.0005
13763	0.0005
13764	0
13765	0
13766	0.0005
13767	0
13768	0.001
13769	0.001
13770	0.002
13771	0.0005
13772	0.0025
13773	0.0005
13774	0.001
13775	0.0005
13776	0.0015
13777	0.001
13778	0.002
13779	0.0015
13780	0.0015
13781	0
13782	0.0005
13783	0.0015
13784	0.0015
13785	0.002
13786	0.003
13787	0.0025
13788	0.0015
13789	0.002
13790	0.0025
13791	0.002
13792	0.0025
13793	0.0025
13794	0.0005
13795	0.002
13796	0.0025
13797	0.0055
13798	0.0035
13799	0.001
13800	0.0025
13801	0.0035
13802	0.002
13803	0.0045
13804	0.002
13805	0.004
13806	0.0035
13807	0.002
13808	0.004
13809	0.0025
13810	0.003
13811	0.001
13812	0.003
13813	0.0035
13814	0.006
13815	0.003
13816	0.006
13817	0.0065
13818	0.0105
13819	0.0145
13820	0.0215
13821	0.0865
13822	0.166
13823	0.2485
13824	0.2635
13825	0.266
13826	0.3115
13827	0.2095
13828	0.035
13829	0.006
13830	0.006
13831	0.0175
13832	0.021
13833	0.0205
13834	0.036
13835	0.139
13836	0.2155
13837	0.351
13838	0.514
13839	0.4335
13840	0.3925
13841	0.1905
13842	0.0465
13843	0.021
13844	0.007
13845	0.0045
13846	0.0375
13847	0.0895
13848	0.1795
13849	0.3005
13850	0.2785
13851	0.3205
13852	0.261
13853	0.127
13854	0.0305
13855	0.0075
13856	0.005
13857	0.01
13858	0.022
13859	0.06
13860	0.078
13861	0.1015
13862	0.13
13863	0.137
13864	0.152
13865	0.071
13866	0.026
13867	0.019
13868	0.016
13869	0.019
13870	0.0185
13871	0.0335
13872	0.128
13873	0.2345
13874	0.2685
13875	0.4125
13876	0.2645
13877	0.2595
13878	0.079
13879	0.008
13880	0.0025
13881	0.0035
13882	0.003
13883	0.006
13884	0.0035
13885	0.0035
13886	0.005
13887	0.006
13888	0.006
13889	0.007
13890	0.01
13891	0.024
13892	0.034
13893	0.0635
13894	0.107
13895	0.1905
13896	0.3195
13897	0.3725
13898	0.3725
13899	0.3455
13900	0.2595
13901	0.1715
13902	0.045
13903	0.016
13904	0.038
13905	0.151
13906	0.3615
13907	0.407
13908	0.3275
13909	0.367
13910	0.2845
13911	0.091
13912	0.002
13913	0.002
13914	0.0005
13915	0.004
13916	0.002
13917	0.0015
13918	0.002
13919	0.002
13920	0.0005
13921	0.0005
13922	0.001
13923	0.0005
13924	0.0005
13925	0.0005
13926	0.0025
13927	0
13928	0.002
13929	0
13930	0.002
13931	0.0005
13932	0
13933	0.0005
13934	0.001
13935	0
13936	0.001
13937	0.002
13938	0.0005
13939	0
13940	0
13941	0.0005
13942	0.001
13943	0
13944	0.0005
13945	0.0005
13946	0.0005
13947	0.001
13948	0.0015
13949	0
13950	0.0015
13951	0
13952	0.0005
13953	0.0005
13954	0.001
13955	0.001
13956	0.0005
13957	0
13958	0.002
13959	0
13960	0
13961	0.001
13962	0
13963	0.002
13964	0
13965	0.0025
13966	0.0005
13967	0.0005
13968	0
13969	0
13970	0
13971	0.0015
13972	0.0015
13973	0.0005
13974	0.002
13975	0.0015
13976	0.002
13977	0.001
13978	0.0015
13979	0.001
13980	0.002
13981	0.0015
13982	0.001
13983	0.0015
13984	0.002
13985	0.002
13986	0.001
13987	0.0025
13988	0.003
13989	0.003
13990	0.002
13991	0.003
13992	0.001
13993	0.003
13994	0.003
13995	0.003
13996	0.0025
13997	0.001
13998	0.005
13999	0.003
14000	0.0015
14001	0.0035
14002	0.0035
14003	0.003
14004	0.004
14005	0.003
14006	0.003
14007	0.004
14008	0.0035
14009	0.004
14010	0.002
14011	0.004
14012	0.004
14013	0.006
14014	0.008
14015	0.0145
14016	0.0325
14017	0.0655
14018	0.125
14019	0.2065
14020	0.161
14021	0.175
14022	0.141
14023	0.084
14024	0.0315
14025	0.0115
14026	0.006
14027	0.0145
14028	0.0235
14029	0.0475
14030	0.0725
14031	0.1245
14032	0.194
14033	0.204
14034	0.193
14035	0.2
14036	0.1645
14037	0.108
14038	0.0465
14039	0.058
14040	0.128
14041	0.1935
14042	0.21
14043	0.25
14044	0.315
14045	0.338
14046	0.17
14047	0.051
14048	0.024
14049	0.0165
14050	0.0095
14051	0.0025
14052	0.0055
14053	0.0125
14054	0.0175
14055	0.0345
14056	0.17
14057	0.316
14058	0.367
14059	0.386
14060	0.3815
14061	0.3455
14062	0.0805
14063	0.005
14064	0.004
14065	0.004
14066	0.007
14067	0.0115
14068	0.0035
14069	0.0085
14070	0.013
14071	0.0125
14072	0.0135
14073	0.0085
14074	0.0145
14075	0.022
14076	0.032
14077	0.07
14078	0.1555
14079	0.38
14080	0.2485
14081	0.213
14082	0.185
14083	0.11
14084	0.0135
14085	0.0025
14086	0.0015
14087	0.005
14088	0.0035
14089	0.0025
14090	0.0025
14091	0.002
14092	0.004
14093	0.002
14094	0.003
14095	0.0025
14096	0.0015
14097	0.0005
14098	0.004
14099	0.001
14100	0.0015
14101	0.004
14102	0.004
14103	0
14104	0.0025
14105	0.001
14106	0.0055
14107	0.0045
14108	0.0025
14109	0.001
14110	0.0005
14111	0.0015
14112	0.002
14113	0.0015
14114	0.0025
14115	0
14116	0.0005
14117	0.002
14118	0.001
14119	0
14120	0.0015
14121	0.0005
14122	0.0015
14123	0.001
14124	0.001
14125	0.0015
14126	0.0005
14127	0.0005
14128	0.0015
14129	0.0005
14130	0.0015
14131	0.001
14132	0.0005
14133	0
14134	0.002
14135	0.001
14136	0.0005
14137	0.0005
14138	0.001
14139	0.001
14140	0.0005
14141	0
14142	0
14143	0.001
14144	0.0005
14145	0
14146	0.0005
14147	0.001
14148	0.0015
14149	0.0005
14150	0.0005
14151	0.0015
14152	0
14153	0.001
14154	0
14155	0
14156	0.0005
14157	0
14158	0.0005
14159	0.0025
14160	0.002
14161	0.0005
14162	0.0005
14163	0.001
14164	0
14165	0
14166	0.001
14167	0.0015
14168	0.001
14169	0.0015
14170	0.0015
14171	0.001
14172	0.0015
14173	0.002
14174	0.0015
14175	0.0005
14176	0.001
14177	0.0015
14178	0.0015
14179	0.002
14180	0.001
14181	0.001
14182	0.002
14183	0.0005
14184	0.0015
14185	0.001
14186	0.0045
14187	0.0015
14188	0.0015
14189	0.002
14190	0.0015
14191	0.0005
14192	0.0025
14193	0.003
14194	0.002
14195	0.002
14196	0.0015
14197	0.0025
14198	0.003
14199	0.0015
14200	0.0025
14201	0.0015
14202	0.0035
14203	0.0045
14204	0.003
14205	0.0045
14206	0.0055
14207	0.0035
14208	0.004
14209	0.005
14210	0.003
14211	0.0035
14212	0.002
14213	0.0025
14214	0.004
14215	0.0035
14216	0.0045
14217	0.0025
14218	0.0015
14219	0.004
14220	0.004
14221	0.0065
14222	0.0015
14223	0.006
14224	0.01
14225	0.0235
14226	0.0515
14227	0.1885
14228	0.2055
14229	0.304
14230	0.319
14231	0.344
14232	0.281
14233	0.06
14234	0.013
14235	0.014
14236	0.0215
14237	0.037
14238	0.0975
14239	0.2025
14240	0.2985
14241	0.323
14242	0.3035
14243	0.235
14244	0.107
14245	0.011
14246	0.0035
14247	0.008
14248	0.005
14249	0.0085
14250	0.0125
14251	0.0235
14252	0.0275
14253	0.0495
14254	0.0955
14255	0.156
14256	0.206
14257	0.2375
14258	0.179
14259	0.198
14260	0.1195
14261	0.042
14262	0.019
14263	0.007
14264	0.016
14265	0.014
14266	0.012
14267	0.0295
14268	0.0835
14269	0.1435
14270	0.137
14271	0.194
14272	0.2
14273	0.166
14274	0.0735
14275	0.008
14276	0.003
14277	0.01
14278	0.0035
14279	0.003
14280	0.0015
14281	0.002
14282	0.0045
14283	0.003
14284	0.004
14285	0.0035
14286	0.003
14287	0.0015
14288	0.0015
14289	0.0015
14290	0.0015
14291	0.0025
14292	0.0015
14293	0.003
14294	0.0015
14295	0.0055
14296	0.004
14297	0.0035
14298	0.003
14299	0.003
14300	0.0025
14301	0.003
14302	0.003
14303	0.0035
14304	0.003
14305	0.0025
14306	0.004
14307	0.003
14308	0.0025
14309	0.0015
14310	0.002
14311	0.0005
14312	0.0005
14313	0.0015
14314	0.0015
14315	0.0005
14316	0.0015
14317	0.0015
14318	0.002
14319	0.0015
14320	0.0015
14321	0.0005
14322	0.001
14323	0.0005
14324	0.001
14325	0.0005
14326	0.0015
14327	0.001
14328	0.002
14329	0.001
14330	0.002
14331	0
14332	0
14333	0
14334	0.0005
14335	0.0005
14336	0.0015
14337	0
14338	0.002
14339	0.001
14340	0.0005
14341	0.001
14342	0
14343	0.001
14344	0.0005
14345	0.001
14346	0.0005
14347	0.001
14348	0
14349	0
14350	0
14351	0.0015
14352	0
14353	0
14354	0.0005
14355	0.0015
14356	0.001
14357	0.0005
14358	0.0005
14359	0.0005
14360	0.0005
14361	0.0015
14362	0.001
14363	0.0005
14364	0.001
14365	0.0005
14366	0.0015
14367	0.0005
14368	0.0025
14369	0.0005
14370	0.001
14371	0
14372	0.002
14373	0.001
14374	0
14375	0.001
14376	0.0015
14377	0.001
14378	0.0005
14379	0
14380	0.001
14381	0.0015
14382	0.0015
14383	0.0005
14384	0.0005
14385	0.0015
14386	0.0015
14387	0.002
14388	0.001
14389	0.002
14390	0.003
14391	0.0015
14392	0.005
14393	0.003
14394	0.0025
14395	0.0025
14396	0.003
14397	0.0045
14398	0.003
14399	0.002
14400	0.0025
14401	0.0015
14402	0.0025
14403	0.004
14404	0.0015
14405	0.0025
14406	0.0035
14407	0.0015
14408	0.001
14409	0.003
14410	0.0025
14411	0.003
14412	0.002
14413	0.004
14414	0.002
14415	0.005
14416	0.003
14417	0.003
14418	0.003
14419	0.003
14420	0.0045
14421	0.004
14422	0.0045
14423	0.0065
14424	0.0065
14425	0.0125
14426	0.0265
14427	0.0565
14428	0.107
14429	0.2445
14430	0.2945
14431	0.319
14432	0.3
14433	0.1955
14434	0.107
14435	0.019
14436	0.0045
14437	0.0055
14438	0.004
14439	0.021
14440	0.0385
14441	0.108
14442	0.292
14443	0.39
14444	0.4585
14445	0.4
14446	0.361
14447	0.231
14448	0.026
14449	0.0035
14450	0.0075
14451	0.025
14452	0.188
14453	0.501
14454	0.4645
14455	0.3785
14456	0.373
14457	0.339
14458	0.053
14459	0.004
14460	0.0045
14461	0.0075
14462	0.031
14463	0.098
14464	0.133
14465	0.1455
14466	0.1795
14467	0.173
14468	0.1135
14469	0.017
14470	0.0045
14471	0.004
14472	0.0055
14473	0.004
14474	0.006
14475	0.0035
14476	0.0065
14477	0.008
14478	0.0145
14479	0.03
14480	0.0605
14481	0.1225
14482	0.3965
14483	0.327
14484	0.3045
14485	0.268
14486	0.225
14487	0.0935
14488	0.003
14489	0.001
14490	0.0065
14491	0.0425
14492	0.1375
14493	0.1265
14494	0.2095
14495	0.3175
14496	0.388
14497	0.3285
14498	0.097
14499	0.06
14500	0.101
14501	0.065
14502	0.05
14503	0.1155
14504	0.492
14505	0.4945
14506	0.2785
14507	0.2645
14508	0.3085
14509	0.162
14510	0.0015
14511	0.0015
14512	0.0025
14513	0.02
14514	0.016
14515	0.003
14516	0.022
14517	0.1075
14518	0.2105
14519	0.2605
14520	0.2685
14521	0.4215
14522	0.4005
14523	0.1375
14524	0.0155
14525	0.004
14526	0.0195
14527	0.008
14528	0.0015
14529	0.0015
14530	0.0025
14531	0.0005
14532	0
14533	0
14534	0.0005
14535	0.001
14536	0.0015
14537	0.0005
14538	0.0005
14539	0.001
14540	0.0005
14541	0.0005
14542	0.0015
14543	0.0005
14544	0.0005
14545	0.0005
14546	0.0005
14547	0
14548	0.0005
14549	0
14550	0.001
14551	0.0005
14552	0
14553	0
14554	0.0005
14555	0.001
14556	0
14557	0.0005
14558	0.001
14559	0.0015
14560	0
14561	0.0005
14562	0.0015
14563	0.0005
14564	0.001
14565	0
14566	0.0005
14567	0
14568	0.0015
14569	0.0005
14570	0.002
14571	0.0005
14572	0.0005
14573	0.0005
14574	0.001
14575	0.0015
14576	0
14577	0.0005
14578	0.0015
14579	0.001
14580	0.003
14581	0.001
14582	0.002
14583	0.0015
14584	0.002
14585	0.003
14586	0.002
14587	0.0025
14588	0.004
14589	0.003
14590	0.002
14591	0.002
14592	0.0005
14593	0.0005
14594	0.0025
14595	0.004
14596	0.001
14597	0.002
14598	0.0015
14599	0.0025
14600	0.0035
14601	0.0025
14602	0.002
14603	0.001
14604	0.0035
14605	0.0005
14606	0.002
14607	0.0065
14608	0.0045
14609	0.004
14610	0.0035
14611	0.0025
14612	0.006
14613	0.003
14614	0.001
14615	0.002
14616	0.0035
14617	0.0045
14618	0.0025
14619	0.003
14620	0.0055
14621	0.0075
14622	0.006
14623	0.0035
14624	0.0045
14625	0.0075
14626	0.006
14627	0.0045
14628	0.0055
14629	0.005
14630	0.007
14631	0.01
14632	0.0175
14633	0.0225
14634	0.0385
14635	0.0715
14636	0.144
14637	0.2705
14638	0.2
14639	0.164
14640	0.1745
14641	0.1395
14642	0.04
14643	0.005
14644	0.0055
14645	0.0285
14646	0.1035
14647	0.0665
14648	0.1555
14649	0.284
14650	0.3175
14651	0.2595
14652	0.1025
14653	0.0705
14654	0.072
14655	0.0115
14656	0.0035
14657	0.0055
14658	0.016
14659	0.028
14660	0.0255
14661	0.0375
14662	0.104
14663	0.1485
14664	0.174
14665	0.2535
14666	0.2495
14667	0.2535
14668	0.1065
14669	0.0295
14670	0.024
14671	0.014
14672	0.003
14673	0.003
14674	0.0075
14675	0.0095
14676	0.0095
14677	0.0105
14678	0.037
14679	0.1415
14680	0.3595
14681	0.475
14682	0.4195
14683	0.4405
14684	0.402
14685	0.169
14686	0.006
14687	0.004
14688	0.003
14689	0.113
14690	0.181
14691	0.3075
14692	0.3785
14693	0.4195
14694	0.3965
14695	0.187
14696	0.0255
14697	0.0035
14698	0.0015
14699	0.004
14700	0.0045
14701	0.004
14702	0.003
14703	0.001
14704	0.0025
14705	0.003
14706	0.0035
14707	0.0005
14708	0.001
14709	0.003
14710	0.0045
14711	0.0035
14712	0.0005
14713	0.0035
14714	0.0005
14715	0.0015
14716	0.0025
14717	0.002
14718	0.001
14719	0.0015
14720	0.0005
14721	0.0015
14722	0.0015
14723	0.0025
14724	0.0015
14725	0
14726	0.0015
14727	0.002
14728	0.001
14729	0.0015
14730	0.0015
14731	0.0015
14732	0
14733	0.0005
14734	0.0005
14735	0
14736	0
14737	0.001
14738	0.0005
14739	0.001
14740	0.0005
14741	0
14742	0.001
14743	0.0005
14744	0.001
14745	0.0005
14746	0.001
14747	0
14748	0.0005
14749	0
14750	0.0005
14751	0.0005
14752	0
14753	0.0005
14754	0.001
14755	0.0015
14756	0.0005
14757	0.0005
14758	0.0005
14759	0.001
14760	0
14761	0.001
14762	0
14763	0.0005
14764	0.0005
14765	0
14766	0.0015
14767	0.0015
14768	0.0025
14769	0.0015
14770	0.0005
14771	0.0005
14772	0.0015
14773	0.0005
14774	0.001
14775	0.0015
14776	0
14777	0
14778	0.003
14779	0
14780	0.001
14781	0.0015
14782	0.0015
14783	0.0015
14784	0.0015
14785	0.001
14786	0.001
14787	0.0015
14788	0.001
14789	0.0005
14790	0.001
14791	0.002
14792	0.0005
14793	0.003
14794	0.003
14795	0.001
14796	0.0025
14797	0.002
14798	0.002
14799	0.0025
14800	0.004
14801	0.0035
14802	0.003
14803	0.004
14804	0.003
14805	0.0045
14806	0.0015
14807	0.0065
14808	0.005
14809	0.003
14810	0.005
14811	0.0055
14812	0.006
14813	0.005
14814	0.007
14815	0.0075
14816	0.006
14817	0.01
14818	0.0075
14819	0.004
14820	0.0055
14821	0.0045
14822	0.007
14823	0.005
14824	0.0055
14825	0.0135
14826	0.018
14827	0.03
14828	0.043
14829	0.116
14830	0.2115
14831	0.213
14832	0.178
14833	0.1855
14834	0.1415
14835	0.0555
14836	0.004
14837	0.0045
14838	0.0055
14839	0.0085
14840	0.005
14841	0.0025
14842	0.006
14843	0.013
14844	0.0355
14845	0.113
14846	0.2455
14847	0.272
14848	0.3045
14849	0.2685
14850	0.2005
14851	0.0655
14852	0.005
14853	0.003
14854	0.0035
14855	0.0035
14856	0.0065
14857	0.0065
14858	0.009
14859	0.0105
14860	0.0175
14861	0.034
14862	0.0795
14863	0.127
14864	0.217
14865	0.31
14866	0.3835
14867	0.3005
14868	0.1845
14869	0.0965
14870	0.0305
14871	0.007
14872	0.002
14873	0.005
14874	0.0175
14875	0.0285
14876	0.077
14877	0.109
14878	0.239
14879	0.3035
14880	0.289
14881	0.218
14882	0.129
14883	0.054
14884	0.0115
14885	0.004
14886	0.003
14887	0.0095
14888	0.006
14889	0.006
14890	0.006
14891	0.011
14892	0.026
14893	0.043
14894	0.1365
14895	0.1295
14896	0.1945
14897	0.236
14898	0.246
14899	0.215
14900	0.0805
14901	0.031
14902	0.04
14903	0.019
14904	0.0175
14905	0.0335
14906	0.087
14907	0.1675
14908	0.267
14909	0.4045
14910	0.418
14911	0.3055
14912	0.1925
14913	0.0645
14914	0.018
14915	0.002
14916	0.003
14917	0.0035
14918	0.0325
14919	0.0935
14920	0.113
14921	0.265
14922	0.399
14923	0.347
14924	0.301
14925	0.1335
14926	0.061
14927	0.0125
14928	0.0015
14929	0.0015
14930	0.007
14931	0.003
14932	0
14933	0.0015
14934	0.0005
14935	0.0005
14936	0.0005
14937	0
14938	0
14939	0
14940	0
14941	0.001
14942	0.0005
14943	0.001
14944	0
14945	0.0005
14946	0.001
14947	0
14948	0
14949	0.001
14950	0.0005
14951	0.001
14952	0
14953	0
14954	0
14955	0
14956	0.0005
14957	0.0005
14958	0
14959	0.0005
14960	0
14961	0
14962	0
14963	0
14964	0.0015
14965	0.001
14966	0.0005
14967	0.003
14968	0.0005
14969	0.001
14970	0.0005
14971	0.0005
14972	0.0015
14973	0.001
14974	0
14975	0
14976	0
14977	0.0005
14978	0.001
14979	0.001
14980	0.001
14981	0.0015
14982	0.0005
14983	0.002
14984	0.0045
14985	0.001
14986	0.0015
14987	0
14988	0.0005
14989	0.0015
14990	0.0015
14991	0.003
14992	0.0015
14993	0.0025
14994	0.0025
14995	0.002
14996	0.001
14997	0.0035
14998	0.0015
14999	0.0025
15000	0.005
15001	0.0025
15002	0.004
15003	0.004
15004	0.0065
15005	0.01
15006	0.0105
15007	0.037
15008	0.1415
15009	0.1785
15010	0.252
15011	0.309
15012	0.271
15013	0.2135
15014	0.045
15015	0.0085
15016	0.005
15017	0.004
15018	0.005
15019	0.0065
15020	0.0035
15021	0.004
15022	0.004
15023	0.0045
15024	0.0055
15025	0.0075
15026	0.0075
15027	0.007
15028	0.008
15029	0.015
15030	0.038
15031	0.075
15032	0.122
15033	0.2375
15034	0.356
15035	0.2525
15036	0.195
15037	0.1215
15038	0.0525
15039	0.0065
15040	0.005
15041	0.005
15042	0.0385
15043	0.1395
15044	0.247
15045	0.405
15046	0.5355
15047	0.4405
15048	0.3445
15049	0.119
15050	0.013
15051	0.006
15052	0.005
15053	0.0075
15054	0.057
15055	0.2605
15056	0.562
15057	0.463
15058	0.419
15059	0.4155
15060	0.2885
15061	0.011
15062	0.004
15063	0.0035
15064	0.0095
15065	0.1205
15066	0.3375
15067	0.429
15068	0.481
15069	0.4015
15070	0.379
15071	0.1455
15072	0.0055
15073	0.003
15074	0.006
15075	0.0035
15076	0.0555
15077	0.125
15078	0.1025
15079	0.1385
15080	0.1645
15081	0.214
15082	0.081
15083	0.006
15084	0.006
15085	0.03
15086	0.011
15087	0.005
15088	0.0085
15089	0.072
15090	0.227
15091	0.164
15092	0.257
15093	0.348
15094	0.2985
15095	0.1425
15096	0.0045
15097	0.004
15098	0.0185
15099	0.0045
15100	0.0005
15101	0.003
15102	0.005
15103	0.0045
15104	0.0025
15105	0.0015
15106	0.004
15107	0.002
15108	0.002
15109	0.002
15110	0.002
15111	0.0015
15112	0.002
15113	0.0015
15114	0.001
15115	0.0025
15116	0.002
15117	0.0015
15118	0.001
15119	0.002
15120	0.001
15121	0.0005
15122	0.001
15123	0.0005
15124	0.0025
15125	0.001
15126	0.001
15127	0.0005
15128	0.002
15129	0.001
15130	0.0005
15131	0
15132	0.001
15133	0.0015
15134	0.0015
15135	0.0005
15136	0.0005
15137	0.002
15138	0.0005
15139	0.001
15140	0.0005
15141	0
15142	0
15143	0.001
15144	0
15145	0
15146	0
15147	0.0005
15148	0.001
15149	0.0005
15150	0.0005
15151	0.0005
15152	0
15153	0
15154	0.0015
15155	0
15156	0
15157	0.0005
15158	0.001
15159	0
15160	0.0005
15161	0.001
15162	0.0005
15163	0.001
15164	0.001
15165	0.0015
15166	0.0005
15167	0
15168	0
15169	0.0015
15170	0
15171	0.001
15172	0.001
15173	0.0005
15174	0.001
15175	0.001
15176	0.001
15177	0.001
15178	0
15179	0.0005
15180	0.002
15181	0.002
15182	0.0005
15183	0.002
15184	0.001
15185	0.0005
15186	0.0015
15187	0.001
15188	0.001
15189	0.0005
15190	0.001
15191	0
15192	0.0025
15193	0.0015
15194	0.0015
15195	0.0025
15196	0.002
15197	0.0035
15198	0.002
15199	0.004
15200	0.002
15201	0.001
15202	0.002
15203	0.0025
15204	0.001
15205	0.0025
15206	0.001
15207	0.002
15208	0.0035
15209	0.0045
15210	0.002
15211	0.0025
15212	0.002
15213	0.002
15214	0.002
15215	0.0025
15216	0.0025
15217	0.0055
15218	0.0045
15219	0.0035
15220	0.0035
15221	0.0025
15222	0.0025
15223	0.004
15224	0.002
15225	0.0045
15226	0.003
15227	0.0035
15228	0.0055
15229	0.0045
15230	0.0055
15231	0.0055
15232	0.0065
15233	0.0045
15234	0.004
15235	0.005
15236	0.003
15237	0.0035
15238	0.002
15239	0.004
15240	0.005
15241	0.004
15242	0.008
15243	0.0095
15244	0.0125
15245	0.014
15246	0.0215
15247	0.0345
15248	0.071
15249	0.0575
15250	0.079
15251	0.1205
15252	0.1165
15253	0.114
15254	0.1105
15255	0.093
15256	0.136
15257	0.1055
15258	0.0965
15259	0.1915
15260	0.3305
15261	0.357
15262	0.258
15263	0.2375
15264	0.24
15265	0.0995
15266	0.009
15267	0.0045
15268	0.006
15269	0.015
15270	0.012
15271	0.0125
15272	0.025
15273	0.082
15274	0.194
15275	0.24
15276	0.2325
15277	0.2525
15278	0.246
15279	0.14
15280	0.0175
15281	0.004
15282	0.0075
15283	0.0185
15284	0.011
15285	0.011
15286	0.0315
15287	0.1435
15288	0.211
15289	0.2765
15290	0.268
15291	0.289
15292	0.2195
15293	0.052
15294	0.0065
15295	0.003
15296	0.0015
15297	0.004
15298	0.002
15299	0.002
15300	0.003
15301	0.0015
15302	0.002
15303	0.0025
15304	0.002
15305	0.0015
15306	0.003
15307	0.001
15308	0.0015
15309	0.0005
15310	0.0025
15311	0
15312	0.0005
15313	0.0015
15314	0.0005
15315	0.002
15316	0.001
15317	0.001
15318	0.0015
15319	0.005
15320	0.0015
15321	0.001
15322	0.002
15323	0.001
15324	0.0015
15325	0.0015
15326	0.0025
15327	0.001
15328	0
15329	0.001
15330	0.001
15331	0
15332	0
15333	0.0005
15334	0
15335	0.001
15336	0.0015
15337	0
15338	0.001
15339	0
15340	0.0005
15341	0.001
15342	0
15343	0
15344	0.0005
15345	0.0015
15346	0
15347	0.001
15348	0.0005
15349	0.0005
15350	0
15351	0
15352	0.0025
15353	0.001
15354	0.0005
15355	0.0005
15356	0.0005
15357	0.0005
15358	0
15359	0
15360	0
15361	0.0005
15362	0.001
15363	0.001
15364	0.0005
15365	0.0005
15366	0
15367	0.001
15368	0.001
15369	0.001
15370	0
15371	0.0005
15372	0.0005
15373	0.001
15374	0.0015
15375	0.001
15376	0.002
15377	0.001
15378	0.001
15379	0.001
15380	0.0015
15381	0.0005
15382	0.002
15383	0.0015
15384	0.002
15385	0.0015
15386	0.002
15387	0.002
15388	0.0015
15389	0.0005
15390	0.0015
15391	0.002
15392	0.0015
15393	0.002
15394	0.001
15395	0.0025
15396	0.003
15397	0.001
15398	0.0015
15399	0.003
15400	0.0035
15401	0.0015
15402	0.0045
15403	0.004
15404	0.004
15405	0.0015
15406	0.002
15407	0.0035
15408	0.002
15409	0.0005
15410	0.0035
15411	0.0015
15412	0.003
15413	0.0055
15414	0.004
15415	0.006
15416	0.007
15417	0.004
15418	0.004
15419	0.0035
15420	0.0045
15421	0.004
15422	0.0025
15423	0.0035
15424	0.005
15425	0.0095
15426	0.01
15427	0.017
15428	0.0435
15429	0.081
15430	0.15
15431	0.271
15432	0.3365
15433	0.27
15434	0.176
15435	0.107
15436	0.0535
15437	0.0065
15438	0.0085
15439	0.0045
15440	0.017
15441	0.064
15442	0.056
15443	0.125
15444	0.166
15445	0.24
15446	0.255
15447	0.21
15448	0.1855
15449	0.2585
15450	0.1075
15451	0.087
15452	0.0795
15453	0.1745
15454	0.1735
15455	0.049
15456	0.051
15457	0.2035
15458	0.195
15459	0.0655
15460	0.0265
15461	0.1265
15462	0.346
15463	0.0795
15464	0.0405
15465	0.1875
15466	0.2975
15467	0.1055
15468	0.0065
15469	0.007
15470	0.106
15471	0.0315
15472	0.0045
15473	0.007
15474	0.1655
15475	0.389
15476	0.2175
15477	0.288
15478	0.4985
15479	0.3495
15480	0.0705
15481	0.0035
15482	0.0025
15483	0.0205
15484	0.004
15485	0.0055
15486	0.0165
15487	0.0475
15488	0.17
15489	0.1625
15490	0.269
15491	0.3425
15492	0.3715
15493	0.2655
15494	0.093
15495	0.029
15496	0.04
15497	0.013
15498	0.012
15499	0.0455
15500	0.359
15501	0.214
15502	0.1935
15503	0.1945
15504	0.199
15505	0.1195
15506	0.0035
15507	0.0035
15508	0.002
15509	0.0055
15510	0.0025
15511	0.0025
15512	0.002
15513	0.0025
15514	0.0025
15515	0.0015
15516	0.002
15517	0.001
15518	0
15519	0.003
15520	0.0015
15521	0.0015
15522	0.0015
15523	0.001
15524	0.001
15525	0.0005
15526	0.001
15527	0.0015
15528	0.0005
15529	0.0015
15530	0.0005
15531	0.0005
15532	0.0005
15533	0.0005
15534	0.0005
15535	0
15536	0.001
15537	0
15538	0
15539	0.0005
15540	0.0005
15541	0
15542	0.001
15543	0.001
15544	0.0005
15545	0
15546	0
15547	0
15548	0
15549	0
15550	0
15551	0.0005
15552	0
15553	0
15554	0
15555	0
15556	0.0005
15557	0
15558	0.002
15559	0
15560	0.0005
15561	0.0005
15562	0.001
15563	0.002
15564	0
15565	0
15566	0
15567	0.001
15568	0.0015
15569	0
15570	0.0015
15571	0.0005
15572	0
15573	0.0005
15574	0.001
15575	0.001
15576	0.0005
15577	0.0005
15578	0.001
15579	0.002
15580	0.0025
15581	0.0015
15582	0.001
15583	0.0005
15584	0.0005
15585	0.0015
15586	0.0015
15587	0.001
15588	0.002
15589	0.0035
15590	0.0015
15591	0.0025
15592	0.003
15593	0.0015
15594	0.002
15595	0.003
15596	0.0025
15597	0.002
15598	0.0035
15599	0.0015
15600	0.002
15601	0.001
15602	0.0005
15603	0.002
15604	0.0015
15605	0.004
15606	0.0015
15607	0.005
15608	0.0045
15609	0.008
15610	0.0095
15611	0.0205
15612	0.06
15613	0.107
15614	0.1305
15615	0.176
15616	0.1575
15617	0.1775
15618	0.1095
15619	0.034
15620	0.016
15621	0.0125
15622	0.015
15623	0.02
15624	0.036
15625	0.126
15626	0.2225
15627	0.275
15628	0.2365
15629	0.2695
15630	0.2955
15631	0.102
15632	0.0095
15633	0.0085
15634	0.014
15635	0.0545
15636	0.0265
15637	0.039
15638	0.196
15639	0.2615
15640	0.2785
15641	0.227
15642	0.2795
15643	0.323
15644	0.0595
15645	0.006
15646	0.0165
15647	0.0455
15648	0.0935
15649	0.0445
15650	0.094
15651	0.3265
15652	0.5015
15653	0.3265
15654	0.253
15655	0.3235
15656	0.301
15657	0.0135
15658	0.0045
15659	0.0035
15660	0.1455
15661	0.1915
15662	0.0885
15663	0.1835
15664	0.279
15665	0.3085
15666	0.0545
15667	0.007
15668	0.021
15669	0.0615
15670	0.008
15671	0.007
15672	0.02
15673	0.102
15674	0.173
15675	0.183
15676	0.35
15677	0.475
15678	0.417
15679	0.197
15680	0.076
15681	0.0915
15682	0.045
15683	0.0035
15684	0.0045
15685	0.062
15686	0.1925
15687	0.3935
15688	0.4375
15689	0.534
15690	0.4785
15691	0.3115
15692	0.072
15693	0.005
15694	0.0025
15695	0.0025
15696	0.0025
15697	0.007
15698	0.004
15699	0.0005
15700	0.003
15701	0.002
15702	0.003
15703	0.0045
15704	0.0015
15705	0.0035
15706	0.001
15707	0.0025
15708	0.002
15709	0.0025
15710	0.002
15711	0.0005
15712	0.0025
15713	0
15714	0.0025
15715	0.002
15716	0.001
15717	0.0015
15718	0.0015
15719	0.002
15720	0
15721	0.001
15722	0
15723	0.0005
15724	0.001
15725	0.001
15726	0.0015
15727	0.001
15728	0.0005
15729	0.0015
15730	0
15731	0.0005
15732	0
15733	0.001
15734	0
15735	0
15736	0.002
15737	0.001
15738	0.001
15739	0
15740	0.0015
15741	0.0015
15742	0
15743	0.0015
15744	0
15745	0.0015
15746	0.0005
15747	0.001
15748	0.0005
15749	0.0005
15750	0.0005
15751	0.001
15752	0.001
15753	0.0005
15754	0.0015
15755	0.001
15756	0
15757	0
15758	0
15759	0.0005
15760	0.0015
15761	0.0015
15762	0
15763	0.0005
15764	0
15765	0.001
15766	0.0015
15767	0
15768	0
15769	0.001
15770	0.002
15771	0.0005
15772	0.002
15773	0.001
15774	0.0025
15775	0.001
15776	0.0005
15777	0.0015
15778	0.0005
15779	0.001
15780	0.0015
15781	0.0015
15782	0.001
15783	0.0015
15784	0.0015
15785	0.0015
15786	0.002
15787	0.0015
15788	0.001
15789	0.002
15790	0.0025
15791	0.0035
15792	0.0025
15793	0.001
15794	0.004
15795	0.0005
15796	0.004
15797	0.0005
15798	0.004
15799	0.0015
15800	0.002
15801	0.003
15802	0.005
15803	0.0045
15804	0.003
15805	0.003
15806	0.0035
15807	0.0025
15808	0.0035
15809	0.0035
15810	0.001
15811	0.003
15812	0.0035
15813	0.002
15814	0.004
15815	0.0035
15816	0.0065
15817	0.003
15818	0.004
15819	0.0045
15820	0.0085
15821	0.01
15822	0.014
15823	0.05
15824	0.051
15825	0.0935
15826	0.1075
15827	0.141
15828	0.1845
15829	0.136
15830	0.1
15831	0.1395
15832	0.146
15833	0.2515
15834	0.204
15835	0.2275
15836	0.4155
15837	0.4465
15838	0.2415
15839	0.117
15840	0.061
15841	0.1415
15842	0.0175
15843	0.011
15844	0.0225
15845	0.2225
15846	0.3275
15847	0.2215
15848	0.262
15849	0.331
15850	0.283
15851	0.0215
15852	0.0045
15853	0.0015
15854	0.011
15855	0.005
15856	0.004
15857	0.002
15858	0.0055
15859	0.0035
15860	0.0055
15861	0.0035
15862	0.003
15863	0.0095
15864	0.004
15865	0.007
15866	0.01
15867	0.0085
15868	0.013
15869	0.011
15870	0.0115
15871	0.02
15872	0.0285
15873	0.0565
15874	0.106
15875	0.1905
15876	0.406
15877	0.455
15878	0.4595
15879	0.397
15880	0.2805
15881	0.13
15882	0.013
15883	0.0015
15884	0.008
15885	0.033
15886	0.1195
15887	0.225
15888	0.4855
15889	0.3365
15890	0.3635
15891	0.2845
15892	0.103
15893	0.0095
15894	0.0045
15895	0.005
15896	0.0105
15897	0.036
15898	0.1345
15899	0.208
15900	0.327
15901	0.4265
15902	0.448
15903	0.4085
15904	0.1825
15905	0.0375
15906	0.0115
15907	0.0095
15908	0.0105
15909	0.0205
15910	0.028
15911	0.057
15912	0.1195
15913	0.121
15914	0.1265
15915	0.1785
15916	0.139
15917	0.1065
15918	0.035
15919	0.021
15920	0.0545
15921	0.0365
15922	0.0175
15923	0.0385
15924	0.036
15925	0.063
15926	0.0585
15927	0.0585
15928	0.1635
15929	0.2705
15930	0.3745
15931	0.512
15932	0.4515
15933	0.4645
15934	0.2625
15935	0.0505
15936	0.012
15937	0.001
15938	0.0005
15939	0.033
15940	0.027
15941	0.088
15942	0.1835
15943	0.198
15944	0.3495
15945	0.2415
15946	0.225
15947	0.128
15948	0.0205
15949	0.0085
15950	0.0045
15951	0.003
15952	0.0085
15953	0.0015
15954	0.001
15955	0
15956	0
15957	0
15958	0
15959	0.001
15960	0
15961	0
15962	0.0005
15963	0.0015
15964	0
15965	0.002
15966	0.0005
15967	0.0005
15968	0.0015
15969	0.002
15970	0.001
15971	0.0015
15972	0.0005
15973	0
15974	0.0015
15975	0.0015
15976	0.0025
15977	0.002
15978	0.001
15979	0.0005
15980	0.0015
15981	0.0005
15982	0.0015
15983	0.002
15984	0.0025
15985	0.002
15986	0.0025
15987	0.002
15988	0.002
15989	0.001
15990	0.002
15991	0.002
15992	0.0035
15993	0.0025
15994	0.0035
15995	0.002
15996	0.0015
15997	0.0025
15998	0.0045
15999	0.0025
16000	0.002
16001	0.0025
16002	0.003
16003	0.0015
16004	0.0035
16005	0.003
16006	0.0025
16007	0.004
16008	0.0025
16009	0.002
16010	0.0015
16011	0.0005
16012	0.0025
16013	0.004
16014	0.003
16015	0.0015
16016	0.0045
16017	0.007
16018	0.004
16019	0.005
16020	0.0045
16021	0.0085
16022	0.017
16023	0.0335
16024	0.1195
16025	0.153
16026	0.1945
16027	0.2255
16028	0.226
16029	0.2315
16030	0.077
16031	0.0165
16032	0.0215
16033	0.0265
16034	0.033
16035	0.0455
16036	0.115
16037	0.2685
16038	0.3315
16039	0.2615
16040	0.201
16041	0.1745
16042	0.0765
16043	0.0045
16044	0.003
16045	0.0035
16046	0.013
16047	0.014
16048	0.0135
16049	0.012
16050	0.039
16051	0.0935
16052	0.1105
16053	0.1815
16054	0.247
16055	0.247
16056	0.2355
16057	0.11
16058	0.0685
16059	0.0345
16060	0.015
16061	0.0095
16062	0.008
16063	0.015
16064	0.0455
16065	0.108
16066	0.129
16067	0.1785
16068	0.2505
16069	0.318
16070	0.1975
16071	0.0935
16072	0.043
16073	0.0475
16074	0.0195
16075	0.0055
16076	0.0055
16077	0.063
16078	0.254
16079	0.376
16080	0.365
16081	0.3865
16082	0.3745
16083	0.234
16084	0.0085
16085	0.0035
16086	0.006
16087	0.005
16088	0.01
16089	0.015
16090	0.046
16091	0.147
16092	0.2165
16093	0.2545
16094	0.359
16095	0.3435
16096	0.2755
16097	0.0915
16098	0.0175
16099	0.0115
16100	0.0085
16101	0.009
16102	0.016
16103	0.044
16104	0.1905
16105	0.3325
16106	0.3715
16107	0.3575
16108	0.2815
16109	0.2005
16110	0.023
16111	0.0005
16112	0.0015
16113	0.002
16114	0.0035
16115	0.0015
16116	0.0035
16117	0.001
16118	0
16119	0.0015
16120	0.003
16121	0.002
16122	0.0005
16123	0.0015
16124	0.0015
16125	0.0015
16126	0.001
16127	0.003
16128	0
16129	0.0005
16130	0.001
16131	0.001
16132	0.0005
16133	0.001
16134	0.001
16135	0
16136	0.0005
16137	0.001
16138	0.0005
16139	0
16140	0.001
16141	0
16142	0
16143	0
16144	0.0005
16145	0
16146	0.001
16147	0.0015
16148	0.0005
16149	0
16150	0.0005
16151	0.0005
16152	0.001
16153	0
16154	0.0005
16155	0.001
16156	0
16157	0.001
16158	0.0005
16159	0.001
16160	0
16161	0.0005
16162	0.0005
16163	0.001
16164	0.0005
16165	0.001
16166	0.001
16167	0
16168	0.0015
16169	0.0025
16170	0.001
16171	0.001
16172	0.0005
16173	0.0015
16174	0.0015
16175	0.0015
16176	0.0005
16177	0
16178	0.0005
16179	0.002
16180	0.001
16181	0.0005
16182	0.0035
16183	0.002
16184	0
16185	0.0015
16186	0.0005
16187	0.0035
16188	0.002
16189	0.0025
16190	0.002
16191	0.0035
16192	0.0035
16193	0.0025
16194	0.003
16195	0.0015
16196	0.002
16197	0.0035
16198	0.0015
16199	0.0035
16200	0.002
16201	0.002
16202	0.003
16203	0.0045
16204	0.004
16205	0.0065
16206	0.003
16207	0.004
16208	0.005
16209	0.0045
16210	0.004
16211	0.005
16212	0.004
16213	0.011
16214	0.0215
16215	0.06
16216	0.2445
16217	0.449
16218	0.2955
16219	0.309
16220	0.2565
16221	0.1785
16222	0.015
16223	0.0015
16224	0.002
16225	0.0235
16226	0.0765
16227	0.19
16228	0.2215
16229	0.3
16230	0.401
16231	0.3275
16232	0.214
16233	0.032
16234	0.01
16235	0.014
16236	0.0045
16237	0.0085
16238	0.012
16239	0.0165
16240	0.0255
16241	0.034
16242	0.052
16243	0.1775
16244	0.2545
16245	0.396
16246	0.425
16247	0.3535
16248	0.3185
16249	0.1315
16250	0.0195
16251	0.007
16252	0.0085
16253	0.011
16254	0.1485
16255	0.3075
16256	0.4585
16257	0.5335
16258	0.448
16259	0.413
16260	0.154
16261	0.0055
16262	0.0035
16263	0.003
16264	0.0055
16265	0.0825
16266	0.1075
16267	0.2525
16268	0.293
16269	0.3885
16270	0.3615
16271	0.1685
16272	0.068
16273	0.012
16274	0.0045
16275	0.007
16276	0.007
16277	0.0135
16278	0.0425
16279	0.0745
16280	0.1545
16281	0.3495
16282	0.4185
16283	0.4175
16284	0.375
16285	0.25
16286	0.1495
16287	0.01
16288	0.0025
16289	0.0055
16290	0.0225
16291	0.023
16292	0.0095
16293	0.015
16294	0.056
16295	0.098
16296	0.1675
16297	0.243
16298	0.485
16299	0.496
16300	0.378
16301	0.2595
16302	0.177
16303	0.0835
16304	0.007
16305	0.0015
16306	0.0095
16307	0.1515
16308	0.2835
16309	0.3535
16310	0.313
16311	0.3135
16312	0.2725
16313	0.035
16314	0.0025
16315	0.001
16316	0.001
16317	0.0015
16318	0.001
16319	0.0035
16320	0.0005
16321	0.0015
16322	0.0005
16323	0.0005
16324	0
16325	0.001
16326	0
16327	0
16328	0.002
16329	0
16330	0.0005
16331	0.001
16332	0.0005
16333	0.001
16334	0.0015
16335	0.0005
16336	0.0005
16337	0
16338	0
16339	0.001
16340	0.0005
16341	0.0015
16342	0
16343	0
16344	0
16345	0
16346	0.001
16347	0.0005
16348	0.0015
16349	0.0005
16350	0.001
16351	0.0005
16352	0.0005
16353	0.001
16354	0.0005
16355	0.001
16356	0.0005
16357	0.0005
16358	0.0005
16359	0.0015
16360	0
16361	0.001
16362	0
16363	0.001
16364	0.0005
16365	0.001
16366	0.0005
16367	0.0005
16368	0.001
16369	0
16370	0
16371	0.001
16372	0.002
16373	0.0005
16374	0.0005
16375	0.001
16376	0.002
16377	0.0015
16378	0
16379	0.0015
16380	0.001
16381	0.0025
16382	0.0025
16383	0.004
16384	0.0025
16385	0.0025
16386	0.001
16387	0.0015
16388	0.001
16389	0.0025
16390	0.0015
16391	0.001
16392	0.002
16393	0.0005
16394	0.0025
16395	0
16396	0.004
16397	0.0025
16398	0.0015
16399	0.002
16400	0.0035
16401	0.002
16402	0.0055
16403	0.0045
16404	0.0055
16405	0.004
16406	0.008
16407	0.0165
16408	0.0495
16409	0.1405
16410	0.374
16411	0.449
16412	0.4995
16413	0.4135
16414	0.343
16415	0.1215
16416	0.0055
16417	0.0035
16418	0.0055
16419	0.01
16420	0.05
16421	0.044
16422	0.0985
16423	0.164
16424	0.2605
16425	0.2965
16426	0.234
16427	0.214
16428	0.2055
16429	0.1145
16430	0.064
16431	0.0345
16432	0.1275
16433	0.198
16434	0.1745
16435	0.217
16436	0.2385
16437	0.2435
16438	0.1495
16439	0.017
16440	0.0225
16441	0.0345
16442	0.023
16443	0.028
16444	0.039
16445	0.1315
16446	0.239
16447	0.1475
16448	0.1845
16449	0.223
16450	0.2555
16451	0.084
16452	0.0095
16453	0.016
16454	0.211
16455	0.1065
16456	0.0675
16457	0.0755
16458	0.193
16459	0.3075
16460	0.0235
16461	0.0095
16462	0.2165
16463	0.4615
16464	0.141
16465	0.047
16466	0.1105
16467	0.385
16468	0.0925
16469	0.003
16470	0.004
16471	0.3215
16472	0.4015
16473	0.0255
16474	0.0235
16475	0.2535
16476	0.2415
16477	0.0055
16478	0.004
16479	0.0055
16480	0.2015
16481	0.0375
16482	0.026
16483	0.219
16484	0.3505
16485	0.369
16486	0.032
16487	0.0275
16488	0.26
16489	0.026
16490	0.003
16491	0.0025
16492	0.0295
16493	0.267
16494	0.067
16495	0.0795
16496	0.346
16497	0.313
16498	0.304
16499	0.0105
16500	0.013
16501	0.2965
16502	0.007
16503	0.0025
16504	0.082
16505	0.242
16506	0.2835
16507	0.016
16508	0.019
16509	0.3405
16510	0.3575
16511	0.0805
16512	0.0405
16513	0.3485
16514	0.7405
16515	0.042
16516	0.0095
16517	0.068
16518	0.177
16519	0.0105
16520	0.001
16521	0.001
16522	0.3065
16523	0.2615
16524	0.155
16525	0.2675
16526	0.513
16527	0.451
16528	0.0165
16529	0.0005
16530	0.0575
16531	0.1045
16532	0.0005
16533	0.0015
16534	0.1225
16535	0.32
16536	0.2165
16537	0.184
16538	0.387
16539	0.499
16540	0.1685
16541	0.0075
16542	0.0055
16543	0.1105
16544	0.029
16545	0.0015
16546	0.0035
16547	0.1365
16548	0.268
16549	0.1995
16550	0.272
16551	0.541
16552	0.414
16553	0.132
16554	0.013
16555	0.018
16556	0.0525
16557	0.0005
16558	0.001
16559	0.0065
16560	0.025
16561	0.047
16562	0.0305
16563	0.086
16564	0.276
16565	0.309
16566	0.257
16567	0.1805
16568	0.1985
16569	0.177
16570	0.0045
16571	0.001
16572	0.0025
16573	0.0195
16574	0.0345
16575	0.028
16576	0.035
16577	0.097
16578	0.1855
16579	0.257
16580	0.205
16581	0.2395
16582	0.2765
16583	0.118
16584	0.02
16585	0.0045
16586	0.0045
16587	0.0105
16588	0.002
16589	0.0025
16590	0.002
16591	0.0025
16592	0.001
16593	0.0025
16594	0.004
16595	0.0025
16596	0.0035
16597	0.0045
16598	0.0055
16599	0.005
16600	0.0035
16601	0.0045
16602	0.006
16603	0.0035
16604	0.004
16605	0.002
16606	0.005
16607	0.0045
16608	0.0025
16609	0.003
16610	0.005
16611	0.004
16612	0.002
16613	0.002
16614	0.006
16615	0.0045
16616	0.0025
16617	0.0055
16618	0.003
16619	0.006
16620	0.004
16621	0.0045
16622	0.0045
16623	0.004
16624	0.002
16625	0.0055
16626	0.0075
16627	0.0035
16628	0.005
16629	0.005
16630	0.013
16631	0.0215
16632	0.039
16633	0.0775
16634	0.1805
16635	0.212
16636	0.2935
16637	0.211
16638	0.163
16639	0.079
16640	0.0125
16641	0.006
16642	0.006
16643	0.004
16644	0.009
16645	0.0105
16646	0.01
16647	0.016
16648	0.0395
16649	0.0795
16650	0.163
16651	0.172
16652	0.212
16653	0.1665
16654	0.162
16655	0.091
16656	0.0185
16657	0.008
16658	0.011
16659	0.0105
16660	0.032
16661	0.06
16662	0.0685
16663	0.102
16664	0.084
16665	0.0785
16666	0.054
16667	0.0305
16668	0.0125
16669	0.0045
16670	0.0075
16671	0.018
16672	0.028
16673	0.1115
16674	0.113
16675	0.224
16676	0.2565
16677	0.2985
16678	0.304
16679	0.1595
16680	0.06
16681	0.052
16682	0.02
16683	0.0315
16684	0.0315
16685	0.059
16686	0.09
16687	0.115
16688	0.234
16689	0.2725
16690	0.2385
16691	0.2175
16692	0.1025
16693	0.084
16694	0.0225
16695	0.0045
16696	0.003
16697	0.0075
16698	0.015
16699	0.016
16700	0.0525
16701	0.2085
16702	0.404
16703	0.2775
16704	0.266
16705	0.231
16706	0.1535
16707	0.0045
16708	0.0035
16709	0.0025
16710	0.0035
16711	0.0025
16712	0.003
16713	0.0015
16714	0.001
16715	0.002
16716	0.003
16717	0.001
16718	0.001
16719	0.0005
16720	0.001
16721	0.001
16722	0.0025
16723	0.001
16724	0.0015
16725	0.002
16726	0
16727	0
16728	0.0015
16729	0.0025
16730	0.0015
16731	0.0005
16732	0
16733	0.001
16734	0.0005
16735	0.001
16736	0.0005
16737	0
16738	0.002
16739	0.0005
16740	0.001
16741	0.0005
16742	0.0005
16743	0.0005
16744	0.001
16745	0
16746	0.001
16747	0
16748	0.0005
16749	0.0005
16750	0.001
16751	0.0005
16752	0.0005
16753	0
16754	0.001
16755	0
16756	0.0005
16757	0.0005
16758	0
16759	0.0005
16760	0.001
16761	0.0005
16762	0.0005
16763	0
16764	0.0005
16765	0
16766	0.0005
16767	0.0015
16768	0.0015
16769	0.0015
16770	0.001
16771	0.0015
16772	0.002
16773	0.0005
16774	0.001
16775	0.001
16776	0.0005
16777	0.0015
16778	0.0025
16779	0.0015
16780	0.002
16781	0.001
16782	0.0015
16783	0.001
16784	0.001
16785	0.0015
16786	0.001
16787	0.0005
16788	0.001
16789	0.0005
16790	0.0015
16791	0.0025
16792	0.0035
16793	0.0015
16794	0.0015
16795	0.001
16796	0.003
16797	0.002
16798	0.005
16799	0.0035
16800	0.002
16801	0.0035
16802	0.0015
16803	0.003
16804	0.003
16805	0.003
16806	0.003
16807	0.0015
16808	0.004
16809	0.004
16810	0.0025
16811	0.0025
16812	0.003
16813	0.0035
16814	0.004
16815	0.0055
16816	0.0035
16817	0.0065
16818	0.005
16819	0.005
16820	0.0045
16821	0.0055
16822	0.0065
16823	0.008
16824	0.015
16825	0.0515
16826	0.07
16827	0.1635
16828	0.2135
16829	0.3885
16830	0.439
16831	0.346
16832	0.2745
16833	0.203
16834	0.0935
16835	0.0195
16836	0.006
16837	0.022
16838	0.1325
16839	0.1015
16840	0.085
16841	0.125
16842	0.2005
16843	0.1775
16844	0.0245
16845	0.0065
16846	0.029
16847	0.038
16848	0.01
16849	0.0035
16850	0.0395
16851	0.257
16852	0.382
16853	0.365
16854	0.422
16855	0.4845
16856	0.4105
16857	0.0355
16858	0.0015
16859	0.0055
16860	0.0175
16861	0.0125
16862	0.0135
16863	0.021
16864	0.0685
16865	0.111
16866	0.217
16867	0.3035
16868	0.3915
16869	0.35
16870	0.226
16871	0.1385
16872	0.0565
16873	0.0125
16874	0.0065
16875	0.005
16876	0.029
16877	0.0795
16878	0.1765
16879	0.3665
16880	0.337
16881	0.4645
16882	0.3865
16883	0.224
16884	0.084
16885	0.005
16886	0.003
16887	0.012
16888	0.0185
16889	0.0775
16890	0.193
16891	0.2905
16892	0.455
16893	0.484
16894	0.455
16895	0.2915
16896	0.055
16897	0.0105
16898	0.002
16899	0.0025
16900	0.005
16901	0.009
16902	0.0015
16903	0.0035
16904	0.001
16905	0.0015
16906	0.001
16907	0.0025
16908	0.002
16909	0.005
16910	0.001
16911	0.0035
16912	0
16913	0.0015
16914	0.003
16915	0.001
16916	0
16917	0.002
16918	0.002
16919	0.0015
16920	0.0025
16921	0.001
16922	0.0015
16923	0.0015
16924	0.002
16925	0.0015
16926	0.0015
16927	0
16928	0.0015
16929	0.001
16930	0
16931	0
16932	0.0005
16933	0.0005
16934	0.0005
16935	0.002
16936	0.0005
16937	0.0005
16938	0.0005
16939	0
16940	0.0005
16941	0.0005
16942	0.001
16943	0.002
16944	0.0005
16945	0.001
16946	0.0005
16947	0
16948	0.001
16949	0.0015
16950	0.0005
16951	0
16952	0
16953	0
16954	0
16955	0.0005
16956	0.0005
16957	0
16958	0.0005
16959	0.001
16960	0
16961	0.0005
16962	0.0005
16963	0
16964	0.002
16965	0.001
16966	0.001
16967	0.0005
16968	0.002
16969	0.0015
16970	0.001
16971	0.0015
16972	0.002
16973	0.0005
16974	0.0005
16975	0.0015
16976	0.001
16977	0.001
16978	0.0005
16979	0.0025
16980	0.001
16981	0.001
16982	0.0015
16983	0.0015
16984	0.002
16985	0.002
16986	0.0015
16987	0.0005
16988	0.0015
16989	0.0025
16990	0.001
16991	0.0015
16992	0.001
16993	0.0035
16994	0.002
16995	0.002
16996	0.001
16997	0.004
16998	0.0015
16999	0.0015
17000	0.002
17001	0.001
17002	0.003
17003	0.0025
17004	0.002
17005	0.0025
17006	0.0035
17007	0.003
17008	0.0015
17009	0.0015
17010	0.003
17011	0.0045
17012	0.004
17013	0.0005
17014	0.0035
17015	0.002
17016	0.0015
17017	0.0015
17018	0.0035
17019	0.004
17020	0.002
17021	0.0035
17022	0.004
17023	0.006
17024	0.0065
17025	0.008
17026	0.022
17027	0.0845
17028	0.303
17029	0.3385
17030	0.3755
17031	0.3125
17032	0.243
17033	0.1075
17034	0.004
17035	0.0055
17036	0.006
17037	0.005
17038	0.014
17039	0.0095
17040	0.0135
17041	0.0225
17042	0.025
17043	0.0365
17044	0.0595
17045	0.098
17046	0.168
17047	0.297
17048	0.337
17049	0.3845
17050	0.3365
17051	0.245
17052	0.112
17053	0.021
17054	0.0085
17055	0.006
17056	0.01
17057	0.019
17058	0.0205
17059	0.031
17060	0.0385
17061	0.073
17062	0.065
17063	0.0465
17064	0.0485
17065	0.0415
17066	0.0545
17067	0.0415
17068	0.04
17069	0.127
17070	0.2405
17071	0.3715
17072	0.3895
17073	0.338
17074	0.303
17075	0.149
17076	0.024
17077	0.0075
17078	0.004
17079	0.004
17080	0.033
17081	0.084
17082	0.275
17083	0.336
17084	0.4705
17085	0.4825
17086	0.377
17087	0.2265
17088	0.021
17089	0.0065
17090	0.004
17091	0.0015
17092	0.018
17093	0.0545
17094	0.271
17095	0.3065
17096	0.3025
17097	0.3565
17098	0.295
17099	0.1645
17100	0.005
17101	0.003
17102	0.0015
17103	0.0025
17104	0.003
17105	0.002
17106	0.0035
17107	0.001
17108	0.0025
17109	0.002
17110	0.001
17111	0.0015
17112	0.001
17113	0.0005
17114	0.001
17115	0.0015
17116	0.003
17117	0.002
17118	0.0025
17119	0.0015
17120	0.0015
17121	0.0005
17122	0.001
17123	0.0015
17124	0.0015
17125	0.001
17126	0.002
17127	0.0025
17128	0.0005
17129	0.001
17130	0.001
17131	0
17132	0.0015
17133	0.0015
17134	0.0005
17135	0
17136	0
17137	0
17138	0.0015
17139	0
17140	0.001
17141	0
17142	0.001
17143	0
17144	0.001
17145	0.001
17146	0.0015
17147	0.0005
17148	0.001
17149	0.0005
17150	0.0005
17151	0.0005
17152	0.002
17153	0.001
17154	0.0005
17155	0.0005
17156	0
17157	0
17158	0.001
17159	0.001
17160	0.0005
17161	0.001
17162	0
17163	0.0005
17164	0.0005
17165	0.001
17166	0.0005
17167	0.001
17168	0.0005
17169	0.001
17170	0.0005
17171	0.0005
17172	0.0025
17173	0.001
17174	0
17175	0.001
17176	0.0015
17177	0
17178	0.001
17179	0.0015
17180	0.0005
17181	0.002
17182	0.0015
17183	0.002
17184	0.002
17185	0.0025
17186	0.002
17187	0.0015
17188	0.0005
17189	0.0005
17190	0.003
17191	0.004
17192	0.0025
17193	0.0015
17194	0.0035
17195	0.0035
17196	0.002
17197	0.0025
17198	0.0015
17199	0.002
17200	0.0015
17201	0.0015
17202	0.0035
17203	0.002
17204	0.003
17205	0.003
17206	0.002
17207	0.0015
17208	0.004
17209	0.0025
17210	0.007
17211	0.002
17212	0.002
17213	0.003
17214	0.0035
17215	0.0045
17216	0.0025
17217	0.0025
17218	0.0065
17219	0.005
17220	0.0055
17221	0.003
17222	0.0045
17223	0.0035
17224	0.0045
17225	0.004
17226	0.003
17227	0.003
17228	0.0045
17229	0.0045
17230	0.0025
17231	0.0015
17232	0.0055
17233	0.0055
17234	0.0065
17235	0.0075
17236	0.0045
17237	0.01
17238	0.012
17239	0.0235
17240	0.04
17241	0.0735
17242	0.1095
17243	0.165
17244	0.315
17245	0.236
17246	0.209
17247	0.1435
17248	0.122
17249	0.073
17250	0.0035
17251	0.003
17252	0.037
17253	0.0995
17254	0.2265
17255	0.189
17256	0.264
17257	0.3655
17258	0.3255
17259	0.149
17260	0.023
17261	0.015
17262	0.036
17263	0.0125
17264	0.013
17265	0.0495
17266	0.155
17267	0.236
17268	0.3595
17269	0.4085
17270	0.4555
17271	0.356
17272	0.106
17273	0.0295
17274	0.013
17275	0.006
17276	0.003
17277	0.0195
17278	0.0305
17279	0.1435
17280	0.4075
17281	0.413
17282	0.4165
17283	0.368
17284	0.3195
17285	0.119
17286	0.004
17287	0.001
17288	0.003
17289	0.0075
17290	0.0335
17291	0.0885
17292	0.179
17293	0.268
17294	0.4035
17295	0.4845
17296	0.413
17297	0.2225
17298	0.056
17299	0.029
17300	0.0095
17301	0.003
17302	0.0045
17303	0.015
17304	0.0045
17305	0.0025
17306	0.0015
17307	0.001
17308	0.004
17309	0.002
17310	0.0035
17311	0
17312	0.003
17313	0.002
17314	0.002
17315	0.003
17316	0.001
17317	0
17318	0.0015
17319	0.002
17320	0.0015
17321	0.002
17322	0.002
17323	0.0015
17324	0.0015
17325	0.002
17326	0.001
17327	0
17328	0.0035
17329	0.001
17330	0.001
17331	0.0005
17332	0
17333	0.0005
17334	0.0005
17335	0.001
17336	0.001
17337	0.0015
17338	0
17339	0.001
17340	0
17341	0
17342	0.0005
17343	0.0005
17344	0
17345	0.0005
17346	0.0005
17347	0.0005
17348	0
17349	0.0015
17350	0.0005
17351	0
17352	0
17353	0.0005
17354	0
17355	0.001
17356	0
17357	0.0005
17358	0.0005
17359	0.002
17360	0
17361	0.001
17362	0
17363	0.0005
17364	0.0005
17365	0.0005
17366	0.0005
17367	0.0005
17368	0
17369	0.002
17370	0.0005
17371	0
17372	0.0005
17373	0.002
17374	0.002
17375	0.0025
17376	0.0015
17377	0.0005
17378	0.0005
17379	0.0015
17380	0
17381	0.0005
17382	0.001
17383	0.0015
17384	0.001
17385	0.0005
17386	0.0025
17387	0.001
17388	0.0025
17389	0.0025
17390	0.0015
17391	0.001
17392	0.0035
17393	0.0015
17394	0.0005
17395	0.001
17396	0.0025
17397	0.003
17398	0.001
17399	0.0025
17400	0.0015
17401	0.0035
17402	0.0015
17403	0.003
17404	0.004
17405	0.0015
17406	0.0035
17407	0.002
17408	0.0015
17409	0.004
17410	0.0035
17411	0.004
17412	0.0025
17413	0.005
17414	0.0085
17415	0.0085
17416	0.0065
17417	0.005
17418	0.0095
17419	0.01
17420	0.0075
17421	0.0035
17422	0.0045
17423	0.0055
17424	0.0055
17425	0.007
17426	0.005
17427	0.008
17428	0.015
17429	0.016
17430	0.043
17431	0.0995
17432	0.1835
17433	0.335
17434	0.311
17435	0.265
17436	0.235
17437	0.093
17438	0.016
17439	0.005
17440	0.0035
17441	0.007
17442	0.008
17443	0.004
17444	0.006
17445	0.0045
17446	0.009
17447	0.0155
17448	0.041
17449	0.123
17450	0.3245
17451	0.3825
17452	0.3555
17453	0.3565
17454	0.289
17455	0.1085
17456	0.006
17457	0.0055
17458	0.003
17459	0.0175
17460	0.0225
17461	0.0445
17462	0.073
17463	0.189
17464	0.2045
17465	0.2055
17466	0.125
17467	0.1405
17468	0.044
17469	0.0085
17470	0.005
17471	0.006
17472	0.007
17473	0.01
17474	0.0065
17475	0.021
17476	0.1
17477	0.2115
17478	0.288
17479	0.323
17480	0.38
17481	0.306
17482	0.137
17483	0.0185
17484	0.006
17485	0.003
17486	0.0065
17487	0.003
17488	0.0045
17489	0.007
17490	0.0055
17491	0.0065
17492	0.0055
17493	0.003
17494	0.004
17495	0.0055
17496	0.0035
17497	0.003
17498	0.001
17499	0.0035
17500	0.003
17501	0.003
17502	0.0035
17503	0
17504	0.002
17505	0.0025
17506	0.001
17507	0.002
17508	0.0025
17509	0
17510	0.001
17511	0.001
17512	0.002
17513	0.003
17514	0.001
17515	0.0015
17516	0.0025
17517	0.0005
17518	0.001
17519	0.001
17520	0.0005
17521	0.0015
17522	0
17523	0.001
17524	0.0015
17525	0.0015
17526	0.002
17527	0.0015
17528	0
17529	0.0015
17530	0.0005
17531	0.003
17532	0.0005
17533	0.0005
17534	0
17535	0.0005
17536	0.0005
17537	0
17538	0.001
17539	0
17540	0.001
17541	0.0005
17542	0.0005
17543	0
17544	0.0005
17545	0
17546	0.001
17547	0
17548	0.0005
17549	0
17550	0.0005
17551	0.0005
17552	0.0025
17553	0.001
17554	0.001
17555	0
17556	0.001
17557	0
17558	0.0005
17559	0.0005
17560	0.0015
17561	0
17562	0.001
17563	0.002
17564	0
17565	0.001
17566	0.0005
17567	0.001
17568	0.0005
17569	0.0015
17570	0.001
17571	0.0005
17572	0.001
17573	0.001
17574	0
17575	0.0005
17576	0.005
17577	0.002
17578	0.0015
17579	0.0015
17580	0.003
17581	0.0015
17582	0
17583	0.0015
17584	0.001
17585	0.001
17586	0.001
17587	0.003
17588	0.0015
17589	0.002
17590	0.001
17591	0.0025
17592	0.001
17593	0.0015
17594	0.003
17595	0.004
17596	0.004
17597	0.004
17598	0.0015
17599	0.0025
17600	0.0035
17601	0.002
17602	0.0035
17603	0.003
17604	0.004
17605	0.0015
17606	0.0015
17607	0.003
17608	0.0035
17609	0.006
17610	0.0005
17611	0.002
17612	0.002
17613	0.0025
17614	0.006
17615	0.003
17616	0.0065
17617	0.0035
17618	0.0045
17619	0.006
17620	0.0035
17621	0.0065
17622	0.008
17623	0.013
17624	0.0435
17625	0.0985
17626	0.157
17627	0.175
17628	0.248
17629	0.306
17630	0.2385
17631	0.113
17632	0.0515
17633	0.051
17634	0.068
17635	0.045
17636	0.107
17637	0.4555
17638	0.5485
17639	0.413
17640	0.389
17641	0.3975
17642	0.313
17643	0.0045
17644	0.0065
17645	0.004
17646	0.107
17647	0.2415
17648	0.2995
17649	0.3885
17650	0.415
17651	0.3725
17652	0.1385
17653	0.01
17654	0.005
17655	0.005
17656	0.0065
17657	0.007
17658	0.0055
17659	0.006
17660	0.0055
17661	0.004
17662	0.005
17663	0.0055
17664	0.0085
17665	0.011
17666	0.027
17667	0.09
17668	0.3765
17669	0.3725
17670	0.3085
17671	0.3
17672	0.286
17673	0.112
17674	0.009
17675	0.0045
17676	0.0045
17677	0.02
17678	0.0485
17679	0.0875
17680	0.2885
17681	0.4855
17682	0.4735
17683	0.452
17684	0.3645
17685	0.305
17686	0.028
17687	0.0025
17688	0.0015
17689	0.013
17690	0.064
17691	0.103
17692	0.179
17693	0.2315
17694	0.3545
17695	0.3495
17696	0.226
17697	0.1
17698	0.0395
17699	0.014
17700	0.0075
17701	0.0035
17702	0.0185
17703	0.0715
17704	0.1165
17705	0.1255
17706	0.1575
17707	0.2035
17708	0.1895
17709	0.0915
17710	0.0195
17711	0.015
17712	0.029
17713	0.034
17714	0.0585
17715	0.284
17716	0.32
17717	0.2675
17718	0.2505
17719	0.226
17720	0.164
17721	0.0015
17722	0
17723	0.001
17724	0.0015
17725	0.001
17726	0.0005
17727	0.001
17728	0.0005
17729	0.0015
17730	0.001
17731	0.002
17732	0.0005
17733	0.0005
17734	0.001
17735	0.0005
17736	0
17737	0.0005
17738	0.0005
17739	0
17740	0.0005
17741	0
17742	0
17743	0.0005
17744	0.0005
17745	0.002
17746	0.0005
17747	0.001
17748	0.001
17749	0
17750	0
17751	0.0005
17752	0.0005
17753	0.0005
17754	0
17755	0.0015
17756	0.001
17757	0.0005
17758	0.001
17759	0.001
17760	0.001
17761	0.001
17762	0.0005
17763	0
17764	0
17765	0.002
17766	0.0015
17767	0.001
17768	0
17769	0
17770	0.001
17771	0.0005
17772	0.0015
17773	0.0025
17774	0.0025
17775	0.001
17776	0.0005
17777	0.0005
17778	0.003
17779	0.0015
17780	0.0005
17781	0.001
17782	0.0005
17783	0.001
17784	0.0025
17785	0
17786	0.0015
17787	0.001
17788	0.0015
17789	0.002
17790	0
17791	0.004
17792	0.0015
17793	0.002
17794	0.0025
17795	0.003
17796	0.0025
17797	0.001
17798	0.002
17799	0.0055
17800	0.0015
17801	0.0015
17802	0.002
17803	0.0035
17804	0.002
17805	0.0015
17806	0.0035
17807	0.004
17808	0.0055
17809	0.004
17810	0.006
17811	0.0095
17812	0.01
17813	0.0145
17814	0.021
17815	0.0495
17816	0.059
17817	0.095
17818	0.158
17819	0.185
17820	0.1595
17821	0.138
17822	0.085
17823	0.064
17824	0.027
17825	0.0085
17826	0.015
17827	0.0435
17828	0.1765
17829	0.219
17830	0.2035
17831	0.197
17832	0.171
17833	0.0955
17834	0.0075
17835	0.0035
17836	0.0055
17837	0.007
17838	0.01
17839	0.0255
17840	0.1675
17841	0.3335
17842	0.397
17843	0.322
17844	0.3295
17845	0.299
17846	0.055
17847	0.0065
17848	0.006
17849	0.0035
17850	0.048
17851	0.0425
17852	0.056
17853	0.072
17854	0.0955
17855	0.1425
17856	0.1005
17857	0.0585
17858	0.109
17859	0.1005
17860	0.1905
17861	0.1595
17862	0.197
17863	0.3235
17864	0.196
17865	0.103
17866	0.0385
17867	0.008
17868	0.0175
17869	0.002
17870	0.004
17871	0.006
17872	0.005
17873	0.006
17874	0.009
17875	0.0195
17876	0.0185
17877	0.0205
17878	0.0385
17879	0.0565
17880	0.1265
17881	0.306
17882	0.3335
17883	0.3695
17884	0.403
17885	0.3685
17886	0.2425
17887	0.0265
17888	0.006
17889	0.008
17890	0.028
17891	0.111
17892	0.111
17893	0.158
17894	0.215
17895	0.237
17896	0.2095
17897	0.055
17898	0.0125
17899	0.0135
17900	0.009
17901	0.0035
17902	0.002
17903	0.003
17904	0.003
17905	0.0025
17906	0.003
17907	0.001
17908	0.0015
17909	0.0035
17910	0.0025
17911	0.0015
17912	0.002
17913	0.0005
17914	0.001
17915	0.0015
17916	0
17917	0.0015
17918	0.0005
17919	0
17920	0.001
17921	0.001
17922	0.002
17923	0
17924	0.001
17925	0.0005
17926	0.001
17927	0.001
17928	0.0025
17929	0
17930	0.0005
17931	0.001
17932	0.001
17933	0.001
17934	0.002
17935	0.0005
17936	0
17937	0.0005
17938	0.0005
17939	0.001
17940	0.0025
17941	0
17942	0.0005
17943	0
17944	0.0005
17945	0.0005
17946	0.0005
17947	0.0005
17948	0
17949	0.001
17950	0
17951	0.0015
17952	0.0005
17953	0
17954	0
17955	0.0005
17956	0.001
17957	0.0005
17958	0
17959	0.0005
17960	0.002
17961	0
17962	0.001
17963	0.001
17964	0.001
17965	0
17966	0.0005
17967	0.001
17968	0.0005
17969	0.0015
17970	0.0005
17971	0.002
17972	0.001
17973	0
17974	0.002
17975	0.0005
17976	0.001
17977	0.0015
17978	0.0015
17979	0.0015
17980	0.0015
17981	0.0015
17982	0.003
17983	0.002
17984	0.0035
17985	0.0005
17986	0.0005
17987	0.0015
17988	0.0015
17989	0.0005
17990	0.0005
17991	0.002
17992	0.002
17993	0.0015
17994	0.0035
17995	0.002
17996	0.003
17997	0.004
17998	0.003
17999	0.0015
18000	0.003
18001	0.0025
18002	0.0015
18003	0.0015
18004	0.004
18005	0.0045
18006	0.0025
18007	0.0045
18008	0.0035
18009	0.0035
18010	0.0035
18011	0.004
18012	0.006
18013	0.0045
18014	0.006
18015	0.0085
18016	0.0085
18017	0.0095
18018	0.012
18019	0.0125
18020	0.013
18021	0.013
18022	0.0155
18023	0.0355
18024	0.0805
18025	0.1665
18026	0.2575
18027	0.3315
18028	0.35
18029	0.292
18030	0.163
18031	0.0505
18032	0.009
18033	0.005
18034	0.0055
18035	0.011
18036	0.0425
18037	0.0965
18038	0.093
18039	0.0925
18040	0.137
18041	0.1595
18042	0.09
18043	0.0165
18044	0.009
18045	0.042
18046	0.0585
18047	0.0315
18048	0.062
18049	0.198
18050	0.231
18051	0.2315
18052	0.239
18053	0.298
18054	0.3435
18055	0.094
18056	0.0255
18057	0.0965
18058	0.1935
18059	0.108
18060	0.04
18061	0.0635
18062	0.2435
18063	0.1565
18064	0.036
18065	0.033
18066	0.2685
18067	0.267
18068	0.0285
18069	0.0165
18070	0.159
18071	0.256
18072	0.029
18073	0.0045
18074	0.111
18075	0.3925
18076	0.1665
18077	0.0705
18078	0.1835
18079	0.478
18080	0.288
18081	0.0095
18082	0.013
18083	0.4105
18084	0.2295
18085	0.018
18086	0.015
18087	0.2475
18088	0.412
18089	0.0045
18090	0.0035
18091	0.227
18092	0.402
18093	0.077
18094	0.011
18095	0.0685
18096	0.47
18097	0.0805
18098	0.009
18099	0.0575
18100	0.35
18101	0.3765
18102	0.007
18103	0.005
18104	0.3945
18105	0.2335
18106	0.0095
18107	0.0035
18108	0.0605
18109	0.218
18110	0.007
18111	0.001
18112	0.168
18113	0.453
18114	0.401
18115	0.121
18116	0.205
18117	0.517
18118	0.12
18119	0.0025
18120	0.0015
18121	0.05
18122	0.2395
18123	0.0155
18124	0.009
18125	0.3735
18126	0.337
18127	0.286
18128	0.034
18129	0.0555
18130	0.359
18131	0.0005
18132	0
18133	0.026
18134	0.1225
18135	0.1645
18136	0.0055
18137	0.0055
18138	0.312
18139	0.3775
18140	0.1255
18141	0.0815
18142	0.32
18143	0.468
18144	0.0215
18145	0
18146	0.022
18147	0.2265
18148	0.0795
18149	0.0065
18150	0.052
18151	0.3265
18152	0.3725
18153	0.055
18154	0.068
18155	0.39
18156	0.37
18157	0.0135
18158	0.001
18159	0.047
18160	0.238
18161	0.0175
18162	0.005
18163	0.126
18164	0.342
18165	0.2795
18166	0.0455
18167	0.1015
18168	0.441
18169	0.189
18170	0.0115
18171	0.0075
18172	0.165
18173	0.2625
18174	0.0115
18175	0.004
18176	0.3805
18177	0.3405
18178	0.105
18179	0.0165
18180	0.1095
18181	0.235
18182	0.0005
18183	0.0005
18184	0.004
18185	0.044
18186	0.0255
18187	0.001
18188	0.002
18189	0.055
18190	0.1295
18191	0.0615
18192	0.106
18193	0.3005
18194	0.3065
18195	0.2155
18196	0.0705
18197	0.1005
18198	0.2275
18199	0.016
18200	0.0045
18201	0.0275
18202	0.149
18203	0.1885
18204	0.0665
18205	0.0935
18206	0.334
18207	0.2435
18208	0.078
18209	0.0125
18210	0.0745
18211	0.2315
18212	0.013
18213	0.001
18214	0.1265
18215	0.3625
18216	0.263
18217	0.102
18218	0.155
18219	0.439
18220	0.203
18221	0.008
18222	0.0105
18223	0.305
18224	0.461
18225	0.0695
18226	0.0495
18227	0.356
18228	0.354
18229	0.0195
18230	0.004
18231	0.015
18232	0.3015
18233	0.034
18234	0.017
18235	0.1805
18236	0.396
18237	0.3445
18238	0.019
18239	0.0195
18240	0.394
18241	0.09
18242	0.0085
18243	0.018
18244	0.243
18245	0.415
18246	0.0265
18247	0.023
18248	0.36
18249	0.32
18250	0.0335
18251	0.008
18252	0.015
18253	0.22
18254	0.0045
18255	0.006
18256	0.152
18257	0.3525
18258	0.3275
18259	0.033
18260	0.04
18261	0.298
18262	0.068
18263	0.006
18264	0.004
18265	0.139
18266	0.459
18267	0.096
18268	0.087
18269	0.3365
18270	0.262
18271	0.072
18272	0.005
18273	0.002
18274	0.185
18275	0.0105
18276	0.0085
18277	0.141
18278	0.378
18279	0.418
18280	0.071
18281	0.104
18282	0.522
18283	0.1515
18284	0.0115
18285	0.005
18286	0.0725
18287	0.336
18288	0.0165
18289	0.006
18290	0.231
18291	0.325
18292	0.2335
18293	0.005
18294	0.0095
18295	0.3775
18296	0.0465
18297	0.0075
18298	0.0555
18299	0.2935
18300	0.3695
18301	0.0115
18302	0.008
18303	0.3355
18304	0.378
18305	0.0565
18306	0.009
18307	0.2135
18308	0.4835
18309	0.0235
18310	0.001
18311	0.0405
18312	0.1345
18313	0.0385
18314	0.002
18315	0.003
18316	0.3425
18317	0.36
18318	0.258
18319	0.3565
18320	0.4575
18321	0.3385
18322	0.002
18323	0.0015
18324	0.0005
18325	0.0015
18326	0.0015
18327	0.0005
18328	0.0005
18329	0.001
18330	0.001
18331	0.001
18332	0.001
18333	0.0015
18334	0
18335	0.0005
18336	0
18337	0.0005
18338	0
18339	0
18340	0
18341	0.0015
18342	0.0005
18343	0.0005
18344	0
18345	0.001
18346	0.0005
18347	0
18348	0.0005
18349	0
18350	0.0005
18351	0.001
18352	0
18353	0.0005
18354	0
18355	0.0005
18356	0.0005
18357	0
18358	0
18359	0.0005
18360	0.001
18361	0.0005
18362	0.001
18363	0.0005
18364	0.001
18365	0
18366	0.0005
18367	0.0005
18368	0.001
18369	0
18370	0.001
18371	0.0005
18372	0.0005
18373	0
18374	0.001
18375	0.0005
18376	0.001
18377	0.0005
18378	0.0005
18379	0.0005
18380	0.001
18381	0.0005
18382	0.001
18383	0.001
18384	0
18385	0.001
18386	0.004
18387	0.0015
18388	0.002
18389	0.0035
18390	0.001
18391	0.0025
18392	0.0015
18393	0.0015
18394	0.0015
18395	0
18396	0.002
18397	0.0005
18398	0.0015
18399	0.0025
18400	0.003
18401	0.0015
18402	0.0025
18403	0.0025
18404	0.0045
18405	0.0025
18406	0.002
18407	0.0055
18408	0.003
18409	0.001
18410	0.0015
18411	0.0035
18412	0.002
18413	0.006
18414	0.003
18415	0.004
18416	0.003
18417	0.0065
18418	0.0055
18419	0.008
18420	0.012
18421	0.0165
18422	0.027
18423	0.0355
18424	0.153
18425	0.589
18426	0.3025
18427	0.2985
18428	0.2925
18429	0.2585
18430	0.0735
18431	0.005
18432	0.0045
18433	0.013
18434	0.043
18435	0.0595
18436	0.1195
18437	0.134
18438	0.1635
18439	0.2195
18440	0.2075
18441	0.125
18442	0.084
18443	0.036
18444	0.0585
18445	0.0865
18446	0.0985
18447	0.155
18448	0.1415
18449	0.181
18450	0.133
18451	0.103
18452	0.053
18453	0.0235
18454	0.0095
18455	0.011
18456	0.014
18457	0.041
18458	0.114
18459	0.1355
18460	0.2175
18461	0.319
18462	0.3695
18463	0.2465
18464	0.106
18465	0.046
18466	0.0485
18467	0.007
18468	0.005
18469	0.012
18470	0.0565
18471	0.095
18472	0.166
18473	0.21
18474	0.208
18475	0.275
18476	0.1575
18477	0.078
18478	0.029
18479	0.01
18480	0.0155
18481	0.0195
18482	0.014
18483	0.074
18484	0.2555
18485	0.335
18486	0.34
18487	0.3555
18488	0.356
18489	0.228
18490	0.0145
18491	0.0025
18492	0.0015
18493	0.006
18494	0.0055
18495	0.0025
18496	0.002
18497	0.0035
18498	0.003
18499	0.0025
18500	0.0025
18501	0.0025
18502	0.004
18503	0.0015
18504	0.0005
18505	0.0035
18506	0.005
18507	0.004
18508	0.0025
18509	0.0025
18510	0.0015
18511	0.002
18512	0.0015
18513	0.002
18514	0.001
18515	0.0015
18516	0.0015
18517	0.0025
18518	0.002
18519	0.001
18520	0.0015
18521	0.005
18522	0
18523	0.0005
18524	0.001
18525	0.0005
18526	0.0005
18527	0
18528	0.0015
18529	0.001
18530	0
18531	0.0005
18532	0.001
18533	0.0005
18534	0.001
18535	0.0005
18536	0.0005
18537	0.0005
18538	0.0005
18539	0.0005
18540	0
18541	0
18542	0.0015
18543	0.0015
18544	0.001
18545	0.0005
18546	0
18547	0
18548	0.001
18549	0
18550	0
18551	0.001
18552	0.0015
18553	0
18554	0.0005
18555	0.001
18556	0.0005
18557	0.001
18558	0.0005
18559	0
18560	0.0005
18561	0
18562	0.001
18563	0
18564	0
18565	0.001
18566	0.0015
18567	0.0015
18568	0.001
18569	0
18570	0.0015
18571	0.001
18572	0.0015
18573	0.001
18574	0.002
18575	0.0025
18576	0.0005
18577	0
18578	0.0005
18579	0.0005
18580	0.0015
18581	0.001
18582	0.0025
18583	0.001
18584	0
18585	0.001
18586	0.0025
18587	0.0015
18588	0.0015
18589	0.0025
18590	0.001
18591	0.0005
18592	0.002
18593	0.0015
18594	0.0015
18595	0.0035
18596	0.002
18597	0.002
18598	0.003
18599	0.0025
18600	0.0025
18601	0.003
18602	0.0055
18603	0.003
18604	0.002
18605	0.004
18606	0.005
18607	0.005
18608	0.0025
18609	0.004
18610	0.005
18611	0.007
18612	0.008
18613	0.006
18614	0.009
18615	0.013
18616	0.017
18617	0.043
18618	0.095
18619	0.3725
18620	0.395
18621	0.3705
18622	0.4005
18623	0.375
18624	0.194
18625	0.005
18626	0.003
18627	0.003
18628	0.0255
18629	0.0315
18630	0.0315
18631	0.122
18632	0.165
18633	0.125
18634	0.122
18635	0.073
18636	0.062
18637	0.0105
18638	0.006
18639	0.0035
18640	0.0055
18641	0.0085
18642	0.006
18643	0.003
18644	0.0055
18645	0.004
18646	0.0045
18647	0.0025
18648	0.0055
18649	0.003
18650	0.008
18651	0.0015
18652	0.006
18653	0.0095
18654	0.008
18655	0.012
18656	0.0165
18657	0.044
18658	0.12
18659	0.2695
18660	0.267
18661	0.289
18662	0.299
18663	0.242
18664	0.1
18665	0.007
18666	0.0035
18667	0.0055
18668	0.013
18669	0.036
18670	0.1135
18671	0.2665
18672	0.2385
18673	0.305
18674	0.312
18675	0.242
18676	0.085
18677	0.0035
18678	0.0025
18679	0.0105
18680	0.0115
18681	0.0285
18682	0.051
18683	0.102
18684	0.14
18685	0.196
18686	0.2485
18687	0.262
18688	0.2
18689	0.108
18690	0.0685
18691	0.0615
18692	0.0435
18693	0.037
18694	0.1075
18695	0.311
18696	0.4185
18697	0.3345
18698	0.303
18699	0.3055
18700	0.183
18701	0.005
18702	0.0015
18703	0.0005
18704	0.0135
18705	0.0205
18706	0.0095
18707	0.0565
18708	0.118
18709	0.226
18710	0.344
18711	0.372
18712	0.3825
18713	0.2735
18714	0.093
18715	0.019
18716	0.002
18717	0.002
18718	0.0005
18719	0.002
18720	0.001
18721	0.0025
18722	0.002
18723	0.001
18724	0.002
18725	0.001
18726	0.002
18727	0.001
18728	0
18729	0.001
18730	0.0005
18731	0.002
18732	0
18733	0.001
18734	0.001
18735	0.0005
18736	0.0005
18737	0
18738	0.0005
18739	0.0005
18740	0.0015
18741	0.0005
18742	0.0005
18743	0.0005
18744	0.002
18745	0.0005
18746	0.0005
18747	0.0015
18748	0.0005
18749	0.0005
18750	0
18751	0.001
18752	0.0005
18753	0.0005
18754	0.0005
18755	0.0005
18756	0.0005
18757	0.0005
18758	0.0005
18759	0.0005
18760	0.001
18761	0
18762	0.0005
18763	0.001
18764	0.0015
18765	0.0025
18766	0.001
18767	0
18768	0
18769	0.002
18770	0.0005
18771	0.001
18772	0.001
18773	0.0025
18774	0.002
18775	0.0005
18776	0.0025
18777	0.0025
18778	0.0025
18779	0.001
18780	0.001
18781	0.0015
18782	0.003
18783	0.002
18784	0.001
18785	0.0035
18786	0.0015
18787	0.0025
18788	0.002
18789	0.0025
18790	0.0015
18791	0.001
18792	0.0025
18793	0.003
18794	0.001
18795	0.001
18796	0.0005
18797	0.005
18798	0.001
18799	0.0015
18800	0.0025
18801	0.002
18802	0.0025
18803	0.0025
18804	0.003
18805	0.003
18806	0.0015
18807	0.003
18808	0.003
18809	0.0015
18810	0.004
18811	0.0025
18812	0.0045
18813	0.0015
18814	0.0045
18815	0.0055
18816	0.003
18817	0.004
18818	0.0045
18819	0.003
18820	0.0035
18821	0.0035
18822	0.008
18823	0.0045
18824	0.0035
18825	0.0045
18826	0.0065
18827	0.0095
18828	0.014
18829	0.03
18830	0.092
18831	0.1
18832	0.1495
18833	0.2135
18834	0.263
18835	0.181
18836	0.085
18837	0.0325
18838	0.038
18839	0.016
18840	0.0055
18841	0.0085
18842	0.0455
18843	0.116
18844	0.1355
18845	0.234
18846	0.385
18847	0.429
18848	0.3575
18849	0.1795
18850	0.162
18851	0.138
18852	0.0275
18853	0.011
18854	0.0455
18855	0.148
18856	0.2145
18857	0.1695
18858	0.298
18859	0.4125
18860	0.39
18861	0.1585
18862	0.0445
18863	0.084
18864	0.082
18865	0.0095
18866	0.008
18867	0.0625
18868	0.271
18869	0.321
18870	0.401
18871	0.437
18872	0.5385
18873	0.347
18874	0.03
18875	0.0035
18876	0.0045
18877	0.013
18878	0.008
18879	0.005
18880	0.0195
18881	0.136
18882	0.4495
18883	0.4155
18884	0.384
18885	0.3585
18886	0.3055
18887	0.0945
18888	0.003
18889	0.0035
18890	0.0045
18891	0.0155
18892	0.047
18893	0.12
18894	0.264
18895	0.3975
18896	0.505
18897	0.3905
18898	0.3265
18899	0.138
18900	0.014
18901	0.0035
18902	0.002
18903	0.004
18904	0.026
18905	0.0455
18906	0.117
18907	0.1855
18908	0.274
18909	0.2835
18910	0.2325
18911	0.1575
18912	0.0635
18913	0.007
18914	0.003
18915	0.0015
18916	0.007
18917	0.0225
18918	0.0535
18919	0.1545
18920	0.2455
18921	0.34
18922	0.2825
18923	0.2595
18924	0.1775
18925	0.0255
18926	0.001
18927	0.003
18928	0.0015
18929	0.0005
18930	0.0005
18931	0.0005
18932	0.001
18933	0.0005
18934	0.0005
18935	0.0005
18936	0.0005
18937	0.0005
18938	0
18939	0.002
18940	0
18941	0.0005
18942	0
18943	0
18944	0.0005
18945	0
18946	0
18947	0
18948	0.0005
18949	0.0005
18950	0
18951	0.0005
18952	0.001
18953	0
18954	0.0005
18955	0
18956	0.0005
18957	0
18958	0.0015
18959	0
18960	0.0005
18961	0
18962	0.0005
18963	0.0005
18964	0.0005
18965	0.0015
18966	0
18967	0
18968	0
18969	0.001
18970	0.001
18971	0
18972	0.0005
18973	0.0005
18974	0.001
18975	0.0015
18976	0
18977	0.002
18978	0.001
18979	0
18980	0.001
18981	0.002
18982	0.0025
18983	0.001
18984	0
18985	0.002
18986	0.001
18987	0.0015
18988	0.0025
18989	0.001
18990	0.003
18991	0.0015
18992	0.002
18993	0.0015
18994	0.002
18995	0.001
18996	0.001
18997	0.0025
18998	0.001
18999	0.0025
19000	0.0035
19001	0.0035
19002	0.002
19003	0.0045
19004	0.0015
19005	0.002
19006	0.002
19007	0.002
19008	0.0025
19009	0.0035
19010	0.0015
19011	0.001
19012	0.003
19013	0.007
19014	0.004
19015	0.0035
19016	0.0025
19017	0.006
19018	0.0135
19019	0.017
19020	0.0375
19021	0.146
19022	0.3255
19023	0.4875
19024	0.4165
19025	0.3635
19026	0.309
19027	0.099
19028	0.0045
19029	0.0025
19030	0.003
19031	0.0135
19032	0.0655
19033	0.134
19034	0.3635
19035	0.3155
19036	0.3385
19037	0.2795
19038	0.179
19039	0.0285
19040	0.0045
19041	0.0045
19042	0.0035
19043	0.0065
19044	0.0085
19045	0.0065
19046	0.0115
19047	0.0115
19048	0.0295
19049	0.0445
19050	0.0685
19051	0.1225
19052	0.3515
19053	0.3815
19054	0.31
19055	0.2575
19056	0.2855
19057	0.171
19058	0.0035
19059	0.0025
19060	0.006
19061	0.029
19062	0.0125
19063	0.008
19064	0.019
19065	0.0675
19066	0.1215
19067	0.124
19068	0.2565
19069	0.42
19070	0.375
19071	0.268
19072	0.178
19073	0.162
19074	0.0875
19075	0.0035
19076	0.0065
19077	0.0455
19078	0.1045
19079	0.0945
19080	0.11
19081	0.1935
19082	0.278
19083	0.1795
19084	0.044
19085	0.041
19086	0.0715
19087	0.0435
19088	0.004
19089	0.005
19090	0.0965
19091	0.351
19092	0.36
19093	0.4505
19094	0.453
19095	0.417
19096	0.2135
19097	0.0035
19098	0.002
19099	0.001
19100	0.0035
19101	0.0025
19102	0.0015
19103	0.001
19104	0.002
19105	0.001
19106	0.002
19107	0.003
19108	0.002
19109	0.0015
19110	0.001
19111	0.0015
19112	0.002
19113	0.001
19114	0.002
19115	0.001
19116	0.002
19117	0.0015
19118	0.0005
19119	0.0005
19120	0.002
19121	0.002
19122	0.002
19123	0.001
19124	0.0005
19125	0.0015
19126	0.001
19127	0.0005
19128	0.002
19129	0.0005
19130	0.001
19131	0.001
19132	0.001
19133	0.0005
19134	0
19135	0.0005
19136	0.0015
19137	0.001
19138	0
19139	0
19140	0.001
19141	0.0005
19142	0
19143	0.0005
19144	0.0005
19145	0
19146	0.0005
19147	0.0005
19148	0.0005
19149	0
19150	0
19151	0.0005
19152	0.001
19153	0
19154	0.0005
19155	0.0015
19156	0.0005
19157	0
19158	0.001
19159	0.001
19160	0.001
19161	0.0015
19162	0
19163	0.0005
19164	0.0005
19165	0.0005
19166	0.0005
19167	0.0005
19168	0.001
19169	0.002
19170	0.0005
19171	0
19172	0
19173	0
19174	0.0005
19175	0.0005
19176	0.001
19177	0.001
19178	0.0015
19179	0.0015
19180	0.001
19181	0.0015
19182	0.001
19183	0.0025
19184	0.0015
19185	0.0005
19186	0.0005
19187	0.0015
19188	0.0015
19189	0.0025
19190	0.0035
19191	0.002
19192	0.0045
19193	0.002
19194	0.001
19195	0.002
19196	0.002
19197	0.004
19198	0.0035
19199	0.002
19200	0
19201	0.0035
19202	0.002
19203	0.004
19204	0.0035
19205	0.0025
19206	0.004
19207	0.0015
19208	0.0045
19209	0.004
19210	0.003
19211	0.0035
19212	0.003
19213	0.0065
19214	0.0035
19215	0.002
19216	0.003
19217	0.0045
19218	0.0065
19219	0.0035
19220	0.003
19221	0.0045
19222	0.003
19223	0.002
19224	0.0025
19225	0.0045
19226	0.006
19227	0.0025
19228	0.0045
19229	0.005
19230	0.0085
19231	0.01
19232	0.006
19233	0.0085
19234	0.009
19235	0.012
19236	0.0125
19237	0.019
19238	0.023
19239	0.035
19240	0.052
19241	0.053
19242	0.107
19243	0.1165
19244	0.1145
19245	0.1355
19246	0.0875
19247	0.0825
19248	0.051
19249	0.0255
19250	0.0485
19251	0.0605
19252	0.0785
19253	0.1425
19254	0.11
19255	0.194
19256	0.217
19257	0.186
19258	0.197
19259	0.0945
19260	0.0905
19261	0.147
19262	0.0705
19263	0.1275
19264	0.196
19265	0.276
19266	0.344
19267	0.179
19268	0.1835
19269	0.2245
19270	0.079
19271	0.0285
19272	0.009
19273	0.0125
19274	0.05
19275	0.0235
19276	0.0185
19277	0.09
19278	0.0975
19279	0.1315
19280	0.093
19281	0.114
19282	0.197
19283	0.07
19284	0.025
19285	0.025
19286	0.0465
19287	0.057
19288	0.004
19289	0.0075
19290	0.04
19291	0.0925
19292	0.181
19293	0.32
19294	0.458
19295	0.4585
19296	0.4205
19297	0.3105
19298	0.1795
19299	0.035
19300	0.0045
19301	0.003
19302	0.0575
19303	0.322
19304	0.2915
19305	0.3155
19306	0.425
19307	0.3495
19308	0.2595
19309	0.0055
19310	0.001
19311	0.0015
19312	0.002
19313	0.002
19314	0.001
19315	0.002
19316	0.002
19317	0.0005
19318	0.0005
19319	0.0015
19320	0.0005
19321	0.0005
19322	0.0005
19323	0.001
19324	0.001
19325	0.001
19326	0.002
19327	0
19328	0.0005
19329	0.0005
19330	0.0005
19331	0.0015
19332	0.001
19333	0.0015
19334	0.0005
19335	0
19336	0.0005
19337	0
19338	0
19339	0.001
19340	0.0005
19341	0
19342	0.0005
19343	0
19344	0.0005
19345	0.0005
19346	0.001
19347	0.001
19348	0.0005
19349	0.001
19350	0.002
19351	0.0015
19352	0.0005
19353	0.001
19354	0
19355	0.0005
19356	0.001
19357	0.0005
19358	0.001
19359	0
19360	0
19361	0.001
19362	0.0005
19363	0.0005
19364	0.0005
19365	0
19366	0
19367	0.001
19368	0.0005
19369	0
19370	0.002
19371	0.0025
19372	0
19373	0.0015
19374	0.0005
19375	0.0015
19376	0.0005
19377	0.001
19378	0.001
19379	0.002
19380	0.001
19381	0.0025
19382	0.0025
19383	0.001
19384	0.0005
19385	0.001
19386	0.002
19387	0.0005
19388	0.002
19389	0.0045
19390	0.002
19391	0.001
19392	0.001
19393	0.0015
19394	0.0025
19395	0.0015
19396	0.002
19397	0.004
19398	0.0015
19399	0.002
19400	0.002
19401	0.0025
19402	0.0045
19403	0.0055
19404	0.004
19405	0.0035
19406	0.0045
19407	0.002
19408	0.002
19409	0.003
19410	0.002
19411	0.0035
19412	0.0015
19413	0.002
19414	0.0035
19415	0.002
19416	0.004
19417	0.0045
19418	0.0025
19419	0.0045
19420	0.006
19421	0.0075
19422	0.0105
19423	0.0215
19424	0.074
19425	0.3745
19426	0.6275
19427	0.4785
19428	0.441
19429	0.4055
19430	0.255
19431	0.009
19432	0.003
19433	0.0045
19434	0.0205
19435	0.085
19436	0.201
19437	0.4275
19438	0.412
19439	0.4125
19440	0.381
19441	0.21
19442	0.029
19443	0.0025
19444	0.004
19445	0.008
19446	0.023
19447	0.027
19448	0.0285
19449	0.059
19450	0.0945
19451	0.1335
19452	0.093
19453	0.0915
19454	0.0815
19455	0.087
19456	0.026
19457	0.0125
19458	0.0135
19459	0.027
19460	0.023
19461	0.028
19462	0.057
19463	0.1955
19464	0.2335
19465	0.2225
19466	0.3335
19467	0.325
19468	0.2935
19469	0.0525
19470	0.0065
19471	0.025
19472	0.025
19473	0.009
19474	0.01
19475	0.016
19476	0.0735
19477	0.2245
19478	0.2215
19479	0.2975
19480	0.346
19481	0.2825
19482	0.181
19483	0.021
19484	0.0045
19485	0.0085
19486	0.003
19487	0.0045
19488	0.0065
19489	0.003
19490	0.0035
19491	0.005
19492	0.0015
19493	0.003
19494	0.0025
19495	0.002
19496	0.0025
19497	0.0035
19498	0.004
19499	0.0005
19500	0.0055
19501	0.0015
19502	0.0015
19503	0.0015
19504	0.0015
19505	0.002
19506	0.001
19507	0.0025
19508	0.002
19509	0.0025
19510	0.0025
19511	0.002
19512	0.002
19513	0.0005
19514	0.002
19515	0.0025
19516	0.0025
19517	0.001
19518	0
19519	0.0015
19520	0.001
19521	0.0015
19522	0.002
19523	0.0015
19524	0.002
19525	0.0015
19526	0.0015
19527	0.0025
19528	0.0005
19529	0.0015
19530	0.0005
19531	0.0015
19532	0.0005
19533	0.001
19534	0.0015
19535	0
19536	0.0005
19537	0.001
19538	0.0005
19539	0
19540	0
19541	0.0005
19542	0.0005
19543	0
19544	0.0005
19545	0.0005
19546	0
19547	0.0005
19548	0.001
19549	0.0005
19550	0.001
19551	0.001
19552	0
19553	0.0005
19554	0.0005
19555	0.001
19556	0.0015
19557	0.0005
19558	0.0005
19559	0
19560	0.0015
19561	0
19562	0.0005
19563	0.001
19564	0.0005
19565	0.001
19566	0.0005
19567	0.0015
19568	0
19569	0.0015
19570	0.001
19571	0
19572	0
19573	0
19574	0.0015
19575	0.002
19576	0.001
19577	0.0015
19578	0.0015
19579	0.0005
19580	0.0015
19581	0.0025
19582	0.0005
19583	0.001
19584	0.0015
19585	0
19586	0.0035
19587	0.0015
19588	0.002
19589	0.001
19590	0.001
19591	0.0005
19592	0.002
19593	0.001
19594	0.002
19595	0.0015
19596	0.002
19597	0.0015
19598	0.001
19599	0.0045
19600	0.002
19601	0.001
19602	0.0025
19603	0.001
19604	0.0025
19605	0.002
19606	0.0025
19607	0.003
19608	0.0015
19609	0.003
19610	0.0025
19611	0.002
19612	0.003
19613	0.0025
19614	0.003
19615	0.0045
19616	0.0035
19617	0.0075
19618	0.003
19619	0.005
19620	0.007
19621	0.0045
19622	0.0055
19623	0.007
19624	0.007
19625	0.009
19626	0.011
19627	0.0085
19628	0.0115
19629	0.016
19630	0.0085
19631	0.013
19632	0.0125
19633	0.0255
19634	0.049
19635	0.0475
19636	0.0805
19637	0.1075
19638	0.1125
19639	0.1135
19640	0.1395
19641	0.122
19642	0.1385
19643	0.0485
19644	0.067
19645	0.1425
19646	0.168
19647	0.084
19648	0.074
19649	0.065
19650	0.1
19651	0.0115
19652	0.0035
19653	0.005
19654	0.015
19655	0.0155
19656	0.01
19657	0.011
19658	0.072
19659	0.1985
19660	0.2855
19661	0.36
19662	0.516
19663	0.4165
19664	0.2375
19665	0.046
19666	0.01
19667	0.0025
19668	0.004
19669	0.007
19670	0.0095
19671	0.019
19672	0.0665
19673	0.2545
19674	0.26
19675	0.3935
19676	0.3605
19677	0.306
19678	0.202
19679	0.016
19680	0.0055
19681	0.0035
19682	0.0025
19683	0.012
19684	0.0095
19685	0.012
19686	0.0265
19687	0.0635
19688	0.086
19689	0.139
19690	0.209
19691	0.2515
19692	0.265
19693	0.1655
19694	0.081
19695	0.0555
19696	0.012
19697	0.0025
19698	0.0045
19699	0.0045
19700	0.0025
19701	0.003
19702	0.0025
19703	0.002
19704	0.002
19705	0.002
19706	0.003
19707	0.0035
19708	0.001
19709	0.002
19710	0.0005
19711	0.0025
19712	0.0005
19713	0.0005
19714	0.002
19715	0.0025
19716	0.0005
19717	0.0025
19718	0.0005
19719	0.0015
19720	0.002
19721	0.001
19722	0.0015
19723	0.001
19724	0.002
19725	0.0005
19726	0.001
19727	0
19728	0.001
19729	0.001
19730	0
19731	0.0005
19732	0
19733	0.0015
19734	0
19735	0.0005
19736	0.0015
19737	0.0005
19738	0
19739	0.001
19740	0
19741	0.0005
19742	0.0005
19743	0.0015
19744	0.001
19745	0.001
19746	0
19747	0.0005
19748	0
19749	0.0005
19750	0.0005
19751	0
19752	0.001
19753	0.001
19754	0.0005
19755	0
19756	0.001
19757	0.0015
19758	0.0005
19759	0.0005
19760	0.001
19761	0.001
19762	0.0015
19763	0.0015
19764	0.001
19765	0.001
19766	0.002
19767	0.0005
19768	0
19769	0.0015
19770	0.001
19771	0
19772	0.0005
19773	0.0015
19774	0.001
19775	0.0005
19776	0.0005
19777	0.001
19778	0.001
19779	0.0005
19780	0.001
19781	0.001
19782	0.0025
19783	0.0005
19784	0.0025
19785	0.0015
19786	0.0025
19787	0.0015
19788	0.0015
19789	0.0015
19790	0.002
19791	0
19792	0.001
19793	0.0015
19794	0.0025
19795	0.0005
19796	0.002
19797	0.0025
19798	0.0035
19799	0.0025
19800	0.0025
19801	0.005
19802	0.004
19803	0.002
19804	0.004
19805	0.005
19806	0.0025
19807	0.002
19808	0.004
19809	0.0015
19810	0.004
19811	0.0035
19812	0.004
19813	0.003
19814	0.0025
19815	0.0055
19816	0.006
19817	0.0065
19818	0.0075
19819	0.014
19820	0.064
19821	0.259
19822	0.3875
19823	0.382
19824	0.333
19825	0.273
19826	0.1775
19827	0.0045
19828	0.0035
19829	0.0015
19830	0.0045
19831	0.009
19832	0.0035
19833	0.0055
19834	0.005
19835	0.0085
19836	0.02
19837	0.0355
19838	0.093
19839	0.229
19840	0.3675
19841	0.198
19842	0.229
19843	0.162
19844	0.073
19845	0.008
19846	0.005
19847	0.0055
19848	0.0185
19849	0.0405
19850	0.2485
19851	0.3645
19852	0.4395
19853	0.4415
19854	0.4365
19855	0.3535
19856	0.037
19857	0.005
19858	0.005
19859	0.006
19860	0.027
19861	0.0315
19862	0.058
19863	0.1725
19864	0.2385
19865	0.3155
19866	0.374
19867	0.3
19868	0.281
19869	0.087
19870	0.0195
19871	0.015
19872	0.008
19873	0.0155
19874	0.022
19875	0.034
19876	0.158
19877	0.5145
19878	0.407
19879	0.3735
19880	0.3435
19881	0.3235
19882	0.0885
19883	0.003
19884	0.0055
19885	0.008
19886	0.0485
19887	0.0745
19888	0.1595
19889	0.3665
19890	0.3855
19891	0.2895
19892	0.2155
19893	0.125
19894	0.0605
19895	0.0045
19896	0.003
19897	0.0015
19898	0.073
19899	0.2195
19900	0.3205
19901	0.3645
19902	0.396
19903	0.4095
19904	0.2405
19905	0.0175
19906	0.004
19907	0.0035
19908	0.0025
19909	0.0035
19910	0.0015
19911	0.002
19912	0.001
19913	0.0015
19914	0.005
19915	0.0035
19916	0.0015
19917	0.0015
19918	0.0015
19919	0.002
19920	0.0005
19921	0.002
19922	0.002
19923	0
19924	0.0005
19925	0.001
19926	0.001
19927	0.0015
19928	0.0015
19929	0.001
19930	0.0005
19931	0.0015
19932	0.001
19933	0.001
19934	0.001
19935	0.001
19936	0.0005
19937	0.0005
19938	0.0005
19939	0.0005
19940	0.0005
19941	0.0005
19942	0
19943	0.0005
19944	0
19945	0.0005
19946	0.0005
19947	0.0005
19948	0
19949	0.0005
19950	0.002
19951	0.0005
19952	0
19953	0.001
19954	0.0005
19955	0.0005
19956	0.0005
19957	0.0005
19958	0
19959	0
19960	0
19961	0
19962	0.001
19963	0.0005
19964	0.0005
19965	0.0005
19966	0.0005
19967	0.0015
19968	0
19969	0
19970	0.0005
19971	0.0005
19972	0.0005
19973	0.0005
19974	0
19975	0.0005
19976	0.002
19977	0.001
19978	0.0015
19979	0.001
19980	0.0025
19981	0.0025
19982	0.001
19983	0.002
19984	0.0005
19985	0.002
19986	0.0015
19987	0
19988	0.0015
19989	0.002
19990	0.0025
19991	0.001
19992	0.003
19993	0.001
19994	0.002
19995	0.002
19996	0.0035
19997	0.003
19998	0.0005
19999	0.002
20000	0.004
20001	0
20002	0.004
20003	0.0025
20004	0.0035
20005	0.0025
20006	0.0035
20007	0.0025
20008	0.0045
20009	0.0025
20010	0.003
20011	0.0055
20012	0.0035
20013	0.0045
20014	0.002
20015	0.005
20016	0.006
20017	0.001
20018	0.0035
20019	0.0035
20020	0.003
20021	0.0035
20022	0.004
20023	0.0035
20024	0.005
20025	0.003
20026	0.0035
20027	0.0045
20028	0.006
20029	0.005
20030	0.0065
20031	0.005
20032	0.004
20033	0.011
20034	0.015
20035	0.0205
20036	0.045
20037	0.104
20038	0.237
20039	0.466
20040	0.355
20041	0.3065
20042	0.2585
20043	0.1665
20044	0.016
20045	0.004
20046	0.0035
20047	0.016
20048	0.031
20049	0.05
20050	0.052
20051	0.101
20052	0.135
20053	0.181
20054	0.146
20055	0.116
20056	0.1125
20057	0.099
20058	0.0495
20059	0.032
20060	0.052
20061	0.066
20062	0.148
20063	0.206
20064	0.2475
20065	0.4145
20066	0.396
20067	0.397
20068	0.279
20069	0.122
20070	0.0945
20071	0.0275
20072	0.016
20073	0.039
20074	0.053
20075	0.1055
20076	0.2265
20077	0.262
20078	0.3075
20079	0.2485
20080	0.2175
20081	0.132
20082	0.0185
20083	0.004
20084	0.004
20085	0.0075
20086	0.0195
20087	0.0185
20088	0.042
20089	0.1495
20090	0.411
20091	0.322
20092	0.248
20093	0.255
20094	0.202
20095	0.046
20096	0.0025
20097	0.0015
20098	0.0045
20099	0.025
20100	0.0405
20101	0.0715
20102	0.2275
20103	0.3275
20104	0.3
20105	0.3165
20106	0.2225
20107	0.148
20108	0.016
20109	0.0025
20110	0.001
20111	0.0055
20112	0.0045
20113	0.0025
20114	0.002
20115	0.001
20116	0.002
20117	0.001
20118	0.0015
20119	0.0015
20120	0.0005
20121	0.001
20122	0.001
20123	0.0015
20124	0.0005
20125	0.001
20126	0.0005
20127	0.0025
20128	0.0005
20129	0.0005
20130	0.003
20131	0.001
20132	0.0005
20133	0.001
20134	0.0015
20135	0.0005
20136	0.002
20137	0.001
20138	0.0015
20139	0.0005
20140	0.0005
20141	0.0005
20142	0
20143	0
20144	0
20145	0.0015
20146	0
20147	0.0005
20148	0.0005
20149	0.0005
20150	0.0005
20151	0
20152	0
20153	0.0015
20154	0
20155	0
20156	0
20157	0
20158	0.0005
20159	0.001
20160	0.001
20161	0.0005
20162	0.001
20163	0.0005
20164	0.001
20165	0.0015
20166	0.001
20167	0
20168	0.0015
20169	0
20170	0.0025
20171	0
20172	0.002
20173	0.001
20174	0.001
20175	0.001
20176	0.0025
20177	0.002
20178	0.0015
20179	0.001
20180	0.001
20181	0.001
20182	0.0005
20183	0.002
20184	0.002
20185	0.001
20186	0.0025
20187	0.0005
20188	0.0025
20189	0.0025
20190	0.002
20191	0.0015
20192	0.002
20193	0.0015
20194	0.001
20195	0.002
20196	0.002
20197	0.001
20198	0.0025
20199	0.002
20200	0.001
20201	0.0025
20202	0.003
20203	0.002
20204	0.003
20205	0.0045
20206	0.0025
20207	0.002
20208	0.003
20209	0.0005
20210	0.003
20211	0.005
20212	0.0025
20213	0.0055
20214	0.0035
20215	0.0035
20216	0.0025
20217	0.0035
20218	0.004
20219	0.0045
20220	0.002
20221	0.003
20222	0.0025
20223	0.005
20224	0.005
20225	0.003
20226	0.0055
20227	0.006
20228	0.0075
20229	0.013
20230	0.015
20231	0.032
20232	0.042
20233	0.061
20234	0.0915
20235	0.0795
20236	0.077
20237	0.07
20238	0.0515
20239	0.039
20240	0.015
20241	0.01
20242	0.019
20243	0.043
20244	0.0905
20245	0.2225
20246	0.3935
20247	0.404
20248	0.3945
20249	0.3185
20250	0.223
20251	0.0485
20252	0.0075
20253	0.003
20254	0.01
20255	0.063
20256	0.3895
20257	0.415
20258	0.4455
20259	0.4155
20260	0.3965
20261	0.237
20262	0.0035
20263	0.005
20264	0.0055
20265	0.004
20266	0.01
20267	0.006
20268	0.0175
20269	0.026
20270	0.0735
20271	0.2545
20272	0.329
20273	0.332
20274	0.3975
20275	0.3845
20276	0.2555
20277	0.03
20278	0.003
20279	0.006
20280	0.008
20281	0.0095
20282	0.01
20283	0.0065
20284	0.02
20285	0.0315
20286	0.0975
20287	0.217
20288	0.1545
20289	0.2165
20290	0.209
20291	0.19
20292	0.085
20293	0.0035
20294	0.0065
20295	0.028
20296	0.029
20297	0.063
20298	0.0875
20299	0.205
20300	0.358
20301	0.3545
20302	0.373
20303	0.352
20304	0.28
20305	0.13
20306	0.0165
20307	0.009
20308	0.037
20309	0.1305
20310	0.268
20311	0.22
20312	0.3895
20313	0.316
20314	0.265
20315	0.088
20316	0.0035
20317	0.003
20318	0.002
20319	0.0005
20320	0.004
20321	0.0015
20322	0.002
20323	0.0015
20324	0.002
20325	0.0005
20326	0.002
20327	0.001
20328	0.0005
20329	0.001
20330	0.001
20331	0
20332	0
20333	0.0015
20334	0.0005
20335	0
20336	0.0005
20337	0.001
20338	0.0015
20339	0
20340	0.0005
20341	0
20342	0
20343	0
20344	0.0005
20345	0.003
20346	0.0005
20347	0.0005
20348	0.0005
20349	0.001
20350	0
20351	0
20352	0
20353	0.0005
20354	0.001
20355	0.001
20356	0.0005
20357	0.0005
20358	0.0005
20359	0.0005
20360	0.0005
20361	0.0005
20362	0.002
20363	0
20364	0.0005
20365	0
20366	0
20367	0
20368	0.0015
20369	0.001
20370	0.002
20371	0.001
20372	0.0005
20373	0.001
20374	0.0025
20375	0.001
20376	0.0015
20377	0.0015
20378	0.0005
20379	0.002
20380	0.002
20381	0.001
20382	0.0005
20383	0.0015
20384	0.0035
20385	0.0035
20386	0.0025
20387	0.0005
20388	0.001
20389	0.0025
20390	0.001
20391	0.0015
20392	0.0015
20393	0.003
20394	0.0005
20395	0.0005
20396	0.0015
20397	0.0035
20398	0.001
20399	0.002
20400	0.002
20401	0.003
20402	0.0005
20403	0.003
20404	0.0015
20405	0.003
20406	0.004
20407	0.004
20408	0.0025
20409	0.003
20410	0.0045
20411	0.005
20412	0.0045
20413	0.002
20414	0.003
20415	0.0015
20416	0.0035
20417	0.0035
20418	0.002
20419	0.005
20420	0.0045
20421	0.0095
20422	0.017
20423	0.0605
20424	0.222
20425	0.393
20426	0.3815
20427	0.3785
20428	0.374
20429	0.273
20430	0.027
20431	0.003
20432	0.003
20433	0.0045
20434	0.0135
20435	0.013
20436	0.012
20437	0.0485
20438	0.1425
20439	0.244
20440	0.274
20441	0.296
20442	0.3085
20443	0.2695
20444	0.0675
20445	0.0065
20446	0.005
20447	0.005
20448	0.007
20449	0.01
20450	0.0115
20451	0.0275
20452	0.085
20453	0.1775
20454	0.2065
20455	0.2085
20456	0.2565
20457	0.288
20458	0.1865
20459	0.043
20460	0.0165
20461	0.048
20462	0.144
20463	0.075
20464	0.0545
20465	0.1255
20466	0.242
20467	0.247
20468	0.1095
20469	0.114
20470	0.392
20471	0.345
20472	0.099
20473	0.084
20474	0.219
20475	0.3265
20476	0.03
20477	0.006
20478	0.0685
20479	0.3735
20480	0.1885
20481	0.0695
20482	0.2065
20483	0.4575
20484	0.293
20485	0.0095
20486	0.0065
20487	0.1835
20488	0.128
20489	0.005
20490	0.0045
20491	0.1715
20492	0.273
20493	0.059
20494	0.0475
20495	0.233
20496	0.287
20497	0.067
20498	0.0045
20499	0.038
20500	0.3215
20501	0.084
20502	0.0175
20503	0.1185
20504	0.285
20505	0.2615
20506	0.0065
20507	0.005
20508	0.2535
20509	0.2
20510	0.026
20511	0.0355
20512	0.3325
20513	0.5265
20514	0.0935
20515	0.0485
20516	0.3375
20517	0.458
20518	0.026
20519	0.0025
20520	0.0075
20521	0.2
20522	0.0215
20523	0.001
20524	0.023
20525	0.3025
20526	0.412
20527	0.0935
20528	0.1335
20529	0.545
20530	0.336
20531	0.01
20532	0.001
20533	0.011
20534	0.1365
20535	0.0005
20536	0.0005
20537	0.124
20538	0.4065
20539	0.4325
20540	0.146
20541	0.205
20542	0.4655
20543	0.0895
20544	0.0005
20545	0.001
20546	0.005
20547	0.1005
20548	0.0045
20549	0.002
20550	0.174
20551	0.3215
20552	0.486
20553	0.183
20554	0.2435
20555	0.492
20556	0.0595
20557	0.0025
20558	0.0005
20559	0.004
20560	0.1145
20561	0.016
20562	0.007
20563	0.3135
20564	0.533
20565	0.5165
20566	0.1915
20567	0.2775
20568	0.5095
20569	0.0075
20570	0.0005
20571	0.0005
20572	0.005
20573	0.0245
20574	0.002
20575	0.0025
20576	0.006
20577	0.0125
20578	0.0375
20579	0.043
20580	0.076
20581	0.152
20582	0.243
20583	0.29
20584	0.234
20585	0.217
20586	0.1725
20587	0.083
20588	0.013
20589	0.0045
20590	0.013
20591	0.089
20592	0.114
20593	0.177
20594	0.262
20595	0.2605
20596	0.2685
20597	0.1165
20598	0.0265
20599	0.01
20600	0.001
20601	0.003
20602	0.003
20603	0
20604	0.0035
20605	0.0015
20606	0.005
20607	0.0025
20608	0.0025
20609	0.002
20610	0.0035
20611	0.0035
20612	0.004
20613	0.0025
20614	0.002
20615	0.003
20616	0.0025
20617	0.0015
20618	0.0055
20619	0.0035
20620	0.004
20621	0.0035
20622	0.0075
20623	0.0105
20624	0.009
20625	0.0115
20626	0.023
20627	0.0485
20628	0.091
20629	0.1725
20630	0.266
20631	0.359
20632	0.2495
20633	0.2125
20634	0.121
20635	0.0315
20636	0.0075
20637	0.0055
20638	0.004
20639	0.026
20640	0.0535
20641	0.197
20642	0.2005
20643	0.2545
20644	0.284
20645	0.2475
20646	0.191
20647	0.023
20648	0.0045
20649	0.0085
20650	0.0045
20651	0.0135
20652	0.015
20653	0.0135
20654	0.037
20655	0.1405
20656	0.2475
20657	0.2965
20658	0.2775
20659	0.265
20660	0.2535
20661	0.0855
20662	0.0055
20663	0.004
20664	0.004
20665	0.015
20666	0.0165
20667	0.034
20668	0.1245
20669	0.27
20670	0.3465
20671	0.343
20672	0.3255
20673	0.332
20674	0.1355
20675	0.0095
20676	0.0045
20677	0.0035
20678	0.0235
20679	0.043
20680	0.047
20681	0.1165
20682	0.1935
20683	0.2525
20684	0.263
20685	0.2555
20686	0.231
20687	0.141
20688	0.037
20689	0.012
20690	0.0145
20691	0.024
20692	0.016
20693	0.018
20694	0.0515
20695	0.215
20696	0.274
20697	0.2325
20698	0.2895
20699	0.347
20700	0.2465
20701	0.021
20702	0.003
20703	0.0035
20704	0.016
20705	0.0015
20706	0.0015
20707	0.0025
20708	0.0035
20709	0.005
20710	0.0025
20711	0.001
20712	0.003
20713	0.0025
20714	0.002
20715	0.002
20716	0.0025
20717	0
20718	0.001
20719	0.0005
20720	0.001
20721	0.001
20722	0.001
20723	0.001
20724	0.001
20725	0.002
20726	0.001
20727	0.001
20728	0.001
20729	0.002
20730	0.0005
20731	0.001
20732	0.0005
20733	0.0005
20734	0
20735	0.001
20736	0
20737	0.0005
20738	0.0005
20739	0.0005
20740	0.0005
20741	0
20742	0.001
20743	0.0015
20744	0
20745	0
20746	0
20747	0.0005
20748	0
20749	0.001
20750	0.0015
20751	0
20752	0.001
20753	0
20754	0.0015
20755	0.0005
20756	0.001
20757	0.001
20758	0
20759	0.0005
20760	0.0005
20761	0.0005
20762	0.0015
20763	0.0005
20764	0
20765	0.0005
20766	0.001
20767	0.001
20768	0.001
20769	0.001
20770	0.0005
20771	0.001
20772	0.002
20773	0.0015
20774	0
20775	0.001
20776	0.001
20777	0.0005
20778	0.0005
20779	0.003
20780	0.002
20781	0.0025
20782	0.001
20783	0.0005
20784	0.0025
20785	0.0015
20786	0.0025
20787	0.002
20788	0.0015
20789	0.0025
20790	0.0025
20791	0.003
20792	0.0025
20793	0.004
20794	0.0015
20795	0.0015
20796	0.0025
20797	0.0015
20798	0.002
20799	0.002
20800	0.0025
20801	0.0035
20802	0.004
20803	0.0025
20804	0.0035
20805	0.0015
20806	0.0035
20807	0.0035
20808	0.002
20809	0.003
20810	0.003
20811	0.0035
20812	0.004
20813	0.0045
20814	0.002
20815	0.0045
20816	0.0045
20817	0.0065
20818	0.017
20819	0.022
20820	0.0665
20821	0.1
20822	0.162
20823	0.1835
20824	0.178
20825	0.159
20826	0.1105
20827	0.035
20828	0.0165
20829	0.0075
20830	0.012
20831	0.016
20832	0.0385
20833	0.105
20834	0.207
20835	0.396
20836	0.412
20837	0.338
20838	0.284
20839	0.129
20840	0.0175
20841	0.004
20842	0.005
20843	0.004
20844	0.0165
20845	0.019
20846	0.0585
20847	0.1885
20848	0.392
20849	0.4045
20850	0.392
20851	0.3135
20852	0.253
20853	0.048
20854	0.003
20855	0.0035
20856	0.005
20857	0.019
20858	0.0465
20859	0.0745
20860	0.125
20861	0.207
20862	0.227
20863	0.2335
20864	0.171
20865	0.1065
20866	0.06
20867	0.0215
20868	0.009
20869	0.01
20870	0.025
20871	0.0685
20872	0.071
20873	0.096
20874	0.2235
20875	0.3255
20876	0.304
20877	0.248
20878	0.199
20879	0.238
20880	0.1095
20881	0.016
20882	0.0095
20883	0.055
20884	0.1425
20885	0.0795
20886	0.0755
20887	0.2785
20888	0.3675
20889	0.249
20890	0.105
20891	0.1145
20892	0.202
20893	0.0115
20894	0.0015
20895	0.0045
20896	0.055
20897	0.113
20898	0.062
20899	0.0755
20900	0.246
20901	0.2525
20902	0.207
20903	0.0605
20904	0.1135
20905	0.2025
20906	0.0145
20907	0.0015
20908	0.0125
20909	0.0385
20910	0.0405
20911	0.0055
20912	0.004
20913	0.0835
20914	0.271
20915	0.3515
20916	0.432
20917	0.5565
20918	0.539
20919	0.317
20920	0.04
20921	0.003
20922	0.002
20923	0.002
20924	0.002
20925	0.0005
20926	0.001
20927	0
20928	0.0005
20929	0.002
20930	0.0015
20931	0.001
20932	0.002
20933	0.0015
20934	0.001
20935	0.0005
20936	0
20937	0.001
20938	0.0005
20939	0.001
20940	0.001
20941	0.001
20942	0.0005
20943	0
20944	0.0005
20945	0
20946	0.001
20947	0.0005
20948	0.0015
20949	0.001
20950	0
20951	0.001
20952	0
20953	0
20954	0.001
20955	0
20956	0.0005
20957	0.0005
20958	0.0005
20959	0.0005
20960	0.001
20961	0
20962	0.0005
20963	0
20964	0
20965	0.0005
20966	0.0015
20967	0.002
20968	0.0015
20969	0.001
20970	0.001
20971	0.002
20972	0.0005
20973	0.0005
20974	0.0005
20975	0.0005
20976	0.001
20977	0
20978	0.0015
20979	0.002
20980	0.0025
20981	0.0005
20982	0.0005
20983	0.0015
20984	0.002
20985	0.002
20986	0.001
20987	0.003
20988	0.001
20989	0.0035
20990	0.0015
20991	0.0015
20992	0.004
20993	0.0025
20994	0.002
20995	0.001
20996	0.0025
20997	0.0025
20998	0.002
20999	0.0025
21000	0.003
21001	0.003
21002	0.002
21003	0.0035
21004	0.004
21005	0.0015
21006	0.0035
21007	0.0045
21008	0.0045
21009	0.003
21010	0.0065
21011	0.0085
21012	0.012
21013	0.0345
21014	0.049
21015	0.113
21016	0.101
21017	0.119
21018	0.0655
21019	0.052
21020	0.023
21021	0.0065
21022	0.004
21023	0.004
21024	0.0025
21025	0.006
21026	0.005
21027	0.0055
21028	0.006
21029	0.0085
21030	0.0185
21031	0.032
21032	0.087
21033	0.113
21034	0.203
21035	0.36
21036	0.4355
21037	0.3855
21038	0.264
21039	0.197
21040	0.179
21041	0.0385
21042	0.008
21043	0.0165
21044	0.0785
21045	0.2015
21046	0.2865
21047	0.4005
21048	0.4235
21049	0.434
21050	0.267
21051	0.061
21052	0.007
21053	0.0045
21054	0.005
21055	0.0065
21056	0.0115
21057	0.0315
21058	0.058
21059	0.126
21060	0.173
21061	0.1735
21062	0.229
21063	0.1825
21064	0.095
21065	0.049
21066	0.0145
21067	0.014
21068	0.011
21069	0.006
21070	0.024
21071	0.0515
21072	0.0655
21073	0.065
21074	0.09
21075	0.118
21076	0.0895
21077	0.0415
21078	0.0195
21079	0.0205
21080	0.0145
21081	0.0035
21082	0.004
21083	0.006
21084	0.022
21085	0.0595
21086	0.249
21087	0.43
21088	0.413
21089	0.413
21090	0.373
21091	0.2515
21092	0.016
21093	0.0035
21094	0.003
21095	0.0075
21096	0.013
21097	0.024
21098	0.0605
21099	0.2155
21100	0.3115
21101	0.4005
21102	0.4005
21103	0.3765
21104	0.266
21105	0.0695
21106	0.006
21107	0.0015
21108	0.0025
21109	0.0135
21110	0.0245
21111	0.044
21112	0.131
21113	0.2845
21114	0.366
21115	0.3845
21116	0.353
21117	0.2965
21118	0.1585
21119	0.0085
21120	0
21121	0.004
21122	0.0115
21123	0.024
21124	0.019
21125	0.0865
21126	0.1395
21127	0.173
21128	0.1655
21129	0.212
21130	0.226
21131	0.134
21132	0.028
21133	0.022
21134	0.0425
21135	0.095
21136	0.0635
21137	0.124
21138	0.2075
21139	0.3805
21140	0.378
21141	0.299
21142	0.2955
21143	0.326
21144	0.128
21145	0.0265
21146	0.017
21147	0.0835
21148	0.1795
21149	0.0865
21150	0.112
21151	0.4625
21152	0.407
21153	0.1705
21154	0.056
21155	0.046
21156	0.091
21157	0.001
21158	0.001
21159	0.001
21160	0.041
21161	0.155
21162	0.211
21163	0.416
21164	0.53
21165	0.39
21166	0.2775
21167	0.08
21168	0.011
21169	0.0015
21170	0
21171	0.0015
21172	0.008
21173	0.0015
21174	0.002
21175	0.001
21176	0.002
21177	0.0015
21178	0.001
21179	0.0005
21180	0.0005
21181	0.0015
21182	0.001
21183	0.0025
21184	0
21185	0.0015
21186	0.0025
21187	0.0005
21188	0.002
21189	0.0015
21190	0.0025
21191	0.0025
21192	0.0025
21193	0.003
21194	0.002
21195	0.0015
21196	0.0035
21197	0.0045
21198	0.0025
21199	0.0035
21200	0.005
21201	0.0055
21202	0.0005
21203	0.004
21204	0.0025
21205	0.004
21206	0.0025
21207	0.002
21208	0.0035
21209	0.003
21210	0.0045
21211	0.0015
21212	0.0035
21213	0.002
21214	0.002
21215	0.0035
21216	0.001
21217	0.0035
21218	0.0045
21219	0.006
21220	0.003
21221	0.0055
21222	0.002
21223	0.004
21224	0.006
21225	0.0025
21226	0.0035
21227	0.0075
21228	0.0055
21229	0.006
21230	0.0025
21231	0.0045
21232	0.0035
21233	0.0035
21234	0.001
21235	0.002
21236	0.004
21237	0.004
21238	0.004
21239	0.002
21240	0.006
21241	0.0045
21242	0.005
21243	0.0055
21244	0.0015
21245	0.0025
21246	0.003
21247	0.005
21248	0.0025
21249	0.005
21250	0.0065
21251	0.0105
21252	0.0335
21253	0.1005
21254	0.3115
21255	0.2985
21256	0.3485
21257	0.372
21258	0.312
21259	0.143
21260	0.0035
21261	0.0045
21262	0.0065
21263	0.0075
21264	0.01
21265	0.007
21266	0.0125
21267	0.0245
21268	0.0375
21269	0.0555
21270	0.063
21271	0.072
21272	0.0915
21273	0.1075
21274	0.1315
21275	0.169
21276	0.238
21277	0.305
21278	0.4
21279	0.278
21280	0.275
21281	0.178
21282	0.089
21283	0.0235
21284	0.006
21285	0.0075
21286	0.0305
21287	0.0325
21288	0.06
21289	0.08
21290	0.1935
21291	0.3945
21292	0.36
21293	0.3595
21294	0.3205
21295	0.2435
21296	0.1485
21297	0.006
21298	0.005
21299	0.027
21300	0.052
21301	0.143
21302	0.1255
21303	0.2925
21304	0.328
21305	0.293
21306	0.2505
21307	0.098
21308	0.043
21309	0.0145
21310	0.0025
21311	0.0155
21312	0.084
21313	0.312
21314	0.431
21315	0.481
21316	0.433
21317	0.3875
21318	0.223
21319	0.007
21320	0
21321	0.0005
21322	0.0015
21323	0.021
21324	0.0115
21325	0.042
21326	0.4275
21327	0.3705
21328	0.415
21329	0.3545
21330	0.3525
21331	0.2775
21332	0.001
21333	0.001
21334	0.0015
21335	0.0005
21336	0.0035
21337	0.0005
21338	0.0005
21339	0.0005
21340	0
21341	0.0015
21342	0.001
21343	0
21344	0.0005
21345	0.002
21346	0.001
21347	0.0005
21348	0.0015
21349	0.0005
21350	0.001
21351	0.0005
21352	0
21353	0.001
21354	0
21355	0.0005
21356	0
21357	0.001
21358	0
21359	0.0005
21360	0.0005
21361	0
21362	0.002
21363	0.0005
21364	0.001
21365	0
21366	0.001
21367	0.001
21368	0.001
21369	0.0005
21370	0.0005
21371	0.001
21372	0.002
21373	0
21374	0.001
21375	0.001
21376	0.0005
21377	0.002
21378	0
21379	0.0025
21380	0.002
21381	0.0005
21382	0.002
21383	0.001
21384	0.002
21385	0.0005
21386	0.0005
21387	0.0005
21388	0.0025
21389	0.001
21390	0.0035
21391	0.0015
21392	0.002
21393	0.0015
21394	0.003
21395	0.0025
21396	0.0015
21397	0.0035
21398	0.0025
21399	0.003
21400	0.002
21401	0.003
21402	0.0035
21403	0.0015
21404	0.0035
21405	0.004
21406	0.004
21407	0.004
21408	0.003
21409	0.0045
21410	0.008
21411	0.0065
21412	0.002
21413	0.0045
21414	0.004
21415	0.003
21416	0.005
21417	0.0015
21418	0.0025
21419	0.005
21420	0.0035
21421	0.0035
21422	0.0045
21423	0.0035
21424	0.007
21425	0.008
21426	0.009
21427	0.0165
21428	0.0195
21429	0.0405
21430	0.099
21431	0.219
21432	0.2465
21433	0.2435
21434	0.2845
21435	0.297
21436	0.152
21437	0.017
21438	0.0085
21439	0.017
21440	0.032
21441	0.0345
21442	0.101
21443	0.295
21444	0.3215
21445	0.3035
21446	0.322
21447	0.245
21448	0.15
21449	0.005
21450	0.0035
21451	0.0045
21452	0.0165
21453	0.024
21454	0.122
21455	0.319
21456	0.359
21457	0.325
21458	0.2915
21459	0.287
21460	0.0995
21461	0.0045
21462	0.004
21463	0.008
21464	0.0325
21465	0.1875
21466	0.2975
21467	0.4295
21468	0.4245
21469	0.467
21470	0.3555
21471	0.0715
21472	0.0105
21473	0.0035
21474	0.0035
21475	0.0165
21476	0.041
21477	0.225
21478	0.2725
21479	0.3285
21480	0.298
21481	0.2625
21482	0.198
21483	0.0095
21484	0.002
21485	0.003
21486	0.005
21487	0.0135
21488	0.0115
21489	0.0275
21490	0.135
21491	0.188
21492	0.263
21493	0.243
21494	0.286
21495	0.258
21496	0.079
21497	0.006
21498	0.0035
21499	0.0095
21500	0.022
21501	0.018
21502	0.03
21503	0.0675
21504	0.1815
21505	0.1705
21506	0.175
21507	0.1625
21508	0.1245
21509	0.0575
21510	0.004
21511	0.003
21512	0.0035
21513	0.0025
21514	0.003
21515	0.0025
21516	0.0005
21517	0.0015
21518	0.002
21519	0.001
21520	0.002
21521	0.003
21522	0.0005
21523	0.0015
21524	0.001
21525	0.002
21526	0.0005
21527	0.001
21528	0.0005
21529	0
21530	0
21531	0.0015
21532	0
21533	0.001
21534	0.001
21535	0.0005
21536	0.0005
21537	0.0015
21538	0.001
21539	0.0015
21540	0.001
21541	0.0015
21542	0.0015
21543	0
21544	0.0005
21545	0.0005
21546	0
21547	0
21548	0.0005
21549	0.0005
21550	0.0015
21551	0
21552	0.0005
21553	0.0015
21554	0
21555	0.001
21556	0.0005
21557	0
21558	0.0005
21559	0
21560	0.0005
21561	0.0005
21562	0.0015
21563	0.0005
21564	0.0005
21565	0.001
21566	0.001
21567	0.0005
21568	0.001
21569	0.001
21570	0.001
21571	0.0025
21572	0.001
21573	0
21574	0.001
21575	0.001
21576	0.0015
21577	0.0005
21578	0.001
21579	0
21580	0.0015
21581	0.0005
21582	0.001
21583	0.003
21584	0.001
21585	0.0005
21586	0.0025
21587	0.0015
21588	0.002
21589	0.002
21590	0.003
21591	0.001
21592	0
21593	0.0025
21594	0.002
21595	0.0025
21596	0.001
21597	0.0035
21598	0.0035
21599	0.002
21600	0.004
21601	0.0035
21602	0.003
21603	0.001
21604	0.003
21605	0.0025
21606	0.005
21607	0.005
21608	0.003
21609	0.002
21610	0.0025
21611	0.0055
21612	0.0055
21613	0.0015
21614	0.002
21615	0.003
21616	0.003
21617	0.004
21618	0.006
21619	0.004
21620	0.006
21621	0.0095
21622	0.0075
21623	0.013
21624	0.017
21625	0.03
21626	0.073
21627	0.179
21628	0.29
21629	0.36
21630	0.4075
21631	0.4745
21632	0.3015
21633	0.102
21634	0.024
21635	0.006
21636	0.008
21637	0.0155
21638	0.019
21639	0.0455
21640	0.1755
21641	0.262
21642	0.356
21643	0.3775
21644	0.3725
21645	0.2895
21646	0.0815
21647	0.007
21648	0.0065
21649	0.005
21650	0.007
21651	0.022
21652	0.112
21653	0.282
21654	0.5225
21655	0.4445
21656	0.422
21657	0.3685
21658	0.166
21659	0.0075
21660	0.0035
21661	0.005
21662	0.0155
21663	0.061
21664	0.212
21665	0.27
21666	0.2715
21667	0.221
21668	0.1635
21669	0.071
21670	0.006
21671	0.0035
21672	0.0065
21673	0.004
21674	0.006
21675	0.0095
21676	0.0085
21677	0.0195
21678	0.0185
21679	0.035
21680	0.041
21681	0.056
21682	0.0765
21683	0.1265
21684	0.2385
21685	0.3395
21686	0.263
21687	0.274
21688	0.3155
21689	0.185
21690	0.045
21691	0.005
21692	0.007
21693	0.033
21694	0.02
21695	0.011
21696	0.025
21697	0.1
21698	0.2135
21699	0.377
21700	0.3675
21701	0.3485
21702	0.364
21703	0.172
21704	0.0205
21705	0.003
21706	0.003
21707	0.0025
21708	0.0015
21709	0.0025
21710	0.002
21711	0.001
21712	0.002
21713	0.0025
21714	0.001
21715	0.001
21716	0.0015
21717	0
21718	0.001
21719	0.0005
21720	0.0005
21721	0.0025
21722	0.0025
21723	0.001
21724	0.0005
21725	0.0005
21726	0.0005
21727	0.0005
21728	0.0005
21729	0.001
21730	0.0005
21731	0.0005
21732	0.001
21733	0.0025
21734	0.001
21735	0.0005
21736	0.002
21737	0.0005
21738	0.0005
21739	0.0005
21740	0.0005
21741	0
21742	0.0005
21743	0.0005
21744	0.0015
21745	0.0005
21746	0
21747	0.0005
21748	0
21749	0.001
21750	0.0005
21751	0.001
21752	0
21753	0.002
21754	0.0005
21755	0
21756	0
21757	0.001
21758	0.0015
21759	0.001
21760	0.001
21761	0
21762	0.0005
21763	0
21764	0.001
21765	0.0005
21766	0.001
21767	0.001
21768	0.0005
21769	0.001
21770	0.001
21771	0.001
21772	0
21773	0.0025
21774	0.0005
21775	0.0005
21776	0.0005
21777	0.0005
21778	0.0005
21779	0.0015
21780	0.001
21781	0.001
21782	0.0015
21783	0.0005
21784	0.0015
21785	0.0005
21786	0.002
21787	0.0015
21788	0.0005
21789	0.001
21790	0.0015
21791	0.002
21792	0.0005
21793	0.003
21794	0.0025
21795	0.0025
21796	0.001
21797	0.002
21798	0.003
21799	0.003
21800	0.0025
21801	0.006
21802	0.002
21803	0.002
21804	0.002
21805	0.0025
21806	0.003
21807	0.002
21808	0.004
21809	0.0065
21810	0.004
21811	0.003
21812	0.005
21813	0.0065
21814	0.0055
21815	0.0065
21816	0.0055
21817	0.0075
21818	0.009
21819	0.016
21820	0.0275
21821	0.0475
21822	0.177
21823	0.421
21824	0.3875
21825	0.371
21826	0.3355
21827	0.252
21828	0.0555
21829	0.0055
21830	0.0035
21831	0.0055
21832	0.007
21833	0.0055
21834	0.004
21835	0.0065
21836	0.005
21837	0.006
21838	0.0055
21839	0.0045
21840	0.009
21841	0.005
21842	0.004
21843	0.005
21844	0.006
21845	0.0125
21846	0.016
21847	0.0165
21848	0.0605
21849	0.1105
21850	0.219
21851	0.2755
21852	0.282
21853	0.247
21854	0.1865
21855	0.0625
21856	0.011
21857	0.005
21858	0.0055
21859	0.0075
21860	0.008
21861	0.018
21862	0.0355
21863	0.0855
21864	0.1615
21865	0.2655
21866	0.231
21867	0.2565
21868	0.2225
21869	0.132
21870	0.0295
21871	0.01
21872	0.008
21873	0.0195
21874	0.0385
21875	0.192
21876	0.3985
21877	0.4555
21878	0.423
21879	0.3715
21880	0.2995
21881	0.054
21882	0.001
21883	0.002
21884	0.006
21885	0.007
21886	0.008
21887	0.003
21888	0.0065
21889	0.0065
21890	0.008
21891	0.0045
21892	0.0035
21893	0.0075
21894	0.004
21895	0.0025
21896	0.0045
21897	0.004
21898	0.003
21899	0.002
21900	0.003
21901	0.0035
21902	0.003
21903	0.0035
21904	0.0025
21905	0.003
21906	0.001
21907	0.004
21908	0.001
21909	0.0025
21910	0.001
21911	0.002
21912	0.0025
21913	0.001
21914	0.001
21915	0.003
21916	0.0005
21917	0.004
21918	0.0015
21919	0.001
21920	0.001
21921	0.001
21922	0.0015
21923	0.0005
21924	0.001
21925	0.0015
21926	0.001
21927	0.0015
21928	0.0005
21929	0.003
21930	0.0005
21931	0.0005
21932	0.001
21933	0.001
21934	0.0005
21935	0.0005
21936	0
21937	0.0005
21938	0.0015
21939	0.0005
21940	0.001
21941	0.0005
21942	0.0015
21943	0.0005
21944	0.0015
21945	0.0005
21946	0.001
21947	0.0005
21948	0
21949	0.0005
21950	0.0005
21951	0
21952	0.001
21953	0.0005
21954	0.001
21955	0
21956	0.0015
21957	0.0005
21958	0.001
21959	0
21960	0.001
21961	0.0025
21962	0.0015
21963	0.0005
21964	0.0025
21965	0
21966	0.0015
21967	0.001
21968	0.001
21969	0.0005
21970	0.002
21971	0.0005
21972	0.0005
21973	0.0005
21974	0.0015
21975	0.001
21976	0
21977	0
21978	0.001
21979	0.002
21980	0.001
21981	0.0015
21982	0.0035
21983	0.0015
21984	0.002
21985	0.003
21986	0.001
21987	0.0005
21988	0.002
21989	0.001
21990	0.0015
21991	0.0035
21992	0.0005
21993	0.0015
21994	0.002
21995	0.002
21996	0.0015
21997	0.002
21998	0.0005
21999	0.002
22000	0.002
22001	0.0015
22002	0.0015
22003	0.0015
22004	0.003
22005	0.0025
22006	0.0015
22007	0.002
22008	0
22009	0.002
22010	0.002
22011	0.0045
22012	0.0025
22013	0.004
22014	0.004
22015	0.0025
22016	0.0045
22017	0.0035
22018	0.0015
22019	0.004
22020	0.0015
22021	0.0015
22022	0.0065
22023	0.002
22024	0.0055
22025	0.005
22026	0.0125
22027	0.031
22028	0.0495
22029	0.0985
22030	0.1645
22031	0.267
22032	0.2155
22033	0.222
22034	0.1645
22035	0.115
22036	0.0435
22037	0.005
22038	0.0065
22039	0.046
22040	0.1175
22041	0.2995
22042	0.4935
22043	0.412
22044	0.4345
22045	0.317
22046	0.1585
22047	0.0105
22048	0.0025
22049	0.0055
22050	0.0315
22051	0.094
22052	0.235
22053	0.429
22054	0.474
22055	0.5115
22056	0.4175
22057	0.243
22058	0.0285
22059	0.0055
22060	0.0075
22061	0.005
22062	0.027
22063	0.065
22064	0.127
22065	0.265
22066	0.33
22067	0.4015
22068	0.316
22069	0.199
22070	0.08
22071	0.012
22072	0.0055
22073	0.002
22074	0.0065
22075	0.017
22076	0.0265
22077	0.0505
22078	0.0855
22079	0.2505
22080	0.3485
22081	0.3075
22082	0.3215
22083	0.265
22084	0.197
22085	0.024
22086	0.006
22087	0.0055
22088	0.017
22089	0.0295
22090	0.077
22091	0.1555
22092	0.2475
22093	0.38
22094	0.3615
22095	0.3055
22096	0.1975
22097	0.0695
22098	0.0175
22099	0.0025
22100	0.002
22101	0.013
22102	0.0175
22103	0.027
22104	0.0695
22105	0.1165
22106	0.1735
22107	0.2285
22108	0.2285
22109	0.251
22110	0.153
22111	0.0595
22112	0.0315
22113	0.012
22114	0.0105
22115	0.0065
22116	0.0075
22117	0.0375
22118	0.1555
22119	0.404
22120	0.376
22121	0.428
22122	0.4145
22123	0.3345
22124	0.082
22125	0
22126	0.0005
22127	0.004
22128	0.007
22129	0.0065
22130	0.003
22131	0.0015
22132	0.0015
22133	0
22134	0.001
22135	0.0005
22136	0.0015
22137	0
22138	0.001
22139	0.001
22140	0
22141	0.0005
22142	0.0005
22143	0.0005
22144	0.0005
22145	0.001
22146	0.001
22147	0
22148	0.0015
22149	0.0005
22150	0
22151	0.0015
22152	0.0005
22153	0
22154	0
22155	0.001
22156	0.001
22157	0.001
22158	0.001
22159	0.001
22160	0.0015
22161	0.0005
22162	0.0005
22163	0.0005
22164	0
22165	0
22166	0.0005
22167	0.002
22168	0.0025
22169	0.001
22170	0
22171	0.001
22172	0.001
22173	0.0005
22174	0.0015
22175	0.002
22176	0.0015
22177	0.0015
22178	0.0015
22179	0.0005
22180	0.0015
22181	0.0035
22182	0.001
22183	0.002
22184	0.002
22185	0
22186	0.0035
22187	0.0045
22188	0.0015
22189	0.005
22190	0.0015
22191	0.002
22192	0.001
22193	0.001
22194	0.0015
22195	0.0015
22196	0.002
22197	0.0025
22198	0.003
22199	0.0035
22200	0.0035
22201	0.0005
22202	0.002
22203	0.0025
22204	0.0035
22205	0.0035
22206	0.0025
22207	0.003
22208	0.008
22209	0.006
22210	0.0045
22211	0.007
22212	0.012
22213	0.0125
22214	0.0275
22215	0.031
22216	0.0685
22217	0.0965
22218	0.1635
22219	0.291
22220	0.3665
22221	0.2125
22222	0.1905
22223	0.111
22224	0.0615
22225	0.0095
22226	0.0025
22227	0.004
22228	0.0125
22229	0.0135
22230	0.011
22231	0.0115
22232	0.0205
22233	0.053
22234	0.0525
22235	0.0985
22236	0.2475
22237	0.236
22238	0.2685
22239	0.237
22240	0.181
22241	0.163
22242	0.016
22243	0.002
22244	0.012
22245	0.0175
22246	0.032
22247	0.0445
22248	0.04
22249	0.0975
22250	0.126
22251	0.1715
22252	0.2115
22253	0.198
22254	0.197
22255	0.149
22256	0.062
22257	0.0565
22258	0.0275
22259	0.02
22260	0.02
22261	0.0195
22262	0.0465
22263	0.0755
22264	0.1245
22265	0.2795
22266	0.2855
22267	0.327
22268	0.2565
22269	0.164
22270	0.1325
22271	0.0155
22272	0.0025
22273	0.01
22274	0.0085
22275	0.0145
22276	0.0105
22277	0.009
22278	0.038
22279	0.1025
22280	0.2145
22281	0.197
22282	0.22
22283	0.2545
22284	0.196
22285	0.066
22286	0.006
22287	0.0035
22288	0.0075
22289	0.007
22290	0.01
22291	0.016
22292	0.0555
22293	0.1745
22294	0.27
22295	0.362
22296	0.4155
22297	0.3615
22298	0.2835
22299	0.0675
22300	0.008
22301	0.004
22302	0.0025
22303	0.008
22304	0.0415
22305	0.07
22306	0.228
22307	0.333
22308	0.271
22309	0.3315
22310	0.2355
22311	0.129
22312	0.0145
22313	0.0025
22314	0.004
22315	0.0425
22316	0.0835
22317	0.2145
22318	0.519
22319	0.5165
22320	0.4185
22321	0.3445
22322	0.237
22323	0.0455
22324	0.0015
22325	0.002
22326	0.0035
22327	0.0825
22328	0.145
22329	0.1845
22330	0.244
22331	0.2645
22332	0.2965
22333	0.1025
22334	0.011
22335	0.005
22336	0.004
22337	0.003
22338	0.0005
22339	0.0005
22340	0.0005
22341	0.0005
22342	0
22343	0.001
22344	0.0005
22345	0.0005
22346	0.0005
22347	0
22348	0
22349	0.0005
22350	0.001
22351	0
22352	0
22353	0.0005
22354	0
22355	0.0015
22356	0.0005
22357	0
22358	0.0005
22359	0
22360	0
22361	0.0005
22362	0.0005
22363	0.0005
22364	0.0005
22365	0.001
22366	0.001
22367	0.001
22368	0
22369	0.0005
22370	0.001
22371	0.0005
22372	0.0005
22373	0.0005
22374	0.0005
22375	0.001
22376	0.0005
22377	0.0015
22378	0.0015
22379	0.0015
22380	0.001
22381	0.001
22382	0.0015
22383	0.0035
22384	0.001
22385	0.001
22386	0.003
22387	0.0015
22388	0.0025
22389	0.0035
22390	0.0015
22391	0.001
22392	0.002
22393	0.002
22394	0.002
22395	0.0015
22396	0.002
22397	0.0005
22398	0.004
22399	0.0025
22400	0.001
22401	0.0025
22402	0.002
22403	0.0025
22404	0.0025
22405	0.0015
22406	0.001
22407	0.0035
22408	0.003
22409	0.003
22410	0.004
22411	0.0025
22412	0.003
22413	0.003
22414	0.0015
22415	0.002
22416	0.003
22417	0.0045
22418	0.0025
22419	0.0035
22420	0.003
22421	0.004
22422	0.0035
22423	0.0065
22424	0.004
22425	0.007
22426	0.01
22427	0.011
22428	0.026
22429	0.0425
22430	0.0735
22431	0.137
22432	0.1725
22433	0.228
22434	0.208
22435	0.221
22436	0.1945
22437	0.0845
22438	0.035
22439	0.0275
22440	0.0285
22441	0.0315
22442	0.034
22443	0.0675
22444	0.0965
22445	0.151
22446	0.1495
22447	0.1685
22448	0.1925
22449	0.1385
22450	0.0805
22451	0.073
22452	0.0765
22453	0.1255
22454	0.1625
22455	0.2925
22456	0.524
22457	0.3685
22458	0.3225
22459	0.2115
22460	0.1185
22461	0.025
22462	0.002
22463	0.003
22464	0.077
22465	0.27
22466	0.2235
22467	0.2815
22468	0.3105
22469	0.3395
22470	0.16
22471	0.0035
22472	0.004
22473	0.006
22474	0.006
22475	0.0115
22476	0.005
22477	0.019
22478	0.0725
22479	0.1725
22480	0.287
22481	0.3185
22482	0.424
22483	0.4565
22484	0.2405
22485	0.0565
22486	0.005
22487	0.0065
22488	0.006
22489	0.0035
22490	0.0045
22491	0.003
22492	0.0035
22493	0.004
22494	0.005
22495	0.003
22496	0.0025
22497	0.0015
22498	0.003
22499	0.0035
22500	0.0025
22501	0.003
22502	0.004
22503	0.0025
22504	0.002
22505	0.002
22506	0.0015
22507	0.0025
22508	0.001
22509	0.0025
22510	0.003
22511	0.0015
22512	0.002
22513	0.0045
22514	0.001
22515	0
22516	0.0005
22517	0.004
22518	0.0005
22519	0.0025
22520	0.0015
22521	0.002
22522	0.0025
22523	0.002
22524	0
22525	0.001
22526	0
22527	0.002
22528	0.002
22529	0.001
22530	0.001
22531	0.002
22532	0.002
22533	0.001
22534	0
22535	0.001
22536	0.0005
22537	0
22538	0.001
22539	0
22540	0.001
22541	0.001
22542	0
22543	0.0005
22544	0.0005
22545	0.0015
22546	0.0015
22547	0.0005
22548	0
22549	0
22550	0
22551	0
22552	0.0015
22553	0
22554	0.0005
22555	0.0005
22556	0
22557	0
22558	0.0015
22559	0.001
22560	0.0015
22561	0.001
22562	0.001
22563	0.0005
22564	0.0005
22565	0
22566	0.001
22567	0.0015
22568	0.001
22569	0.0005
22570	0.001
22571	0
22572	0.0005
22573	0.001
22574	0.0015
22575	0.002
22576	0.001
22577	0.0015
22578	0.0005
22579	0
22580	0.001
22581	0
22582	0.0005
22583	0.0015
22584	0.003
22585	0.0025
22586	0.0045
22587	0.0025
22588	0.0005
22589	0.0035
22590	0.002
22591	0.0005
22592	0.002
22593	0.003
22594	0.0025
22595	0.0025
22596	0.002
22597	0.0015
22598	0.004
22599	0.004
22600	0.002
22601	0.0025
22602	0.0025
22603	0.004
22604	0.006
22605	0.0025
22606	0.0015
22607	0.0045
22608	0.004
22609	0.0055
22610	0.002
22611	0.004
22612	0.0015
22613	0.0005
22614	0.001
22615	0.002
22616	0.0055
22617	0.0045
22618	0.0025
22619	0.001
22620	0.0045
22621	0.0045
22622	0.005
22623	0.003
22624	0.005
22625	0.0035
22626	0.0045
22627	0.003
22628	0.005
22629	0.005
22630	0.0035
22631	0.0065
22632	0.0055
22633	0.006
22634	0.007
22635	0.0105
22636	0.0145
22637	0.027
22638	0.046
22639	0.116
22640	0.187
22641	0.2695
22642	0.23
22643	0.2035
22644	0.201
22645	0.083
22646	0.0145
22647	0.005
22648	0.005
22649	0.0165
22650	0.03
22651	0.047
22652	0.195
22653	0.4585
22654	0.3665
22655	0.3915
22656	0.3115
22657	0.2815
22658	0.055
22659	0.0045
22660	0.0055
22661	0.01
22662	0.0175
22663	0.0185
22664	0.0195
22665	0.0605
22666	0.144
22667	0.097
22668	0.104
22669	0.12
22670	0.1165
22671	0.08
22672	0.0065
22673	0.006
22674	0.023
22675	0.0195
22676	0.009
22677	0.017
22678	0.0285
22679	0.0745
22680	0.1055
22681	0.163
22682	0.2425
22683	0.23
22684	0.2445
22685	0.1545
22686	0.0835
22687	0.0445
22688	0.0115
22689	0.004
22690	0.0185
22691	0.03
22692	0.093
22693	0.1475
22694	0.2215
22695	0.3145
22696	0.2845
22697	0.293
22698	0.1555
22699	0.04
22700	0.013
22701	0.004
22702	0.0065
22703	0.0265
22704	0.024
22705	0.0405
22706	0.074
22707	0.1355
22708	0.2365
22709	0.172
22710	0.21
22711	0.2215
22712	0.182
22713	0.1155
22714	0.024
22715	0.0205
22716	0.084
22717	0.0545
22718	0.0475
22719	0.048
22720	0.1035
22721	0.136
22722	0.0365
22723	0.018
22724	0.0575
22725	0.06
22726	0.03
22727	0.0025
22728	0.0105
22729	0.079
22730	0.0635
22731	0.0475
22732	0.1085
22733	0.3015
22734	0.42
22735	0.2715
22736	0.2625
22737	0.512
22738	0.394
22739	0.062
22740	0.0055
22741	0.017
22742	0.16
22743	0.0075
22744	0.0005
22745	0.03
22746	0.1265
22747	0.1625
22748	0.0305
22749	0.038
22750	0.245
22751	0.3385
22752	0.116
22753	0.0635
22754	0.249
22755	0.5285
22756	0.0665
22757	0.0075
22758	0.0415
22759	0.213
22760	0.0835
22761	0.0005
22762	0.0015
22763	0.3475
22764	0.236
22765	0.0385
22766	0.047
22767	0.2095
22768	0.2175
22769	0.001
22770	0
22771	0.0155
22772	0.107
22773	0.0135
22774	0.0025
22775	0.046
22776	0.119
22777	0.1315
22778	0.023
22779	0.0305
22780	0.1595
22781	0.1455
22782	0.04
22783	0.025
22784	0.1885
22785	0.279
22786	0.116
22787	0.061
22788	0.211
22789	0.342
22790	0.1165
22791	0.01
22792	0.0775
22793	0.487
22794	0.2035
22795	0.0635
22796	0.1565
22797	0.4135
22798	0.355
22799	0.0035
22800	0.0025
22801	0.349
22802	0.3305
22803	0.045
22804	0.027
22805	0.2605
22806	0.3845
22807	0.012
22808	0.0045
22809	0.054
22810	0.3175
22811	0.057
22812	0.0115
22813	0.0705
22814	0.3455
22815	0.2535
22816	0.0125
22817	0.0125
22818	0.2865
22819	0.2915
22820	0.01
22821	0.003
22822	0.1575
22823	0.359
22824	0.041
22825	0.014
22826	0.1955
22827	0.47
22828	0.255
22829	0.0415
22830	0.1205
22831	0.532
22832	0.1455
22833	0.005
22834	0.0085
22835	0.166
22836	0.1905
22837	0.007
22838	0.0055
22839	0.3635
22840	0.354
22841	0.1355
22842	0.0885
22843	0.3095
22844	0.392
22845	0.0095
22846	0.0075
22847	0.051
22848	0.229
22849	0.081
22850	0.0225
22851	0.103
22852	0.4125
22853	0.3065
22854	0.0635
22855	0.111
22856	0.4095
22857	0.3165
22858	0.0105
22859	0.0085
22860	0.0765
22861	0.191
22862	0.0115
22863	0.01
22864	0.159
22865	0.44
22866	0.2455
22867	0.118
22868	0.234
22869	0.4385
22870	0.1295
22871	0.004
22872	0.0045
22873	0.176
22874	0.138
22875	0.017
22876	0.0225
22877	0.303
22878	0.382
22879	0.0945
22880	0.057
22881	0.365
22882	0.394
22883	0.0125
22884	0.0025
22885	0.01
22886	0.081
22887	0.0025
22888	0.0035
22889	0.0025
22890	0.065
22891	0.151
22892	0.096
22893	0.1425
22894	0.3405
22895	0.215
22896	0.114
22897	0.021
22898	0.025
22899	0.0455
22900	0.0015
22901	0.003
22902	0.0035
22903	0.008
22904	0.015
22905	0.0045
22906	0.01
22907	0.0315
22908	0.097
22909	0.165
22910	0.226
22911	0.3135
22912	0.357
22913	0.264
22914	0.1305
22915	0.0355
22916	0.0165
22917	0.0055
22918	0.003
22919	0.0035
22920	0.003
22921	0
22922	0.0005
22923	0.002
22924	0.001
22925	0.001
22926	0.001
22927	0.001
22928	0.0005
22929	0.0025
22930	0.003
22931	0.0005
22932	0.001
22933	0.0005
22934	0.001
22935	0
22936	0.0005
22937	0.001
22938	0
22939	0.001
22940	0.0015
22941	0
22942	0
22943	0.001
22944	0
22945	0
22946	0.0005
22947	0.0005
22948	0.001
22949	0
22950	0.0005
22951	0
22952	0
22953	0.001
22954	0.001
22955	0
22956	0.0005
22957	0.001
22958	0.0005
22959	0
22960	0
22961	0
22962	0
22963	0
22964	0.003
22965	0.001
22966	0.0015
22967	0.001
22968	0.0005
22969	0.0005
22970	0.0005
22971	0.001
22972	0.001
22973	0.0005
22974	0.001
22975	0.002
22976	0.0015
22977	0
22978	0.0015
22979	0.0015
22980	0
22981	0.0005
22982	0.002
22983	0
22984	0.0025
22985	0.002
22986	0.002
22987	0.002
22988	0.0015
22989	0.0035
22990	0.002
22991	0.001
22992	0.0015
22993	0.002
22994	0.0025
22995	0.002
22996	0.002
22997	0.002
22998	0.002
22999	0.0025
23000	0.005
23001	0.0015
23002	0.003
23003	0.0035
23004	0.0015
23005	0.0015
23006	0.0025
23007	0.002
23008	0.0015
23009	0.005
23010	0.0045
23011	0.0025
23012	0.003
23013	0.0055
23014	0.0055
23015	0.005
23016	0.0045
23017	0.006
23018	0.008
23019	0.0165
23020	0.0345
23021	0.095
23022	0.221
23023	0.3165
23024	0.2725
23025	0.24
23026	0.2
23027	0.0865
23028	0.0105
23029	0.003
23030	0.0045
23031	0.006
23032	0.009
23033	0.007
23034	0.0095
23035	0.029
23036	0.062
23037	0.1835
23038	0.3735
23039	0.4115
23040	0.4165
23041	0.3455
23042	0.2615
23043	0.076
23044	0.0065
23045	0.006
23046	0.003
23047	0.0235
23048	0.074
23049	0.087
23050	0.166
23051	0.2495
23052	0.2295
23053	0.174
23054	0.0585
23055	0.018
23056	0.005
23057	0.0045
23058	0.003
23059	0.006
23060	0.0045
23061	0.0045
23062	0.009
23063	0.0195
23064	0.03
23065	0.057
23066	0.1015
23067	0.3055
23068	0.4045
23069	0.262
23070	0.205
23071	0.164
23072	0.0925
23073	0.006
23074	0.0035
23075	0.003
23076	0.0065
23077	0.0125
23078	0.009
23079	0.017
23080	0.031
23081	0.1095
23082	0.2105
23083	0.269
23084	0.2765
23085	0.3205
23086	0.294
23087	0.14
23088	0.02
23089	0.0065
23090	0.0085
23091	0.019
23092	0.0145
23093	0.0475
23094	0.3
23095	0.364
23096	0.3665
23097	0.362
23098	0.334
23099	0.247
23100	0.0085
23101	0.002
23102	0.004
23103	0.0025
23104	0.0055
23105	0.004
23106	0.0015
23107	0.0005
23108	0.0025
23109	0.0015
23110	0.0025
23111	0.001
23112	0.005
23113	0.001
23114	0.0015
23115	0.002
23116	0.0025
23117	0.001
23118	0.002
23119	0.0005
23120	0.0015
23121	0.0005
23122	0.001
23123	0.002
23124	0.0005
23125	0.0015
23126	0.001
23127	0.001
23128	0
23129	0.0005
23130	0.001
23131	0
23132	0.0005
23133	0.0005
23134	0
23135	0.0015
23136	0.0005
23137	0.0005
23138	0.0005
23139	0.0005
23140	0.0005
23141	0.0005
23142	0.0005
23143	0
23144	0
23145	0.0005
23146	0
23147	0.0005
23148	0.002
23149	0
23150	0.0005
23151	0
23152	0.0005
23153	0
23154	0.0005
23155	0.001
23156	0.001
23157	0
23158	0.0015
23159	0.0005
23160	0.0005
23161	0
23162	0.0015
23163	0.0015
23164	0.0005
23165	0.0015
23166	0.001
23167	0.001
23168	0.0015
23169	0.0005
23170	0.0015
23171	0.0005
23172	0.0005
23173	0
23174	0.0005
23175	0.0025
23176	0.0005
23177	0.0005
23178	0
23179	0.002
23180	0.001
23181	0.002
23182	0.002
23183	0.003
23184	0.0005
23185	0.0015
23186	0.0035
23187	0.0025
23188	0.001
23189	0.0025
23190	0.001
23191	0.0015
23192	0.0005
23193	0.0025
23194	0.0035
23195	0.0005
23196	0.0025
23197	0.002
23198	0.003
23199	0.005
23200	0.0035
23201	0.002
23202	0.0005
23203	0.0035
23204	0.0025
23205	0.002
23206	0.0035
23207	0.003
23208	0.0025
23209	0.0015
23210	0.006
23211	0.0015
23212	0.0015
23213	0.0045
23214	0.003
23215	0.0055
23216	0.0055
23217	0.0035
23218	0.0025
23219	0.0015
23220	0.005
23221	0.0055
23222	0.003
23223	0.003
23224	0.0035
23225	0.006
23226	0.0065
23227	0.0075
23228	0.007
23229	0.01
23230	0.025
23231	0.0325
23232	0.076
23233	0.1315
23234	0.2025
23235	0.352
23236	0.34
23237	0.223
23238	0.1805
23239	0.1025
23240	0.0365
23241	0.007
23242	0.0055
23243	0.0145
23244	0.0805
23245	0.2765
23246	0.288
23247	0.423
23248	0.355
23249	0.328
23250	0.167
23251	0.005
23252	0.007
23253	0.0045
23254	0.0015
23255	0.0155
23256	0.0125
23257	0.066
23258	0.1325
23259	0.1825
23260	0.3195
23261	0.378
23262	0.3845
23263	0.287
23264	0.1025
23265	0.055
23266	0.0315
23267	0.0095
23268	0.015
23269	0.03
23270	0.142
23271	0.2565
23272	0.2155
23273	0.304
23274	0.321
23275	0.2705
23276	0.0825
23277	0.006
23278	0.0065
23279	0.02
23280	0.012
23281	0.008
23282	0.006
23283	0.0215
23284	0.032
23285	0.0715
23286	0.159
23287	0.36
23288	0.302
23289	0.3115
23290	0.306
23291	0.2345
23292	0.0535
23293	0.003
23294	0.0025
23295	0.011
23296	0.0205
23297	0.026
23298	0.081
23299	0.23
23300	0.2925
23301	0.3345
23302	0.2875
23303	0.299
23304	0.208
23305	0.011
23306	0.001
23307	0.0035
23308	0.008
23309	0.0245
23310	0.051
23311	0.1035
23312	0.163
23313	0.227
23314	0.2105
23315	0.18
23316	0.1185
23317	0.037
23318	0.007
23319	0.0025
23320	0.002
23321	0.003
23322	0.0015
23323	0.002
23324	0.0005
23325	0.0005
23326	0.002
23327	0.0005
23328	0.001
23329	0
23330	0.001
23331	0.0025
23332	0.0005
23333	0
23334	0.0005
23335	0.0005
23336	0
23337	0
23338	0.001
23339	0
23340	0
23341	0
23342	0.0005
23343	0.001
23344	0.001
23345	0.0005
23346	0.001
23347	0.0005
23348	0
23349	0
23350	0.001
23351	0.0005
23352	0.0015
23353	0.002
23354	0
23355	0.002
23356	0.0005
23357	0.0015
23358	0.001
23359	0.002
23360	0.0005
23361	0
23362	0
23363	0
23364	0.0005
23365	0.0005
23366	0.0005
23367	0.001
23368	0.0005
23369	0.0015
23370	0
23371	0.0005
23372	0.001
23373	0.0005
23374	0.0005
23375	0.001
23376	0.0015
23377	0.0005
23378	0.001
23379	0.0015
23380	0.001
23381	0.0015
23382	0.001
23383	0.003
23384	0.001
23385	0.003
23386	0.0005
23387	0
23388	0.0025
23389	0.0015
23390	0.0015
23391	0.0015
23392	0.0025
23393	0.0005
23394	0.002
23395	0.0025
23396	0.004
23397	0.002
23398	0.001
23399	0.002
23400	0.0025
23401	0.0025
23402	0.001
23403	0.0055
23404	0.0005
23405	0.0035
23406	0.0015
23407	0.002
23408	0.0025
23409	0.0055
23410	0.0045
23411	0.004
23412	0.0035
23413	0.003
23414	0.006
23415	0.003
23416	0.003
23417	0.004
23418	0.002
23419	0.0015
23420	0.005
23421	0.0035
23422	0.0045
23423	0.0035
23424	0.004
23425	0.0065
23426	0.007
23427	0.011
23428	0.0245
23429	0.075
23430	0.135
23431	0.2125
23432	0.2005
23433	0.217
23434	0.1815
23435	0.095
23436	0.0235
23437	0.0055
23438	0.005
23439	0.0105
23440	0.0085
23441	0.011
23442	0.017
23443	0.035
23444	0.097
23445	0.1095
23446	0.1465
23447	0.1985
23448	0.318
23449	0.2835
23450	0.177
23451	0.1245
23452	0.197
23453	0.268
23454	0.1625
23455	0.1545
23456	0.4965
23457	0.4385
23458	0.2285
23459	0.1025
23460	0.1025
23461	0.141
23462	0.0045
23463	0.008
23464	0.01
23465	0.0885
23466	0.166
23467	0.1945
23468	0.436
23469	0.289
23470	0.3155
23471	0.1445
23472	0.038
23473	0.0165
23474	0.005
23475	0.0025
23476	0.019
23477	0.032
23478	0.1465
23479	0.395
23480	0.424
23481	0.383
23482	0.3105
23483	0.256
23484	0.0665
23485	0.0025
23486	0.004
23487	0.002
23488	0.007
23489	0.009
23490	0.006
23491	0.0075
23492	0.0065
23493	0.009
23494	0.008
23495	0.0035
23496	0.0025
23497	0.006
23498	0.0035
23499	0.0015
23500	0.002
23501	0.0045
23502	0.0025
23503	0.001
23504	0.002
23505	0.0025
23506	0.002
23507	0.0005
23508	0.001
23509	0.0015
23510	0.0025
23511	0.0015
23512	0.002
23513	0.0015
23514	0.003
23515	0.0015
23516	0.0035
23517	0.0005
23518	0.0025
23519	0.002
23520	0.0005
23521	0.0015
23522	0.002
23523	0.0015
23524	0.001
23525	0.001
23526	0.0005
23527	0.0005
23528	0.0005
23529	0.001
23530	0.0015
23531	0.0015
23532	0
23533	0.0005
23534	0.003
23535	0
23536	0.001
23537	0
23538	0
23539	0.0005
23540	0.002
23541	0.0005
23542	0.0015
23543	0.0005
23544	0
23545	0.0005
23546	0
23547	0
23548	0.0005
23549	0.0005
23550	0.001
23551	0
23552	0.0005
23553	0
23554	0.0005
23555	0.001
23556	0
23557	0
23558	0.002
23559	0.0005
23560	0.002
23561	0.0015
23562	0
23563	0.0005
23564	0.0005
23565	0.0005
23566	0.0015
23567	0.0005
23568	0.0025
23569	0.0005
23570	0.0005
23571	0.0015
23572	0.0015
23573	0.0005
23574	0.001
23575	0.0005
23576	0.001
23577	0.001
23578	0.0005
23579	0.0005
23580	0.001
23581	0.0005
23582	0.0015
23583	0.0025
23584	0.0015
23585	0.0015
23586	0.0015
23587	0.001
23588	0.0025
23589	0.0025
23590	0.001
23591	0.002
23592	0.001
23593	0.0015
23594	0.001
23595	0.002
23596	0.0025
23597	0.0025
23598	0.003
23599	0.003
23600	0.0035
23601	0.0025
23602	0.0005
23603	0.002
23604	0.002
23605	0.002
23606	0.0035
23607	0.002
23608	0.004
23609	0.0015
23610	0.0035
23611	0.0025
23612	0.0035
23613	0.0045
23614	0.0025
23615	0.005
23616	0.0045
23617	0.0015
23618	0.003
23619	0.0015
23620	0.0025
23621	0.004
23622	0.0035
23623	0.003
23624	0.004
23625	0.0045
23626	0.006
23627	0.0055
23628	0.0075
23629	0.006
23630	0.0065
23631	0.0095
23632	0.016
23633	0.0235
23634	0.029
23635	0.054
23636	0.105
23637	0.174
23638	0.1465
23639	0.1335
23640	0.1255
23641	0.1025
23642	0.037
23643	0.0075
23644	0.0055
23645	0.032
23646	0.0635
23647	0.1345
23648	0.2495
23649	0.3945
23650	0.3015
23651	0.2595
23652	0.189
23653	0.0865
23654	0.007
23655	0.0035
23656	0.003
23657	0.0245
23658	0.0985
23659	0.2655
23660	0.3615
23661	0.3245
23662	0.3865
23663	0.37
23664	0.1775
23665	0.012
23666	0.004
23667	0.005
23668	0.019
23669	0.033
23670	0.0405
23671	0.142
23672	0.3
23673	0.4645
23674	0.4265
23675	0.367
23676	0.3095
23677	0.1335
23678	0.009
23679	0.0055
23680	0.003
23681	0.0215
23682	0.12
23683	0.2615
23684	0.273
23685	0.277
23686	0.306
23687	0.2685
23688	0.053
23689	0.004
23690	0.0035
23691	0.004
23692	0.0065
23693	0.007
23694	0.0035
23695	0.0075
23696	0.006
23697	0.007
23698	0.0065
23699	0.0035
23700	0.008
23701	0.0095
23702	0.0195
23703	0.0325
23704	0.073
23705	0.144
23706	0.1455
23707	0.1665
23708	0.1855
23709	0.169
23710	0.0965
23711	0.0125
23712	0.0055
23713	0.021
23714	0.0165
23715	0.0135
23716	0.014
23717	0.025
23718	0.0765
23719	0.136
23720	0.187
23721	0.27
23722	0.277
23723	0.31
23724	0.1745
23725	0.062
23726	0.027
23727	0.0045
23728	0.002
23729	0.002
23730	0.0025
23731	0.0005
23732	0.001
23733	0
23734	0
23735	0
23736	0
23737	0.0005
23738	0
23739	0.0005
23740	0.0005
23741	0.0005
23742	0.0015
23743	0
23744	0
23745	0.0005
23746	0
23747	0.0005
23748	0
23749	0
23750	0
23751	0.0015
23752	0
23753	0
23754	0.0005
23755	0
23756	0.0005
23757	0.001
23758	0.0015
23759	0.0005
23760	0
23761	0
23762	0.0015
23763	0.0005
23764	0
23765	0.001
23766	0.001
23767	0.0025
23768	0.001
23769	0.001
23770	0.001
23771	0.0005
23772	0.001
23773	0.001
23774	0.0005
23775	0.002
23776	0.001
23777	0.0015
23778	0.0005
23779	0.0005
23780	0.002
23781	0.001
23782	0.002
23783	0.002
23784	0.002
23785	0.0005
23786	0.001
23787	0.001
23788	0.0015
23789	0
23790	0.0025
23791	0.0015
23792	0.0015
23793	0.0005
23794	0.002
23795	0.003
23796	0.0025
23797	0.0025
23798	0.0015
23799	0.001
23800	0.004
23801	0.005
23802	0.0025
23803	0.0035
23804	0.002
23805	0.0025
23806	0.004
23807	0.0035
23808	0.0025
23809	0.0025
23810	0.003
23811	0.0065
23812	0.004
23813	0.0045
23814	0.004
23815	0.004
23816	0.003
23817	0.003
23818	0.003
23819	0.003
23820	0.0025
23821	0.0075
23822	0.004
23823	0.0045
23824	0.007
23825	0.0065
23826	0.014
23827	0.0095
23828	0.0145
23829	0.0215
23830	0.0425
23831	0.059
23832	0.092
23833	0.1625
23834	0.168
23835	0.188
23836	0.171
23837	0.126
23838	0.0765
23839	0.0265
23840	0.0105
23841	0.0135
23842	0.01
23843	0.016
23844	0.037
23845	0.036
23846	0.072
23847	0.0685
23848	0.0895
23849	0.119
23850	0.0885
23851	0.0705
23852	0.081
23853	0.097
23854	0.142
23855	0.124
23856	0.235
23857	0.306
23858	0.2855
23859	0.1855
23860	0.1155
23861	0.0805
23862	0.0495
23863	0.0035
23864	0.002
23865	0.0135
23866	0.054
23867	0.1235
23868	0.2155
23869	0.349
23870	0.4605
23871	0.424
23872	0.2525
23873	0.102
23874	0.028
23875	0.008
23876	0.003
23877	0.003
23878	0.0085
23879	0.0135
23880	0.012
23881	0.02
23882	0.0465
23883	0.107
23884	0.186
23885	0.217
23886	0.2085
23887	0.2305
23888	0.1845
23889	0.0855
23890	0.0205
23891	0.0085
23892	0.014
23893	0.0235
23894	0.0585
23895	0.1155
23896	0.1895
23897	0.276
23898	0.3535
23899	0.3575
23900	0.2515
23901	0.1165
23902	0.046
23903	0.0185
23904	0.0105
23905	0.01
23906	0.0265
23907	0.094
23908	0.2145
23909	0.346
23910	0.3925
23911	0.3315
23912	0.327
23913	0.1345
23914	0.014
23915	0
23916	0.0015
23917	0.002
23918	0.007
23919	0.004
23920	0.0005
23921	0.0005
23922	0.002
23923	0.001
23924	0.0005
23925	0.0025
23926	0.001
23927	0.0005
23928	0
23929	0.0015
23930	0.0005
23931	0.0005
23932	0.0015
23933	0.0005
23934	0.002
23935	0
23936	0.0005
23937	0.001
23938	0.0005
23939	0
23940	0.0005
23941	0.0005
23942	0
23943	0
23944	0.0005
23945	0.001
23946	0.001
23947	0
23948	0.0005
23949	0
23950	0.0005
23951	0
23952	0.0005
23953	0
23954	0.0005
23955	0.0015
23956	0.001
23957	0
23958	0
23959	0.0005
23960	0.0005
23961	0.002
23962	0.0015
23963	0.0005
23964	0
23965	0.001
23966	0
23967	0.0005
23968	0.0005
23969	0.001
23970	0.0005
23971	0
23972	0
23973	0.0005
23974	0.0025
23975	0.002
23976	0.003
23977	0.0005
23978	0
23979	0.001
23980	0.0005
23981	0.001
23982	0.001
23983	0.001
23984	0.002
23985	0.0015
23986	0.0015
23987	0.001
23988	0.002
23989	0.004
23990	0.001
23991	0.001
23992	0.005
23993	0.0015
23994	0.003
23995	0.0025
23996	0.0015
23997	0.0035
23998	0.0025
23999	0.0035
24000	0.004
24001	0.003
24002	0.0025
24003	0.0035
24004	0.0055
24005	0.004
24006	0.004
24007	0.0045
24008	0.0065
24009	0.0035
24010	0.005
24011	0.0075
24012	0.014
24013	0.0245
24014	0.0525
24015	0.1375
24016	0.1795
24017	0.1855
24018	0.2175
24019	0.2595
24020	0.184
24021	0.0645
24022	0.012
24023	0.0135
24024	0.027
24025	0.0165
24026	0.0155
24027	0.0405
24028	0.113
24029	0.1925
24030	0.2465
24031	0.34
24032	0.541
24033	0.4255
24034	0.2045
24035	0.079
24036	0.058
24037	0.031
24038	0.0065
24039	0.005
24040	0.023
24041	0.1195
24042	0.3335
24043	0.439
24044	0.3345
24045	0.3395
24046	0.278
24047	0.0925
24048	0.0075
24049	0.0045
24050	0.006
24051	0.014
24052	0.0595
24053	0.2835
24054	0.2985
24055	0.354
24056	0.317
24057	0.2765
24058	0.155
24059	0.003
24060	0.007
24061	0.0055
24062	0.006
24063	0.01
24064	0.009
24065	0.019
24066	0.0255
24067	0.046
24068	0.092
24069	0.098
24070	0.1275
24071	0.15
24072	0.204
24073	0.226
24074	0.1535
24075	0.096
24076	0.166
24077	0.1525
24078	0.121
24079	0.048
24080	0.0585
24081	0.1935
24082	0.171
24083	0.097
24084	0.207
24085	0.41
24086	0.2875
24087	0.0715
24088	0.035
24089	0.11
24090	0.037
24091	0.0015
24092	0.003
24093	0.0075
24094	0.0445
24095	0.037
24096	0.0405
24097	0.14
24098	0.284
24099	0.2705
24100	0.178
24101	0.138
24102	0.177
24103	0.0405
24104	0.001
24105	0.0025
24106	0.005
24107	0.0165
24108	0.005
24109	0.004
24110	0.0085
24111	0.0195
24112	0.0465
24113	0.0455
24114	0.133
24115	0.2935
24116	0.3295
24117	0.486
24118	0.4035
24119	0.371
24120	0.249
24121	0.032
24122	0.0055
24123	0.0045
24124	0.001
24125	0.0265
24126	0.0135
24127	0.0225
24128	0.0495
24129	0.1665
24130	0.2635
24131	0.377
24132	0.3585
24133	0.389
24134	0.2365
24135	0.0885
24136	0.0055
24137	0.001
24138	0.0015
24139	0.0015
24140	0.0005
24141	0.001
24142	0.0005
24143	0.0015
24144	0
24145	0.0005
24146	0.0005
24147	0
24148	0.001
24149	0
24150	0
24151	0.001
24152	0
24153	0
24154	0.0005
24155	0
24156	0
24157	0.0005
24158	0.001
24159	0.0005
24160	0.0005
24161	0.0005
24162	0
24163	0.001
24164	0.001
24165	0.0005
24166	0.001
24167	0.0015
24168	0.0005
24169	0.0005
24170	0.001
24171	0.0015
24172	0
24173	0
24174	0.0015
24175	0.003
24176	0.001
24177	0.0005
24178	0.002
24179	0.001
24180	0.0005
24181	0.001
24182	0.003
24183	0.001
24184	0.0035
24185	0.001
24186	0.0005
24187	0.002
24188	0.001
24189	0.003
24190	0.002
24191	0.002
24192	0
24193	0.0025
24194	0.0025
24195	0.002
24196	0.0035
24197	0.002
24198	0.002
24199	0.0025
24200	0.002
24201	0.0025
24202	0.003
24203	0.003
24204	0.002
24205	0.003
24206	0.002
24207	0.0015
24208	0.002
24209	0.001
24210	0.002
24211	0.002
24212	0.0045
24213	0.0015
24214	0.0035
24215	0.0025
24216	0.0045
24217	0.0015
24218	0.003
24219	0.002
24220	0.006
24221	0.0025
24222	0.0015
24223	0.003
24224	0.0025
24225	0.0045
24226	0.004
24227	0.0035
24228	0.005
24229	0.0065
24230	0.0075
24231	0.0075
24232	0.0095
24233	0.011
24234	0.0185
24235	0.045
24236	0.088
24237	0.047
24238	0.0665
24239	0.0975
24240	0.1705
24241	0.0995
24242	0.029
24243	0.037
24244	0.212
24245	0.252
24246	0.1645
24247	0.2565
24248	0.586
24249	0.425
24250	0.115
24251	0.031
24252	0.0635
24253	0.084
24254	0.007
24255	0.0075
24256	0.061
24257	0.3045
24258	0.228
24259	0.226
24260	0.3305
24261	0.344
24262	0.2155
24263	0.005
24264	0.0025
24265	0.0225
24266	0.016
24267	0.008
24268	0.013
24269	0.0815
24270	0.2855
24271	0.2975
24272	0.2825
24273	0.3425
24274	0.284
24275	0.1575
24276	0.005
24277	0.003
24278	0.003
24279	0.0055
24280	0.0035
24281	0.0045
24282	0.005
24283	0.002
24284	0.006
24285	0.0045
24286	0.0035
24287	0.0035
24288	0.007
24289	0.006
24290	0.0095
24291	0.013
24292	0.0295
24293	0.129
24294	0.15
24295	0.2955
24296	0.235
24297	0.245
24298	0.208
24299	0.0475
24300	0.008
24301	0.0015
24302	0.004
24303	0.006
24304	0.0035
24305	0.002
24306	0.0015
24307	0.001
24308	0.0025
24309	0.002
24310	0.0015
24311	0.002
24312	0.0015
24313	0
24314	0.002
24315	0.002
24316	0.0025
24317	0.002
24318	0.0015
24319	0.0025
24320	0.001
24321	0.0005
24322	0.0005
24323	0.0015
24324	0.003
24325	0.001
24326	0.0005
24327	0.0005
24328	0.001
24329	0.0025
24330	0.001
24331	0.002
24332	0.002
24333	0.0005
24334	0.001
24335	0.001
24336	0.0005
24337	0
24338	0.0005
24339	0.0005
24340	0.0015
24341	0.001
24342	0.0005
24343	0.0005
24344	0.0005
24345	0.0015
24346	0
24347	0.0005
24348	0
24349	0.001
24350	0.001
24351	0.0005
24352	0.0005
24353	0.0005
24354	0.0005
24355	0.0005
24356	0.0005
24357	0.0005
24358	0
24359	0
24360	0
24361	0
24362	0.0015
24363	0.001
24364	0.002
24365	0
24366	0.0005
24367	0.0005
24368	0.001
24369	0.001
24370	0
24371	0.001
24372	0.0005
24373	0
24374	0.0005
24375	0.0015
24376	0.0015
24377	0.003
24378	0.002
24379	0.0005
24380	0
24381	0.0005
24382	0.003
24383	0.0005
24384	0.0015
24385	0.002
24386	0.002
24387	0.001
24388	0.002
24389	0.001
24390	0.0025
24391	0.0015
24392	0.0015
24393	0.002
24394	0.002
24395	0.0015
24396	0.0015
24397	0.0015
24398	0.002
24399	0.0015
24400	0.0015
24401	0.001
24402	0.003
24403	0.0035
24404	0.0025
24405	0.004
24406	0.0015
24407	0.0055
24408	0.004
24409	0.0025
24410	0.0035
24411	0.004
24412	0.003
24413	0.0035
24414	0.0035
24415	0.003
24416	0.0035
24417	0.005
24418	0.005
24419	0.0065
24420	0.015
24421	0.0655
24422	0.2585
24423	0.272
24424	0.294
24425	0.269
24426	0.23
24427	0.1365
24428	0.0025
24429	0.0025
24430	0.0055
24431	0.0045
24432	0.01
24433	0.008
24434	0.018
24435	0.025
24436	0.049
24437	0.1365
24438	0.263
24439	0.422
24440	0.3755
24441	0.3295
24442	0.3015
24443	0.146
24444	0.019
24445	0.004
24446	0.0035
24447	0.029
24448	0.099
24449	0.166
24450	0.254
24451	0.2225
24452	0.2855
24453	0.262
24454	0.092
24455	0.0125
24456	0.0055
24457	0.005
24458	0.0125
24459	0.0185
24460	0.023
24461	0.0565
24462	0.2155
24463	0.4195
24464	0.4545
24465	0.4435
24466	0.441
24467	0.38
24468	0.0765
24469	0.003
24470	0.0045
24471	0.0045
24472	0.0145
24473	0.0175
24474	0.0155
24475	0.0675
24476	0.089
24477	0.131
24478	0.162
24479	0.2255
24480	0.3305
24481	0.275
24482	0.1345
24483	0.187
24484	0.158
24485	0.1505
24486	0.0345
24487	0.013
24488	0.0785
24489	0.1465
24490	0.077
24491	0.087
24492	0.2135
24493	0.4965
24494	0.2695
24495	0.1115
24496	0.1575
24497	0.2435
24498	0.062
24499	0.003
24500	0.0025
24501	0.038
24502	0.093
24503	0.0445
24504	0.063
24505	0.251
24506	0.364
24507	0.277
24508	0.1785
24509	0.2525
24510	0.392
24511	0.0315
24512	0.003
24513	0.0055
24514	0.0955
24515	0.1145
24516	0.015
24517	0.0185
24518	0.25
24519	0.3465
24520	0.228
24521	0.1685
24522	0.4405
24523	0.402
24524	0.034
24525	0.003
24526	0.0075
24527	0.055
24528	0.002
24529	0.001
24530	0.002
24531	0.02
24532	0.031
24533	0.003
24534	0.004
24535	0.0115
24536	0.0325
24537	0.0315
24538	0.0285
24539	0.0675
24540	0.338
24541	0.4925
24542	0.3235
24543	0.3115
24544	0.312
24545	0.2
24546	0.0015
24547	0
24548	0.001
24549	0.003
24550	0.001
24551	0.0005
24552	0
24553	0.0005
24554	0.001
24555	0.0005
24556	0.0005
24557	0.0005
24558	0.0005
24559	0.0005
24560	0.0005
24561	0.001
24562	0.0015
24563	0
24564	0.001
24565	0
24566	0.0005
24567	0.0005
24568	0.0015
24569	0.001
24570	0.0005
24571	0.001
24572	0
24573	0.0005
24574	0.001
24575	0.001
24576	0.0015
24577	0.0005
24578	0.0015
24579	0.0015
24580	0
24581	0.0015
24582	0.002
24583	0
24584	0.001
24585	0.0025
24586	0.002
24587	0.001
24588	0.0015
24589	0.0025
24590	0.0025
24591	0.0035
24592	0.003
24593	0.0005
24594	0.002
24595	0.002
24596	0.0035
24597	0.0015
24598	0.0025
24599	0.0025
24600	0.003
24601	0.002
24602	0.003
24603	0.006
24604	0.0015
24605	0.0035
24606	0.003
24607	0.0035
24608	0.0035
24609	0.002
24610	0.003
24611	0.0045
24612	0.0035
24613	0.0035
24614	0.003
24615	0.004
24616	0.0035
24617	0.0045
24618	0.0035
24619	0.0045
24620	0.0055
24621	0.0055
24622	0.0085
24623	0.0085
24624	0.016
24625	0.046
24626	0.102
24627	0.1655
24628	0.2685
24629	0.342
24630	0.3805
24631	0.2845
24632	0.161
24633	0.0875
24634	0.023
24635	0.0075
24636	0.011
24637	0.032
24638	0.1895
24639	0.307
24640	0.323
24641	0.3865
24642	0.34
24643	0.3005
24644	0.0375
24645	0.004
24646	0.006
24647	0.006
24648	0.0035
24649	0.012
24650	0.008
24651	0.0165
24652	0.0285
24653	0.044
24654	0.085
24655	0.096
24656	0.122
24657	0.164
24658	0.1415
24659	0.136
24660	0.089
24661	0.0545
24662	0.082
24663	0.057
24664	0.064
24665	0.0995
24666	0.2095
24667	0.345
24668	0.29
24669	0.279
24670	0.3285
24671	0.27
24672	0.081
24673	0.007
24674	0.0075
24675	0.029
24676	0.013
24677	0.006
24678	0.0105
24679	0.047
24680	0.1585
24681	0.3065
24682	0.443
24683	0.459
24684	0.436
24685	0.3565
24686	0.1245
24687	0.014
24688	0.0045
24689	0.0055
24690	0.0145
24691	0.1395
24692	0.257
24693	0.216
24694	0.2975
24695	0.3115
24696	0.3075
24697	0.062
24698	0.005
24699	0.0045
24700	0.014
24701	0.017
24702	0.0195
24703	0.043
24704	0.1675
24705	0.2065
24706	0.182
24707	0.2765
24708	0.2985
24709	0.2785
24710	0.07
24711	0.01
24712	0.0275
24713	0.054
24714	0.0485
24715	0.0495
24716	0.1645
24717	0.3365
24718	0.3935
24719	0.344
24720	0.3575
24721	0.3435
24722	0.1585
24723	0.007
24724	0.0025
24725	0.0205
24726	0.099
24727	0.1665
24728	0.4765
24729	0.454
24730	0.4235
24731	0.4095
24732	0.2285
24733	0.086
24734	0.0005
24735	0
24736	0.003
24737	0.077
24738	0.244
24739	0.3825
24740	0.3425
24741	0.4255
24742	0.438
24743	0.2365
24744	0.0185
24745	0
24746	0
24747	0.0075
24748	0.0075
24749	0.0025
24750	0
24751	0.001
24752	0.0005
24753	0
24754	0.001
24755	0.0015
24756	0.0015
24757	0.001
24758	0.0015
24759	0.0005
24760	0.0005
24761	0.001
24762	0
24763	0
24764	0
24765	0
24766	0.0015
24767	0.001
24768	0.0015
24769	0.002
24770	0.0015
24771	0.0015
24772	0.0015
24773	0.0005
24774	0.001
24775	0.0005
24776	0.001
24777	0.0005
24778	0
24779	0.0025
24780	0.0015
24781	0.0005
24782	0.0005
24783	0.0005
24784	0.001
24785	0.0015
24786	0.002
24787	0.004
24788	0.001
24789	0.002
24790	0.0015
24791	0.0005
24792	0.001
24793	0.002
24794	0.002
24795	0.004
24796	0.002
24797	0.002
24798	0.002
24799	0.0035
24800	0.001
24801	0.003
24802	0.0015
24803	0.0025
24804	0.003
24805	0.002
24806	0.0035
24807	0.0025
24808	0.0045
24809	0.0035
24810	0.0035
24811	0.005
24812	0.0035
24813	0.001
24814	0.0035
24815	0.0035
24816	0.002
24817	0.003
24818	0.0015
24819	0.0015
24820	0.0025
24821	0.002
24822	0.001
24823	0.005
24824	0.005
24825	0.003
24826	0.0035
24827	0.0055
24828	0.0145
24829	0.055
24830	0.168
24831	0.28
24832	0.3375
24833	0.3705
24834	0.294
24835	0.2055
24836	0.0305
24837	0.0055
24838	0.003
24839	0.0065
24840	0.0065
24841	0.019
24842	0.0965
24843	0.349
24844	0.3225
24845	0.301
24846	0.2895
24847	0.2555
24848	0.096
24849	0.005
24850	0.0075
24851	0.0065
24852	0.0215
24853	0.0385
24854	0.0635
24855	0.119
24856	0.1395
24857	0.2595
24858	0.3185
24859	0.3395
24860	0.33
24861	0.2515
24862	0.17
24863	0.151
24864	0.045
24865	0.0475
24866	0.063
24867	0.1065
24868	0.2245
24869	0.198
24870	0.2275
24871	0.287
24872	0.217
24873	0.1345
24874	0.0185
24875	0.0065
24876	0.016
24877	0.0075
24878	0.0065
24879	0.021
24880	0.0685
24881	0.251
24882	0.295
24883	0.3085
24884	0.306
24885	0.2485
24886	0.1195
24887	0.0045
24888	0.0035
24889	0.003
24890	0.004
24891	0.0015
24892	0.0015
24893	0.0025
24894	0.003
24895	0.0015
24896	0.0015
24897	0.0025
24898	0.003
24899	0.001
24900	0.004
24901	0.002
24902	0.003
24903	0.0005
24904	0.0015
24905	0.0035
24906	0.003
24907	0.0015
24908	0.002
24909	0.002
24910	0.0025
24911	0.001
24912	0.0015
24913	0.0015
24914	0.0015
24915	0.0015
24916	0.0015
24917	0.001
24918	0.002
24919	0.003
24920	0.0045
24921	0
24922	0.003
24923	0.0005
24924	0.001
24925	0
24926	0.0015
24927	0
24928	0.001
24929	0.002
24930	0.0025
24931	0.003
24932	0.001
24933	0.0005
24934	0.0005
24935	0.0015
24936	0.001
24937	0
24938	0.002
24939	0.0015
24940	0
24941	0.0005
24942	0
24943	0.001
24944	0.0005
24945	0.0005
24946	0.001
24947	0.0005
24948	0
24949	0.0005
24950	0
24951	0.0005
24952	0.001
24953	0
24954	0.0005
24955	0.0005
24956	0.0005
24957	0
24958	0.001
24959	0
24960	0.0005
24961	0.001
24962	0.0005
24963	0.001
24964	0.001
24965	0.001
24966	0.0005
24967	0
24968	0.0005
24969	0.001
24970	0.001
24971	0.0015
24972	0.0015
24973	0.001
24974	0
24975	0.001
24976	0.002
24977	0.002
24978	0.0005
24979	0.0015
24980	0.002
24981	0.002
24982	0.0005
24983	0.0015
24984	0.001
24985	0.0015
24986	0.002
24987	0
24988	0.002
24989	0.001
24990	0.0015
24991	0.0025
24992	0.0005
24993	0.0015
24994	0.001
24995	0.0015
24996	0.0035
24997	0.003
24998	0.0015
24999	0.0015
25000	0.0035
