0	0.0025
1	0.00256282
2	0.00262558
3	0.00268822
4	0.00275067
5	0.00281287
6	0.00287476
7	0.00293629
8	0.00299738
9	0.00305798
10	0.00311803
11	0.00317748
12	0.00323625
13	0.0032943
14	0.00335156
15	0.00340798
16	0.00346351
17	0.00351808
18	0.00357165
19	0.00362417
20	0.00367557
21	0.00372581
22	0.00377485
23	0.00382262
24	0.00386909
25	0.00391421
26	0.00395794
27	0.00400022
28	0.00404103
29	0.00408031
30	0.00411803
31	0.00415416
32	0.00418866
33	0.00422148
34	0.00425261
35	0.00428201
36	0.00430965
37	0.00433551
38	0.00435955
39	0.00438176
40	0.00440211
41	0.00442059
42	0.00443717
43	0.00445183
44	0.00446457
45	0.00447538
46	0.00448423
47	0.00449112
48	0.00449605
49	0.00449901
50	0.0045
51	0.00449901
52	0.00449605
53	0.00449112
54	0.00448423
55	0.00447538
56	0.00446457
57	0.00445183
58	0.00443717
59	0.00442059
60	0.00440211
61	0.00438176
62	0.00435955
63	0.00433551
64	0.00430965
65	0.00428201
66	0.00425261
67	0.00422148
68	0.00418866
69	0.00415416
70	0.00411803
71	0.00408031
72	0.00404103
73	0.00400022
74	0.00395794
75	0.00391421
76	0.00386909
77	0.00382262
78	0.00377485
79	0.00372581
80	0.00367557
81	0.00362417
82	0.00357165
83	0.00351808
84	0.00346351
85	0.00340798
86	0.00335156
87	0.0032943
88	0.00323625
89	0.00317748
90	0.00311803
91	0.00305798
92	0.00299738
93	0.00293629
94	0.00287476
95	0.00281287
96	0.00275067
97	0.00268822
98	0.00262558
99	0.00256282
100	0.0025
101	0.00243718
102	0.00237442
103	0.00231178
104	0.00224933
105	0.00218713
106	0.00212524
107	0.00206371
108	0.00200262
109	0.00194202
110	0.00188197
111	0.00182252
112	0.00176375
113	0.0017057
114	0.00164844
115	0.00159202
116	0.00153649
117	0.00148192
118	0.00142835
119	0.00137583
120	0.00132443
121	0.00127419
122	0.00122515
123	0.00117738
124	0.00113091
125	0.00108579
126	0.00104206
127	0.000999778
128	0.000958974
129	0.00091969
130	0.000881966
131	0.000845839
132	0.000811344
133	0.000778516
134	0.000747387
135	0.000717987
136	0.000690346
137	0.000664491
138	0.000640447
139	0.000618238
140	0.000597887
141	0.000579413
142	0.000562834
143	0.000548166
144	0.000535425
145	0.000524623
146	0.000515771
147	0.000508876
148	0.000503947
149	0.000500987
150	0.0005
151	0.000500987
152	0.000503947
153	0.000508876
154	0.000515771
155	0.000524623
156	0.000535425
157	0.000548166
158	0.000562834
159	0.000579413
160	0.000597887
161	0.000618238
162	0.000640447
163	0.000664491
164	0.000690346
165	0.000717987
166	0.000747387
167	0.000778516
168	0.000811344
169	0.000845839
170	0.000881966
171	0.00091969
172	0.000958974
173	0.000999778
174	0.00104206
175	0.00108579
176	0.00113091
177	0.00117738
178	0.00122515
179	0.00127419
180	0.00132443
181	0.00137583
182	0.00142835
183	0.00148192
184	0.00153649
185	0.00159202
186	0.00164844
187	0.0017057
188	0.00176375
189	0.00182252
190	0.00188197
191	0.00194202
192	0.00200262
193	0.00206371
194	0.00212524
195	0.00218713
196	0.00224933
197	0.00231178
198	0.00237442
199	0.00243718
200	0.0025
201	0.00256282
202	0.00262558
203	0.00268822
204	0.00275067
205	0.00281287
206	0.00287476
207	0.00293629
208	0.00299738
209	0.00305798
210	0.00311803
211	0.00317748
212	0.00323625
213	0.0032943
214	0.00335156
215	0.00340798
216	0.00346351
217	0.00351808
218	0.00357165
219	0.00362417
220	0.00367557
221	0.00372581
222	0.00377485
223	0.00382262
224	0.00386909
225	0.00391421
226	0.00395794
227	0.00400022
228	0.00404103
229	0.00408031
230	0.00411803
231	0.00415416
232	0.00418866
233	0.00422148
234	0.00425261
235	0.00428201
236	0.00430965
237	0.00433551
238	0.00435955
239	0.00438176
240	0.00440211
241	0.00442059
242	0.00443717
243	0.00445183
244	0.00446457
245	0.00447538
246	0.00448423
247	0.00449112
248	0.00449605
249	0.00449901
250	0.0045
251	0.00449901
252	0.00449605
253	0.00449112
254	0.00448423
255	0.00447538
256	0.00446457
257	0.00445183
258	0.00443717
259	0.00442059
260	0.00440211
261	0.00438176
262	0.00435955
263	0.00433551
264	0.00430965
265	0.00428201
266	0.00425261
267	0.00422148
268	0.00418866
269	0.00415416
270	0.00411803
271	0.00408031
272	0.00404103
273	0.00400022
274	0.00395794
275	0.00391421
276	0.00386909
277	0.00382262
278	0.00377485
279	0.00372581
280	0.00367557
281	0.00362417
282	0.00357165
283	0.00351808
284	0.00346351
285	0.00340798
286	0.00335156
287	0.0032943
288	0.00323625
289	0.00317748
290	0.00311803
291	0.00305798
292	0.00299738
293	0.00293629
294	0.00287476
295	0.00281287
296	0.00275067
297	0.00268822
298	0.00262558
299	0.00256282
300	0.0025
301	0.00243718
302	0.00237442
303	0.00231178
304	0.00224933
305	0.00218713
306	0.00212524
307	0.00206371
308	0.00200262
309	0.00194202
310	0.00188197
311	0.00182252
312	0.00176375
313	0.0017057
314	0.00164844
315	0.00159202
316	0.00153649
317	0.00148192
318	0.00142835
319	0.00137583
320	0.00132443
321	0.00127419
322	0.00122515
323	0.00117738
324	0.00113091
325	0.00108579
326	0.00104206
327	0.000999778
328	0.000958974
329	0.00091969
330	0.000881966
331	0.000845839
332	0.000811344
333	0.000778516
334	0.000747387
335	0.000717987
336	0.000690346
337	0.000664491
338	0.000640447
339	0.000618238
340	0.000597887
341	0.000579413
342	0.000562834
343	0.000548166
344	0.000535425
345	0.000524623
346	0.000515771
347	0.000508876
348	0.000503947
349	0.000500987
350	0.0005
351	0.000500987
352	0.000503947
353	0.000508876
354	0.000515771
355	0.000524623
356	0.000535425
357	0.000548166
358	0.000562834
359	0.000579413
360	0.000597887
361	0.000618238
362	0.000640447
363	0.000664491
364	0.000690346
365	0.000717987
366	0.000747387
367	0.000778516
368	0.000811344
369	0.000845839
370	0.000881966
371	0.00091969
372	0.000958974
373	0.000999778
374	0.00104206
375	0.00108579
376	0.00113091
377	0.00117738
378	0.00122515
379	0.00127419
380	0.00132443
381	0.00137583
382	0.00142835
383	0.00148192
384	0.00153649
385	0.00159202
386	0.00164844
387	0.0017057
388	0.00176375
389	0.00182252
390	0.00188197
391	0.00194202
392	0.00200262
393	0.00206371
394	0.00212524
395	0.00218713
396	0.00224933
397	0.00231178
398	0.00237442
399	0.00243718
400	0.0025
401	0.00256282
402	0.00262558
403	0.00268822
404	0.00275067
405	0.00281287
406	0.00287476
407	0.00293629
408	0.00299738
409	0.00305798
410	0.00311803
411	0.00317748
412	0.00323625
413	0.0032943
414	0.00335156
415	0.00340798
416	0.00346351
417	0.00351808
418	0.00357165
419	0.00362417
420	0.00367557
421	0.00372581
422	0.00377485
423	0.00382262
424	0.00386909
425	0.00391421
426	0.00395794
427	0.00400022
428	0.00404103
429	0.00408031
430	0.00411803
431	0.00415416
432	0.00418866
433	0.00422148
434	0.00425261
435	0.00428201
436	0.00430965
437	0.00433551
438	0.00435955
439	0.00438176
440	0.00440211
441	0.00442059
442	0.00443717
443	0.00445183
444	0.00446457
445	0.00447538
446	0.00448423
447	0.00449112
448	0.00449605
449	0.00449901
450	0.0045
451	0.00449901
452	0.00449605
453	0.00449112
454	0.00448423
455	0.00447538
456	0.00446457
457	0.00445183
458	0.00443717
459	0.00442059
460	0.00440211
461	0.00438176
462	0.00435955
463	0.00433551
464	0.00430965
465	0.00428201
466	0.00425261
467	0.00422148
468	0.00418866
469	0.00415416
470	0.00411803
471	0.00408031
472	0.00404103
473	0.00400022
474	0.00395794
475	0.00391421
476	0.00386909
477	0.00382262
478	0.00377485
479	0.00372581
480	0.00367557
481	0.00362417
482	0.00357165
483	0.00351808
484	0.00346351
485	0.00340798
486	0.00335156
487	0.0032943
488	0.00323625
489	0.00317748
490	0.00311803
491	0.00305798
492	0.00299738
493	0.00293629
494	0.00287476
495	0.00281287
496	0.00275067
497	0.00268822
498	0.00262558
499	0.00256282
500	0.0025
501	0.00243718
502	0.00237442
503	0.00231178
504	0.00224933
505	0.00218713
506	0.00212524
507	0.00206371
508	0.00200262
509	0.00194202
510	0.00188197
511	0.00182252
512	0.00176375
513	0.0017057
514	0.00164844
515	0.00159202
516	0.00153649
517	0.00148192
518	0.00142835
519	0.00137583
520	0.00132443
521	0.00127419
522	0.00122515
523	0.00117738
524	0.00113091
525	0.00108579
526	0.00104206
527	0.000999778
528	0.000958974
529	0.00091969
530	0.000881966
531	0.000845839
532	0.000811344
533	0.000778516
534	0.000747387
535	0.000717987
536	0.000690346
537	0.000664491
538	0.000640447
539	0.000618238
540	0.000597887
541	0.000579413
542	0.000562834
543	0.000548166
544	0.000535425
545	0.000524623
546	0.000515771
547	0.000508876
548	0.000503947
549	0.000500987
550	0.0005
551	0.000500987
552	0.000503947
553	0.000508876
554	0.000515771
555	0.000524623
556	0.000535425
557	0.000548166
558	0.000562834
559	0.000579413
560	0.000597887
561	0.000618238
562	0.000640447
563	0.000664491
564	0.000690346
565	0.000717987
566	0.000747387
567	0.000778516
568	0.000811344
569	0.000845839
570	0.000881966
571	0.00091969
572	0.000958974
573	0.000999778
574	0.00104206
575	0.00108579
576	0.00113091
577	0.00117738
578	0.00122515
579	0.00127419
580	0.00132443
581	0.00137583
582	0.00142835
583	0.00148192
584	0.00153649
585	0.00159202
586	0.00164844
587	0.0017057
588	0.00176375
589	0.00182252
590	0.00188197
591	0.00194202
592	0.00200262
593	0.00206371
594	0.00212524
595	0.00218713
596	0.00224933
597	0.00231178
598	0.00237442
599	0.00243718
600	0.0025
601	0.00256282
602	0.00262558
603	0.00268822
604	0.00275067
605	0.00281287
606	0.00287476
607	0.00293629
608	0.00299738
609	0.00305798
610	0.00311803
611	0.00317748
612	0.00323625
613	0.0032943
614	0.00335156
615	0.00340798
616	0.00346351
617	0.00351808
618	0.00357165
619	0.00362417
620	0.00367557
621	0.00372581
622	0.00377485
623	0.00382262
624	0.00386909
625	0.00391421
626	0.00395794
627	0.00400022
628	0.00404103
629	0.00408031
630	0.00411803
631	0.00415416
632	0.00418866
633	0.00422148
634	0.00425261
635	0.00428201
636	0.00430965
637	0.00433551
638	0.00435955
639	0.00438176
640	0.00440211
641	0.00442059
642	0.00443717
643	0.00445183
644	0.00446457
645	0.00447538
646	0.00448423
647	0.00449112
648	0.00449605
649	0.00449901
650	0.0045
651	0.00449901
652	0.00449605
653	0.00449112
654	0.00448423
655	0.00447538
656	0.00446457
657	0.00445183
658	0.00443717
659	0.00442059
660	0.00440211
661	0.00438176
662	0.00435955
663	0.00433551
664	0.00430965
665	0.00428201
666	0.00425261
667	0.00422148
668	0.00418866
669	0.00415416
670	0.00411803
671	0.00408031
672	0.00404103
673	0.00400022
674	0.00395794
675	0.00391421
676	0.00386909
677	0.00382262
678	0.00377485
679	0.00372581
680	0.00367557
681	0.00362417
682	0.00357165
683	0.00351808
684	0.00346351
685	0.00340798
686	0.00335156
687	0.0032943
688	0.00323625
689	0.00317748
690	0.00311803
691	0.00305798
692	0.00299738
693	0.00293629
694	0.00287476
695	0.00281287
696	0.00275067
697	0.00268822
698	0.00262558
699	0.00256282
700	0.0025
701	0.00243718
702	0.00237442
703	0.00231178
704	0.00224933
705	0.00218713
706	0.00212524
707	0.00206371
708	0.00200262
709	0.00194202
710	0.00188197
711	0.00182252
712	0.00176375
713	0.0017057
714	0.00164844
715	0.00159202
716	0.00153649
717	0.00148192
718	0.00142835
719	0.00137583
720	0.00132443
721	0.00127419
722	0.00122515
723	0.00117738
724	0.00113091
725	0.00108579
726	0.00104206
727	0.000999778
728	0.000958974
729	0.00091969
730	0.000881966
731	0.000845839
732	0.000811344
733	0.000778516
734	0.000747387
735	0.000717987
736	0.000690346
737	0.000664491
738	0.000640447
739	0.000618238
740	0.000597887
741	0.000579413
742	0.000562834
743	0.000548166
744	0.000535425
745	0.000524623
746	0.000515771
747	0.000508876
748	0.000503947
749	0.000500987
750	0.0005
751	0.000500987
752	0.000503947
753	0.000508876
754	0.000515771
755	0.000524623
756	0.000535425
757	0.000548166
758	0.000562834
759	0.000579413
760	0.000597887
761	0.000618238
762	0.000640447
763	0.000664491
764	0.000690346
765	0.000717987
766	0.000747387
767	0.000778516
768	0.000811344
769	0.000845839
770	0.000881966
771	0.00091969
772	0.000958974
773	0.000999778
774	0.00104206
775	0.00108579
776	0.00113091
777	0.00117738
778	0.00122515
779	0.00127419
780	0.00132443
781	0.00137583
782	0.00142835
783	0.00148192
784	0.00153649
785	0.00159202
786	0.00164844
787	0.0017057
788	0.00176375
789	0.00182252
790	0.00188197
791	0.00194202
792	0.00200262
793	0.00206371
794	0.00212524
795	0.00218713
796	0.00224933
797	0.00231178
798	0.00237442
799	0.00243718
800	0.0025
801	0.00256282
802	0.00262558
803	0.00268822
804	0.00275067
805	0.00281287
806	0.00287476
807	0.00293629
808	0.00299738
809	0.00305798
810	0.00311803
811	0.00317748
812	0.00323625
813	0.0032943
814	0.00335156
815	0.00340798
816	0.00346351
817	0.00351808
818	0.00357165
819	0.00362417
820	0.00367557
821	0.00372581
822	0.00377485
823	0.00382262
824	0.00386909
825	0.00391421
826	0.00395794
827	0.00400022
828	0.00404103
829	0.00408031
830	0.00411803
831	0.00415416
832	0.00418866
833	0.00422148
834	0.00425261
835	0.00428201
836	0.00430965
837	0.00433551
838	0.00435955
839	0.00438176
840	0.00440211
841	0.00442059
842	0.00443717
843	0.00445183
844	0.00446457
845	0.00447538
846	0.00448423
847	0.00449112
848	0.00449605
849	0.00449901
850	0.0045
851	0.00449901
852	0.00449605
853	0.00449112
854	0.00448423
855	0.00447538
856	0.00446457
857	0.00445183
858	0.00443717
859	0.00442059
860	0.00440211
861	0.00438176
862	0.00435955
863	0.00433551
864	0.00430965
865	0.00428201
866	0.00425261
867	0.00422148
868	0.00418866
869	0.00415416
870	0.00411803
871	0.00408031
872	0.00404103
873	0.00400022
874	0.00395794
875	0.00391421
876	0.00386909
877	0.00382262
878	0.00377485
879	0.00372581
880	0.00367557
881	0.00362417
882	0.00357165
883	0.00351808
884	0.00346351
885	0.00340798
886	0.00335156
887	0.0032943
888	0.00323625
889	0.00317748
890	0.00311803
891	0.00305798
892	0.00299738
893	0.00293629
894	0.00287476
895	0.00281287
896	0.00275067
897	0.00268822
898	0.00262558
899	0.00256282
900	0.0025
901	0.00243718
902	0.00237442
903	0.00231178
904	0.00224933
905	0.00218713
906	0.00212524
907	0.00206371
908	0.00200262
909	0.00194202
910	0.00188197
911	0.00182252
912	0.00176375
913	0.0017057
914	0.00164844
915	0.00159202
916	0.00153649
917	0.00148192
918	0.00142835
919	0.00137583
920	0.00132443
921	0.00127419
922	0.00122515
923	0.00117738
924	0.00113091
925	0.00108579
926	0.00104206
927	0.000999778
928	0.000958974
929	0.00091969
930	0.000881966
931	0.000845839
932	0.000811344
933	0.000778516
934	0.000747387
935	0.000717987
936	0.000690346
937	0.000664491
938	0.000640447
939	0.000618238
940	0.000597887
941	0.000579413
942	0.000562834
943	0.000548166
944	0.000535425
945	0.000524623
946	0.000515771
947	0.000508876
948	0.000503947
949	0.000500987
950	0.0005
951	0.000500987
952	0.000503947
953	0.000508876
954	0.000515771
955	0.000524623
956	0.000535425
957	0.000548166
958	0.000562834
959	0.000579413
960	0.000597887
961	0.000618238
962	0.000640447
963	0.000664491
964	0.000690346
965	0.000717987
966	0.000747387
967	0.000778516
968	0.000811344
969	0.000845839
970	0.000881966
971	0.00091969
972	0.000958974
973	0.000999778
974	0.00104206
975	0.00108579
976	0.00113091
977	0.00117738
978	0.00122515
979	0.00127419
980	0.00132443
981	0.00137583
982	0.00142835
983	0.00148192
984	0.00153649
985	0.00159202
986	0.00164844
987	0.0017057
988	0.00176375
989	0.00182252
990	0.00188197
991	0.00194202
992	0.00200262
993	0.00206371
994	0.00212524
995	0.00218713
996	0.00224933
997	0.00231178
998	0.00237442
999	0.00243718
1000	0.0025
1001	0.00256282
1002	0.00262558
1003	0.00268822
1004	0.00275067
1005	0.00281287
1006	0.00287476
1007	0.00293629
1008	0.00299738
1009	0.00305798
1010	0.00311803
1011	0.00317748
1012	0.00323625
1013	0.0032943
1014	0.00335156
1015	0.00340798
1016	0.00346351
1017	0.00351808
1018	0.00357165
1019	0.00362417
1020	0.00367557
1021	0.00372581
1022	0.00377485
1023	0.00382262
1024	0.00386909
1025	0.00391421
1026	0.00395794
1027	0.00400022
1028	0.00404103
1029	0.00408031
1030	0.00411803
1031	0.00415416
1032	0.00418866
1033	0.00422148
1034	0.00425261
1035	0.00428201
1036	0.00430965
1037	0.00433551
1038	0.00435955
1039	0.00438176
1040	0.00440211
1041	0.00442059
1042	0.00443717
1043	0.00445183
1044	0.00446457
1045	0.00447538
1046	0.00448423
1047	0.00449112
1048	0.00449605
1049	0.00449901
1050	0.0045
1051	0.00449901
1052	0.00449605
1053	0.00449112
1054	0.00448423
1055	0.00447538
1056	0.00446457
1057	0.00445183
1058	0.00443717
1059	0.00442059
1060	0.00440211
1061	0.00438176
1062	0.00435955
1063	0.00433551
1064	0.00430965
1065	0.00428201
1066	0.00425261
1067	0.00422148
1068	0.00418866
1069	0.00415416
1070	0.00411803
1071	0.00408031
1072	0.00404103
1073	0.00400022
1074	0.00395794
1075	0.00391421
1076	0.00386909
1077	0.00382262
1078	0.00377485
1079	0.00372581
1080	0.00367557
1081	0.00362417
1082	0.00357165
1083	0.00351808
1084	0.00346351
1085	0.00340798
1086	0.00335156
1087	0.0032943
1088	0.00323625
1089	0.00317748
1090	0.00311803
1091	0.00305798
1092	0.00299738
1093	0.00293629
1094	0.00287476
1095	0.00281287
1096	0.00275067
1097	0.00268822
1098	0.00262558
1099	0.00256282
1100	0.0025
1101	0.00243718
1102	0.00237442
1103	0.00231178
1104	0.00224933
1105	0.00218713
1106	0.00212524
1107	0.00206371
1108	0.00200262
1109	0.00194202
1110	0.00188197
1111	0.00182252
1112	0.00176375
1113	0.0017057
1114	0.00164844
1115	0.00159202
1116	0.00153649
1117	0.00148192
1118	0.00142835
1119	0.00137583
1120	0.00132443
1121	0.00127419
1122	0.00122515
1123	0.00117738
1124	0.00113091
1125	0.00108579
1126	0.00104206
1127	0.000999778
1128	0.000958974
1129	0.00091969
1130	0.000881966
1131	0.000845839
1132	0.000811344
1133	0.000778516
1134	0.000747387
1135	0.000717987
1136	0.000690346
1137	0.000664491
1138	0.000640447
1139	0.000618238
1140	0.000597887
1141	0.000579413
1142	0.000562834
1143	0.000548166
1144	0.000535425
1145	0.000524623
1146	0.000515771
1147	0.000508876
1148	0.000503947
1149	0.000500987
1150	0.0005
1151	0.000500987
1152	0.000503947
1153	0.000508876
1154	0.000515771
1155	0.000524623
1156	0.000535425
1157	0.000548166
1158	0.000562834
1159	0.000579413
1160	0.000597887
1161	0.000618238
1162	0.000640447
1163	0.000664491
1164	0.000690346
1165	0.000717987
1166	0.000747387
1167	0.000778516
1168	0.000811344
1169	0.000845839
1170	0.000881966
1171	0.00091969
1172	0.000958974
1173	0.000999778
1174	0.00104206
1175	0.00108579
1176	0.00113091
1177	0.00117738
1178	0.00122515
1179	0.00127419
1180	0.00132443
1181	0.00137583
1182	0.00142835
1183	0.00148192
1184	0.00153649
1185	0.00159202
1186	0.00164844
1187	0.0017057
1188	0.00176375
1189	0.00182252
1190	0.00188197
1191	0.00194202
1192	0.00200262
1193	0.00206371
1194	0.00212524
1195	0.00218713
1196	0.00224933
1197	0.00231178
1198	0.00237442
1199	0.00243718
1200	0.0025
1201	0.00256282
1202	0.00262558
1203	0.00268822
1204	0.00275067
1205	0.00281287
1206	0.00287476
1207	0.00293629
1208	0.00299738
1209	0.00305798
1210	0.00311803
1211	0.00317748
1212	0.00323625
1213	0.0032943
1214	0.00335156
1215	0.00340798
1216	0.00346351
1217	0.00351808
1218	0.00357165
1219	0.00362417
1220	0.00367557
1221	0.00372581
1222	0.00377485
1223	0.00382262
1224	0.00386909
1225	0.00391421
1226	0.00395794
1227	0.00400022
1228	0.00404103
1229	0.00408031
1230	0.00411803
1231	0.00415416
1232	0.00418866
1233	0.00422148
1234	0.00425261
1235	0.00428201
1236	0.00430965
1237	0.00433551
1238	0.00435955
1239	0.00438176
1240	0.00440211
1241	0.00442059
1242	0.00443717
1243	0.00445183
1244	0.00446457
1245	0.00447538
1246	0.00448423
1247	0.00449112
1248	0.00449605
1249	0.00449901
1250	0.0045
1251	0.00449901
1252	0.00449605
1253	0.00449112
1254	0.00448423
1255	0.00447538
1256	0.00446457
1257	0.00445183
1258	0.00443717
1259	0.00442059
1260	0.00440211
1261	0.00438176
1262	0.00435955
1263	0.00433551
1264	0.00430965
1265	0.00428201
1266	0.00425261
1267	0.00422148
1268	0.00418866
1269	0.00415416
1270	0.00411803
1271	0.00408031
1272	0.00404103
1273	0.00400022
1274	0.00395794
1275	0.00391421
1276	0.00386909
1277	0.00382262
1278	0.00377485
1279	0.00372581
1280	0.00367557
1281	0.00362417
1282	0.00357165
1283	0.00351808
1284	0.00346351
1285	0.00340798
1286	0.00335156
1287	0.0032943
1288	0.00323625
1289	0.00317748
1290	0.00311803
1291	0.00305798
1292	0.00299738
1293	0.00293629
1294	0.00287476
1295	0.00281287
1296	0.00275067
1297	0.00268822
1298	0.00262558
1299	0.00256282
1300	0.0025
1301	0.00243718
1302	0.00237442
1303	0.00231178
1304	0.00224933
1305	0.00218713
1306	0.00212524
1307	0.00206371
1308	0.00200262
1309	0.00194202
1310	0.00188197
1311	0.00182252
1312	0.00176375
1313	0.0017057
1314	0.00164844
1315	0.00159202
1316	0.00153649
1317	0.00148192
1318	0.00142835
1319	0.00137583
1320	0.00132443
1321	0.00127419
1322	0.00122515
1323	0.00117738
1324	0.00113091
1325	0.00108579
1326	0.00104206
1327	0.000999778
1328	0.000958974
1329	0.00091969
1330	0.000881966
1331	0.000845839
1332	0.000811344
1333	0.000778516
1334	0.000747387
1335	0.000717987
1336	0.000690346
1337	0.000664491
1338	0.000640447
1339	0.000618238
1340	0.000597887
1341	0.000579413
1342	0.000562834
1343	0.000548166
1344	0.000535425
1345	0.000524623
1346	0.000515771
1347	0.000508876
1348	0.000503947
1349	0.000500987
1350	0.0005
1351	0.000500987
1352	0.000503947
1353	0.000508876
1354	0.000515771
1355	0.000524623
1356	0.000535425
1357	0.000548166
1358	0.000562834
1359	0.000579413
1360	0.000597887
1361	0.000618238
1362	0.000640447
1363	0.000664491
1364	0.000690346
1365	0.000717987
1366	0.000747387
1367	0.000778516
1368	0.000811344
1369	0.000845839
1370	0.000881966
1371	0.00091969
1372	0.000958974
1373	0.000999778
1374	0.00104206
1375	0.00108579
1376	0.00113091
1377	0.00117738
1378	0.00122515
1379	0.00127419
1380	0.00132443
1381	0.00137583
1382	0.00142835
1383	0.00148192
1384	0.00153649
1385	0.00159202
1386	0.00164844
1387	0.0017057
1388	0.00176375
1389	0.00182252
1390	0.00188197
1391	0.00194202
1392	0.00200262
1393	0.00206371
1394	0.00212524
1395	0.00218713
1396	0.00224933
1397	0.00231178
1398	0.00237442
1399	0.00243718
1400	0.0025
1401	0.00256282
1402	0.00262558
1403	0.00268822
1404	0.00275067
1405	0.00281287
1406	0.00287476
1407	0.00293629
1408	0.00299738
1409	0.00305798
1410	0.00311803
1411	0.00317748
1412	0.00323625
1413	0.0032943
1414	0.00335156
1415	0.00340798
1416	0.00346351
1417	0.00351808
1418	0.00357165
1419	0.00362417
1420	0.00367557
1421	0.00372581
1422	0.00377485
1423	0.00382262
1424	0.00386909
1425	0.00391421
1426	0.00395794
1427	0.00400022
1428	0.00404103
1429	0.00408031
1430	0.00411803
1431	0.00415416
1432	0.00418866
1433	0.00422148
1434	0.00425261
1435	0.00428201
1436	0.00430965
1437	0.00433551
1438	0.00435955
1439	0.00438176
1440	0.00440211
1441	0.00442059
1442	0.00443717
1443	0.00445183
1444	0.00446457
1445	0.00447538
1446	0.00448423
1447	0.00449112
1448	0.00449605
1449	0.00449901
1450	0.0045
1451	0.00449901
1452	0.00449605
1453	0.00449112
1454	0.00448423
1455	0.00447538
1456	0.00446457
1457	0.00445183
1458	0.00443717
1459	0.00442059
1460	0.00440211
1461	0.00438176
1462	0.00435955
1463	0.00433551
1464	0.00430965
1465	0.00428201
1466	0.00425261
1467	0.00422148
1468	0.00418866
1469	0.00415416
1470	0.00411803
1471	0.00408031
1472	0.00404103
1473	0.00400022
1474	0.00395794
1475	0.00391421
1476	0.00386909
1477	0.00382262
1478	0.00377485
1479	0.00372581
1480	0.00367557
1481	0.00362417
1482	0.00357165
1483	0.00351808
1484	0.00346351
1485	0.00340798
1486	0.00335156
1487	0.0032943
1488	0.00323625
1489	0.00317748
1490	0.00311803
1491	0.00305798
1492	0.00299738
1493	0.00293629
1494	0.00287476
1495	0.00281287
1496	0.00275067
1497	0.00268822
1498	0.00262558
1499	0.00256282
1500	0.0025
1501	0.00243718
1502	0.00237442
1503	0.00231178
1504	0.00224933
1505	0.00218713
1506	0.00212524
1507	0.00206371
1508	0.00200262
1509	0.00194202
1510	0.00188197
1511	0.00182252
1512	0.00176375
1513	0.0017057
1514	0.00164844
1515	0.00159202
1516	0.00153649
1517	0.00148192
1518	0.00142835
1519	0.00137583
1520	0.00132443
1521	0.00127419
1522	0.00122515
1523	0.00117738
1524	0.00113091
1525	0.00108579
1526	0.00104206
1527	0.000999778
1528	0.000958974
1529	0.00091969
1530	0.000881966
1531	0.000845839
1532	0.000811344
1533	0.000778516
1534	0.000747387
1535	0.000717987
1536	0.000690346
1537	0.000664491
1538	0.000640447
1539	0.000618238
1540	0.000597887
1541	0.000579413
1542	0.000562834
1543	0.000548166
1544	0.000535425
1545	0.000524623
1546	0.000515771
1547	0.000508876
1548	0.000503947
1549	0.000500987
1550	0.0005
1551	0.000500987
1552	0.000503947
1553	0.000508876
1554	0.000515771
1555	0.000524623
1556	0.000535425
1557	0.000548166
1558	0.000562834
1559	0.000579413
1560	0.000597887
1561	0.000618238
1562	0.000640447
1563	0.000664491
1564	0.000690346
1565	0.000717987
1566	0.000747387
1567	0.000778516
1568	0.000811344
1569	0.000845839
1570	0.000881966
1571	0.00091969
1572	0.000958974
1573	0.000999778
1574	0.00104206
1575	0.00108579
1576	0.00113091
1577	0.00117738
1578	0.00122515
1579	0.00127419
1580	0.00132443
1581	0.00137583
1582	0.00142835
1583	0.00148192
1584	0.00153649
1585	0.00159202
1586	0.00164844
1587	0.0017057
1588	0.00176375
1589	0.00182252
1590	0.00188197
1591	0.00194202
1592	0.00200262
1593	0.00206371
1594	0.00212524
1595	0.00218713
1596	0.00224933
1597	0.00231178
1598	0.00237442
1599	0.00243718
1600	0.0025
1601	0.00256282
1602	0.00262558
1603	0.00268822
1604	0.00275067
1605	0.00281287
1606	0.00287476
1607	0.00293629
1608	0.00299738
1609	0.00305798
1610	0.00311803
1611	0.00317748
1612	0.00323625
1613	0.0032943
1614	0.00335156
1615	0.00340798
1616	0.00346351
1617	0.00351808
1618	0.00357165
1619	0.00362417
1620	0.00367557
1621	0.00372581
1622	0.00377485
1623	0.00382262
1624	0.00386909
1625	0.00391421
1626	0.00395794
1627	0.00400022
1628	0.00404103
1629	0.00408031
1630	0.00411803
1631	0.00415416
1632	0.00418866
1633	0.00422148
1634	0.00425261
1635	0.00428201
1636	0.00430965
1637	0.00433551
1638	0.00435955
1639	0.00438176
1640	0.00440211
1641	0.00442059
1642	0.00443717
1643	0.00445183
1644	0.00446457
1645	0.00447538
1646	0.00448423
1647	0.00449112
1648	0.00449605
1649	0.00449901
1650	0.0045
1651	0.00449901
1652	0.00449605
1653	0.00449112
1654	0.00448423
1655	0.00447538
1656	0.00446457
1657	0.00445183
1658	0.00443717
1659	0.00442059
1660	0.00440211
1661	0.00438176
1662	0.00435955
1663	0.00433551
1664	0.00430965
1665	0.00428201
1666	0.00425261
1667	0.00422148
1668	0.00418866
1669	0.00415416
1670	0.00411803
1671	0.00408031
1672	0.00404103
1673	0.00400022
1674	0.00395794
1675	0.00391421
1676	0.00386909
1677	0.00382262
1678	0.00377485
1679	0.00372581
1680	0.00367557
1681	0.00362417
1682	0.00357165
1683	0.00351808
1684	0.00346351
1685	0.00340798
1686	0.00335156
1687	0.0032943
1688	0.00323625
1689	0.00317748
1690	0.00311803
1691	0.00305798
1692	0.00299738
1693	0.00293629
1694	0.00287476
1695	0.00281287
1696	0.00275067
1697	0.00268822
1698	0.00262558
1699	0.00256282
1700	0.0025
1701	0.00243718
1702	0.00237442
1703	0.00231178
1704	0.00224933
1705	0.00218713
1706	0.00212524
1707	0.00206371
1708	0.00200262
1709	0.00194202
1710	0.00188197
1711	0.00182252
1712	0.00176375
1713	0.0017057
1714	0.00164844
1715	0.00159202
1716	0.00153649
1717	0.00148192
1718	0.00142835
1719	0.00137583
1720	0.00132443
1721	0.00127419
1722	0.00122515
1723	0.00117738
1724	0.00113091
1725	0.00108579
1726	0.00104206
1727	0.000999778
1728	0.000958974
1729	0.00091969
1730	0.000881966
1731	0.000845839
1732	0.000811344
1733	0.000778516
1734	0.000747387
1735	0.000717987
1736	0.000690346
1737	0.000664491
1738	0.000640447
1739	0.000618238
1740	0.000597887
1741	0.000579413
1742	0.000562834
1743	0.000548166
1744	0.000535425
1745	0.000524623
1746	0.000515771
1747	0.000508876
1748	0.000503947
1749	0.000500987
1750	0.0005
1751	0.000500987
1752	0.000503947
1753	0.000508876
1754	0.000515771
1755	0.000524623
1756	0.000535425
1757	0.000548166
1758	0.000562834
1759	0.000579413
1760	0.000597887
1761	0.000618238
1762	0.000640447
1763	0.000664491
1764	0.000690346
1765	0.000717987
1766	0.000747387
1767	0.000778516
1768	0.000811344
1769	0.000845839
1770	0.000881966
1771	0.00091969
1772	0.000958974
1773	0.000999778
1774	0.00104206
1775	0.00108579
1776	0.00113091
1777	0.00117738
1778	0.00122515
1779	0.00127419
1780	0.00132443
1781	0.00137583
1782	0.00142835
1783	0.00148192
1784	0.00153649
1785	0.00159202
1786	0.00164844
1787	0.0017057
1788	0.00176375
1789	0.00182252
1790	0.00188197
1791	0.00194202
1792	0.00200262
1793	0.00206371
1794	0.00212524
1795	0.00218713
1796	0.00224933
1797	0.00231178
1798	0.00237442
1799	0.00243718
1800	0.0025
1801	0.00256282
1802	0.00262558
1803	0.00268822
1804	0.00275067
1805	0.00281287
1806	0.00287476
1807	0.00293629
1808	0.00299738
1809	0.00305798
1810	0.00311803
1811	0.00317748
1812	0.00323625
1813	0.0032943
1814	0.00335156
1815	0.00340798
1816	0.00346351
1817	0.00351808
1818	0.00357165
1819	0.00362417
1820	0.00367557
1821	0.00372581
1822	0.00377485
1823	0.00382262
1824	0.00386909
1825	0.00391421
1826	0.00395794
1827	0.00400022
1828	0.00404103
1829	0.00408031
1830	0.00411803
1831	0.00415416
1832	0.00418866
1833	0.00422148
1834	0.00425261
1835	0.00428201
1836	0.00430965
1837	0.00433551
1838	0.00435955
1839	0.00438176
1840	0.00440211
1841	0.00442059
1842	0.00443717
1843	0.00445183
1844	0.00446457
1845	0.00447538
1846	0.00448423
1847	0.00449112
1848	0.00449605
1849	0.00449901
1850	0.0045
1851	0.00449901
1852	0.00449605
1853	0.00449112
1854	0.00448423
1855	0.00447538
1856	0.00446457
1857	0.00445183
1858	0.00443717
1859	0.00442059
1860	0.00440211
1861	0.00438176
1862	0.00435955
1863	0.00433551
1864	0.00430965
1865	0.00428201
1866	0.00425261
1867	0.00422148
1868	0.00418866
1869	0.00415416
1870	0.00411803
1871	0.00408031
1872	0.00404103
1873	0.00400022
1874	0.00395794
1875	0.00391421
1876	0.00386909
1877	0.00382262
1878	0.00377485
1879	0.00372581
1880	0.00367557
1881	0.00362417
1882	0.00357165
1883	0.00351808
1884	0.00346351
1885	0.00340798
1886	0.00335156
1887	0.0032943
1888	0.00323625
1889	0.00317748
1890	0.00311803
1891	0.00305798
1892	0.00299738
1893	0.00293629
1894	0.00287476
1895	0.00281287
1896	0.00275067
1897	0.00268822
1898	0.00262558
1899	0.00256282
1900	0.0025
1901	0.00243718
1902	0.00237442
1903	0.00231178
1904	0.00224933
1905	0.00218713
1906	0.00212524
1907	0.00206371
1908	0.00200262
1909	0.00194202
1910	0.00188197
1911	0.00182252
1912	0.00176375
1913	0.0017057
1914	0.00164844
1915	0.00159202
1916	0.00153649
1917	0.00148192
1918	0.00142835
1919	0.00137583
1920	0.00132443
1921	0.00127419
1922	0.00122515
1923	0.00117738
1924	0.00113091
1925	0.00108579
1926	0.00104206
1927	0.000999778
1928	0.000958974
1929	0.00091969
1930	0.000881966
1931	0.000845839
1932	0.000811344
1933	0.000778516
1934	0.000747387
1935	0.000717987
1936	0.000690346
1937	0.000664491
1938	0.000640447
1939	0.000618238
1940	0.000597887
1941	0.000579413
1942	0.000562834
1943	0.000548166
1944	0.000535425
1945	0.000524623
1946	0.000515771
1947	0.000508876
1948	0.000503947
1949	0.000500987
1950	0.0005
1951	0.000500987
1952	0.000503947
1953	0.000508876
1954	0.000515771
1955	0.000524623
1956	0.000535425
1957	0.000548166
1958	0.000562834
1959	0.000579413
1960	0.000597887
1961	0.000618238
1962	0.000640447
1963	0.000664491
1964	0.000690346
1965	0.000717987
1966	0.000747387
1967	0.000778516
1968	0.000811344
1969	0.000845839
1970	0.000881966
1971	0.00091969
1972	0.000958974
1973	0.000999778
1974	0.00104206
1975	0.00108579
1976	0.00113091
1977	0.00117738
1978	0.00122515
1979	0.00127419
1980	0.00132443
1981	0.00137583
1982	0.00142835
1983	0.00148192
1984	0.00153649
1985	0.00159202
1986	0.00164844
1987	0.0017057
1988	0.00176375
1989	0.00182252
1990	0.00188197
1991	0.00194202
1992	0.00200262
1993	0.00206371
1994	0.00212524
1995	0.00218713
1996	0.00224933
1997	0.00231178
1998	0.00237442
1999	0.00243718
2000	0.0025
2001	0.00256282
2002	0.00262558
2003	0.00268822
2004	0.00275067
2005	0.00281287
2006	0.00287476
2007	0.00293629
2008	0.00299738
2009	0.00305798
2010	0.00311803
2011	0.00317748
2012	0.00323625
2013	0.0032943
2014	0.00335156
2015	0.00340798
2016	0.00346351
2017	0.00351808
2018	0.00357165
2019	0.00362417
2020	0.00367557
2021	0.00372581
2022	0.00377485
2023	0.00382262
2024	0.00386909
2025	0.00391421
2026	0.00395794
2027	0.00400022
2028	0.00404103
2029	0.00408031
2030	0.00411803
2031	0.00415416
2032	0.00418866
2033	0.00422148
2034	0.00425261
2035	0.00428201
2036	0.00430965
2037	0.00433551
2038	0.00435955
2039	0.00438176
2040	0.00440211
2041	0.00442059
2042	0.00443717
2043	0.00445183
2044	0.00446457
2045	0.00447538
2046	0.00448423
2047	0.00449112
2048	0.00449605
2049	0.00449901
2050	0.0045
2051	0.00449901
2052	0.00449605
2053	0.00449112
2054	0.00448423
2055	0.00447538
2056	0.00446457
2057	0.00445183
2058	0.00443717
2059	0.00442059
2060	0.00440211
2061	0.00438176
2062	0.00435955
2063	0.00433551
2064	0.00430965
2065	0.00428201
2066	0.00425261
2067	0.00422148
2068	0.00418866
2069	0.00415416
2070	0.00411803
2071	0.00408031
2072	0.00404103
2073	0.00400022
2074	0.00395794
2075	0.00391421
2076	0.00386909
2077	0.00382262
2078	0.00377485
2079	0.00372581
2080	0.00367557
2081	0.00362417
2082	0.00357165
2083	0.00351808
2084	0.00346351
2085	0.00340798
2086	0.00335156
2087	0.0032943
2088	0.00323625
2089	0.00317748
2090	0.00311803
2091	0.00305798
2092	0.00299738
2093	0.00293629
2094	0.00287476
2095	0.00281287
2096	0.00275067
2097	0.00268822
2098	0.00262558
2099	0.00256282
2100	0.0025
2101	0.00243718
2102	0.00237442
2103	0.00231178
2104	0.00224933
2105	0.00218713
2106	0.00212524
2107	0.00206371
2108	0.00200262
2109	0.00194202
2110	0.00188197
2111	0.00182252
2112	0.00176375
2113	0.0017057
2114	0.00164844
2115	0.00159202
2116	0.00153649
2117	0.00148192
2118	0.00142835
2119	0.00137583
2120	0.00132443
2121	0.00127419
2122	0.00122515
2123	0.00117738
2124	0.00113091
2125	0.00108579
2126	0.00104206
2127	0.000999778
2128	0.000958974
2129	0.00091969
2130	0.000881966
2131	0.000845839
2132	0.000811344
2133	0.000778516
2134	0.000747387
2135	0.000717987
2136	0.000690346
2137	0.000664491
2138	0.000640447
2139	0.000618238
2140	0.000597887
2141	0.000579413
2142	0.000562834
2143	0.000548166
2144	0.000535425
2145	0.000524623
2146	0.000515771
2147	0.000508876
2148	0.000503947
2149	0.000500987
2150	0.0005
2151	0.000500987
2152	0.000503947
2153	0.000508876
2154	0.000515771
2155	0.000524623
2156	0.000535425
2157	0.000548166
2158	0.000562834
2159	0.000579413
2160	0.000597887
2161	0.000618238
2162	0.000640447
2163	0.000664491
2164	0.000690346
2165	0.000717987
2166	0.000747387
2167	0.000778516
2168	0.000811344
2169	0.000845839
2170	0.000881966
2171	0.00091969
2172	0.000958974
2173	0.000999778
2174	0.00104206
2175	0.00108579
2176	0.00113091
2177	0.00117738
2178	0.00122515
2179	0.00127419
2180	0.00132443
2181	0.00137583
2182	0.00142835
2183	0.00148192
2184	0.00153649
2185	0.00159202
2186	0.00164844
2187	0.0017057
2188	0.00176375
2189	0.00182252
2190	0.00188197
2191	0.00194202
2192	0.00200262
2193	0.00206371
2194	0.00212524
2195	0.00218713
2196	0.00224933
2197	0.00231178
2198	0.00237442
2199	0.00243718
2200	0.0025
2201	0.00256282
2202	0.00262558
2203	0.00268822
2204	0.00275067
2205	0.00281287
2206	0.00287476
2207	0.00293629
2208	0.00299738
2209	0.00305798
2210	0.00311803
2211	0.00317748
2212	0.00323625
2213	0.0032943
2214	0.00335156
2215	0.00340798
2216	0.00346351
2217	0.00351808
2218	0.00357165
2219	0.00362417
2220	0.00367557
2221	0.00372581
2222	0.00377485
2223	0.00382262
2224	0.00386909
2225	0.00391421
2226	0.00395794
2227	0.00400022
2228	0.00404103
2229	0.00408031
2230	0.00411803
2231	0.00415416
2232	0.00418866
2233	0.00422148
2234	0.00425261
2235	0.00428201
2236	0.00430965
2237	0.00433551
2238	0.00435955
2239	0.00438176
2240	0.00440211
2241	0.00442059
2242	0.00443717
2243	0.00445183
2244	0.00446457
2245	0.00447538
2246	0.00448423
2247	0.00449112
2248	0.00449605
2249	0.00449901
2250	0.0045
2251	0.00449901
2252	0.00449605
2253	0.00449112
2254	0.00448423
2255	0.00447538
2256	0.00446457
2257	0.00445183
2258	0.00443717
2259	0.00442059
2260	0.00440211
2261	0.00438176
2262	0.00435955
2263	0.00433551
2264	0.00430965
2265	0.00428201
2266	0.00425261
2267	0.00422148
2268	0.00418866
2269	0.00415416
2270	0.00411803
2271	0.00408031
2272	0.00404103
2273	0.00400022
2274	0.00395794
2275	0.00391421
2276	0.00386909
2277	0.00382262
2278	0.00377485
2279	0.00372581
2280	0.00367557
2281	0.00362417
2282	0.00357165
2283	0.00351808
2284	0.00346351
2285	0.00340798
2286	0.00335156
2287	0.0032943
2288	0.00323625
2289	0.00317748
2290	0.00311803
2291	0.00305798
2292	0.00299738
2293	0.00293629
2294	0.00287476
2295	0.00281287
2296	0.00275067
2297	0.00268822
2298	0.00262558
2299	0.00256282
2300	0.0025
2301	0.00243718
2302	0.00237442
2303	0.00231178
2304	0.00224933
2305	0.00218713
2306	0.00212524
2307	0.00206371
2308	0.00200262
2309	0.00194202
2310	0.00188197
2311	0.00182252
2312	0.00176375
2313	0.0017057
2314	0.00164844
2315	0.00159202
2316	0.00153649
2317	0.00148192
2318	0.00142835
2319	0.00137583
2320	0.00132443
2321	0.00127419
2322	0.00122515
2323	0.00117738
2324	0.00113091
2325	0.00108579
2326	0.00104206
2327	0.000999778
2328	0.000958974
2329	0.00091969
2330	0.000881966
2331	0.000845839
2332	0.000811344
2333	0.000778516
2334	0.000747387
2335	0.000717987
2336	0.000690346
2337	0.000664491
2338	0.000640447
2339	0.000618238
2340	0.000597887
2341	0.000579413
2342	0.000562834
2343	0.000548166
2344	0.000535425
2345	0.000524623
2346	0.000515771
2347	0.000508876
2348	0.000503947
2349	0.000500987
2350	0.0005
2351	0.000500987
2352	0.000503947
2353	0.000508876
2354	0.000515771
2355	0.000524623
2356	0.000535425
2357	0.000548166
2358	0.000562834
2359	0.000579413
2360	0.000597887
2361	0.000618238
2362	0.000640447
2363	0.000664491
2364	0.000690346
2365	0.000717987
2366	0.000747387
2367	0.000778516
2368	0.000811344
2369	0.000845839
2370	0.000881966
2371	0.00091969
2372	0.000958974
2373	0.000999778
2374	0.00104206
2375	0.00108579
2376	0.00113091
2377	0.00117738
2378	0.00122515
2379	0.00127419
2380	0.00132443
2381	0.00137583
2382	0.00142835
2383	0.00148192
2384	0.00153649
2385	0.00159202
2386	0.00164844
2387	0.0017057
2388	0.00176375
2389	0.00182252
2390	0.00188197
2391	0.00194202
2392	0.00200262
2393	0.00206371
2394	0.00212524
2395	0.00218713
2396	0.00224933
2397	0.00231178
2398	0.00237442
2399	0.00243718
2400	0.0025
2401	0.00256282
2402	0.00262558
2403	0.00268822
2404	0.00275067
2405	0.00281287
2406	0.00287476
2407	0.00293629
2408	0.00299738
2409	0.00305798
2410	0.00311803
2411	0.00317748
2412	0.00323625
2413	0.0032943
2414	0.00335156
2415	0.00340798
2416	0.00346351
2417	0.00351808
2418	0.00357165
2419	0.00362417
2420	0.00367557
2421	0.00372581
2422	0.00377485
2423	0.00382262
2424	0.00386909
2425	0.00391421
2426	0.00395794
2427	0.00400022
2428	0.00404103
2429	0.00408031
2430	0.00411803
2431	0.00415416
2432	0.00418866
2433	0.00422148
2434	0.00425261
2435	0.00428201
2436	0.00430965
2437	0.00433551
2438	0.00435955
2439	0.00438176
2440	0.00440211
2441	0.00442059
2442	0.00443717
2443	0.00445183
2444	0.00446457
2445	0.00447538
2446	0.00448423
2447	0.00449112
2448	0.00449605
2449	0.00449901
2450	0.0045
2451	0.00449901
2452	0.00449605
2453	0.00449112
2454	0.00448423
2455	0.00447538
2456	0.00446457
2457	0.00445183
2458	0.00443717
2459	0.00442059
2460	0.00440211
2461	0.00438176
2462	0.00435955
2463	0.00433551
2464	0.00430965
2465	0.00428201
2466	0.00425261
2467	0.00422148
2468	0.00418866
2469	0.00415416
2470	0.00411803
2471	0.00408031
2472	0.00404103
2473	0.00400022
2474	0.00395794
2475	0.00391421
2476	0.00386909
2477	0.00382262
2478	0.00377485
2479	0.00372581
2480	0.00367557
2481	0.00362417
2482	0.00357165
2483	0.00351808
2484	0.00346351
2485	0.00340798
2486	0.00335156
2487	0.0032943
2488	0.00323625
2489	0.00317748
2490	0.00311803
2491	0.00305798
2492	0.00299738
2493	0.00293629
2494	0.00287476
2495	0.00281287
2496	0.00275067
2497	0.00268822
2498	0.00262558
2499	0.00256282
2500	0.0025
2501	0.00243718
2502	0.00237442
2503	0.00231178
2504	0.00224933
2505	0.00218713
2506	0.00212524
2507	0.00206371
2508	0.00200262
2509	0.00194202
2510	0.00188197
2511	0.00182252
2512	0.00176375
2513	0.0017057
2514	0.00164844
2515	0.00159202
2516	0.00153649
2517	0.00148192
2518	0.00142835
2519	0.00137583
2520	0.00132443
2521	0.00127419
2522	0.00122515
2523	0.00117738
2524	0.00113091
2525	0.00108579
2526	0.00104206
2527	0.000999778
2528	0.000958974
2529	0.00091969
2530	0.000881966
2531	0.000845839
2532	0.000811344
2533	0.000778516
2534	0.000747387
2535	0.000717987
2536	0.000690346
2537	0.000664491
2538	0.000640447
2539	0.000618238
2540	0.000597887
2541	0.000579413
2542	0.000562834
2543	0.000548166
2544	0.000535425
2545	0.000524623
2546	0.000515771
2547	0.000508876
2548	0.000503947
2549	0.000500987
2550	0.0005
2551	0.000500987
2552	0.000503947
2553	0.000508876
2554	0.000515771
2555	0.000524623
2556	0.000535425
2557	0.000548166
2558	0.000562834
2559	0.000579413
2560	0.000597887
2561	0.000618238
2562	0.000640447
2563	0.000664491
2564	0.000690346
2565	0.000717987
2566	0.000747387
2567	0.000778516
2568	0.000811344
2569	0.000845839
2570	0.000881966
2571	0.00091969
2572	0.000958974
2573	0.000999778
2574	0.00104206
2575	0.00108579
2576	0.00113091
2577	0.00117738
2578	0.00122515
2579	0.00127419
2580	0.00132443
2581	0.00137583
2582	0.00142835
2583	0.00148192
2584	0.00153649
2585	0.00159202
2586	0.00164844
2587	0.0017057
2588	0.00176375
2589	0.00182252
2590	0.00188197
2591	0.00194202
2592	0.00200262
2593	0.00206371
2594	0.00212524
2595	0.00218713
2596	0.00224933
2597	0.00231178
2598	0.00237442
2599	0.00243718
2600	0.0025
2601	0.00256282
2602	0.00262558
2603	0.00268822
2604	0.00275067
2605	0.00281287
2606	0.00287476
2607	0.00293629
2608	0.00299738
2609	0.00305798
2610	0.00311803
2611	0.00317748
2612	0.00323625
2613	0.0032943
2614	0.00335156
2615	0.00340798
2616	0.00346351
2617	0.00351808
2618	0.00357165
2619	0.00362417
2620	0.00367557
2621	0.00372581
2622	0.00377485
2623	0.00382262
2624	0.00386909
2625	0.00391421
2626	0.00395794
2627	0.00400022
2628	0.00404103
2629	0.00408031
2630	0.00411803
2631	0.00415416
2632	0.00418866
2633	0.00422148
2634	0.00425261
2635	0.00428201
2636	0.00430965
2637	0.00433551
2638	0.00435955
2639	0.00438176
2640	0.00440211
2641	0.00442059
2642	0.00443717
2643	0.00445183
2644	0.00446457
2645	0.00447538
2646	0.00448423
2647	0.00449112
2648	0.00449605
2649	0.00449901
2650	0.0045
2651	0.00449901
2652	0.00449605
2653	0.00449112
2654	0.00448423
2655	0.00447538
2656	0.00446457
2657	0.00445183
2658	0.00443717
2659	0.00442059
2660	0.00440211
2661	0.00438176
2662	0.00435955
2663	0.00433551
2664	0.00430965
2665	0.00428201
2666	0.00425261
2667	0.00422148
2668	0.00418866
2669	0.00415416
2670	0.00411803
2671	0.00408031
2672	0.00404103
2673	0.00400022
2674	0.00395794
2675	0.00391421
2676	0.00386909
2677	0.00382262
2678	0.00377485
2679	0.00372581
2680	0.00367557
2681	0.00362417
2682	0.00357165
2683	0.00351808
2684	0.00346351
2685	0.00340798
2686	0.00335156
2687	0.0032943
2688	0.00323625
2689	0.00317748
2690	0.00311803
2691	0.00305798
2692	0.00299738
2693	0.00293629
2694	0.00287476
2695	0.00281287
2696	0.00275067
2697	0.00268822
2698	0.00262558
2699	0.00256282
2700	0.0025
2701	0.00243718
2702	0.00237442
2703	0.00231178
2704	0.00224933
2705	0.00218713
2706	0.00212524
2707	0.00206371
2708	0.00200262
2709	0.00194202
2710	0.00188197
2711	0.00182252
2712	0.00176375
2713	0.0017057
2714	0.00164844
2715	0.00159202
2716	0.00153649
2717	0.00148192
2718	0.00142835
2719	0.00137583
2720	0.00132443
2721	0.00127419
2722	0.00122515
2723	0.00117738
2724	0.00113091
2725	0.00108579
2726	0.00104206
2727	0.000999778
2728	0.000958974
2729	0.00091969
2730	0.000881966
2731	0.000845839
2732	0.000811344
2733	0.000778516
2734	0.000747387
2735	0.000717987
2736	0.000690346
2737	0.000664491
2738	0.000640447
2739	0.000618238
2740	0.000597887
2741	0.000579413
2742	0.000562834
2743	0.000548166
2744	0.000535425
2745	0.000524623
2746	0.000515771
2747	0.000508876
2748	0.000503947
2749	0.000500987
2750	0.0005
2751	0.000500987
2752	0.000503947
2753	0.000508876
2754	0.000515771
2755	0.000524623
2756	0.000535425
2757	0.000548166
2758	0.000562834
2759	0.000579413
2760	0.000597887
2761	0.000618238
2762	0.000640447
2763	0.000664491
2764	0.000690346
2765	0.000717987
2766	0.000747387
2767	0.000778516
2768	0.000811344
2769	0.000845839
2770	0.000881966
2771	0.00091969
2772	0.000958974
2773	0.000999778
2774	0.00104206
2775	0.00108579
2776	0.00113091
2777	0.00117738
2778	0.00122515
2779	0.00127419
2780	0.00132443
2781	0.00137583
2782	0.00142835
2783	0.00148192
2784	0.00153649
2785	0.00159202
2786	0.00164844
2787	0.0017057
2788	0.00176375
2789	0.00182252
2790	0.00188197
2791	0.00194202
2792	0.00200262
2793	0.00206371
2794	0.00212524
2795	0.00218713
2796	0.00224933
2797	0.00231178
2798	0.00237442
2799	0.00243718
2800	0.0025
2801	0.00256282
2802	0.00262558
2803	0.00268822
2804	0.00275067
2805	0.00281287
2806	0.00287476
2807	0.00293629
2808	0.00299738
2809	0.00305798
2810	0.00311803
2811	0.00317748
2812	0.00323625
2813	0.0032943
2814	0.00335156
2815	0.00340798
2816	0.00346351
2817	0.00351808
2818	0.00357165
2819	0.00362417
2820	0.00367557
2821	0.00372581
2822	0.00377485
2823	0.00382262
2824	0.00386909
2825	0.00391421
2826	0.00395794
2827	0.00400022
2828	0.00404103
2829	0.00408031
2830	0.00411803
2831	0.00415416
2832	0.00418866
2833	0.00422148
2834	0.00425261
2835	0.00428201
2836	0.00430965
2837	0.00433551
2838	0.00435955
2839	0.00438176
2840	0.00440211
2841	0.00442059
2842	0.00443717
2843	0.00445183
2844	0.00446457
2845	0.00447538
2846	0.00448423
2847	0.00449112
2848	0.00449605
2849	0.00449901
2850	0.0045
2851	0.00449901
2852	0.00449605
2853	0.00449112
2854	0.00448423
2855	0.00447538
2856	0.00446457
2857	0.00445183
2858	0.00443717
2859	0.00442059
2860	0.00440211
2861	0.00438176
2862	0.00435955
2863	0.00433551
2864	0.00430965
2865	0.00428201
2866	0.00425261
2867	0.00422148
2868	0.00418866
2869	0.00415416
2870	0.00411803
2871	0.00408031
2872	0.00404103
2873	0.00400022
2874	0.00395794
2875	0.00391421
2876	0.00386909
2877	0.00382262
2878	0.00377485
2879	0.00372581
2880	0.00367557
2881	0.00362417
2882	0.00357165
2883	0.00351808
2884	0.00346351
2885	0.00340798
2886	0.00335156
2887	0.0032943
2888	0.00323625
2889	0.00317748
2890	0.00311803
2891	0.00305798
2892	0.00299738
2893	0.00293629
2894	0.00287476
2895	0.00281287
2896	0.00275067
2897	0.00268822
2898	0.00262558
2899	0.00256282
2900	0.0025
2901	0.00243718
2902	0.00237442
2903	0.00231178
2904	0.00224933
2905	0.00218713
2906	0.00212524
2907	0.00206371
2908	0.00200262
2909	0.00194202
2910	0.00188197
2911	0.00182252
2912	0.00176375
2913	0.0017057
2914	0.00164844
2915	0.00159202
2916	0.00153649
2917	0.00148192
2918	0.00142835
2919	0.00137583
2920	0.00132443
2921	0.00127419
2922	0.00122515
2923	0.00117738
2924	0.00113091
2925	0.00108579
2926	0.00104206
2927	0.000999778
2928	0.000958974
2929	0.00091969
2930	0.000881966
2931	0.000845839
2932	0.000811344
2933	0.000778516
2934	0.000747387
2935	0.000717987
2936	0.000690346
2937	0.000664491
2938	0.000640447
2939	0.000618238
2940	0.000597887
2941	0.000579413
2942	0.000562834
2943	0.000548166
2944	0.000535425
2945	0.000524623
2946	0.000515771
2947	0.000508876
2948	0.000503947
2949	0.000500987
2950	0.0005
2951	0.000500987
2952	0.000503947
2953	0.000508876
2954	0.000515771
2955	0.000524623
2956	0.000535425
2957	0.000548166
2958	0.000562834
2959	0.000579413
2960	0.000597887
2961	0.000618238
2962	0.000640447
2963	0.000664491
2964	0.000690346
2965	0.000717987
2966	0.000747387
2967	0.000778516
2968	0.000811344
2969	0.000845839
2970	0.000881966
2971	0.00091969
2972	0.000958974
2973	0.000999778
2974	0.00104206
2975	0.00108579
2976	0.00113091
2977	0.00117738
2978	0.00122515
2979	0.00127419
2980	0.00132443
2981	0.00137583
2982	0.00142835
2983	0.00148192
2984	0.00153649
2985	0.00159202
2986	0.00164844
2987	0.0017057
2988	0.00176375
2989	0.00182252
2990	0.00188197
2991	0.00194202
2992	0.00200262
2993	0.00206371
2994	0.00212524
2995	0.00218713
2996	0.00224933
2997	0.00231178
2998	0.00237442
2999	0.00243718
3000	0.0025
3001	0.00256282
3002	0.00262558
3003	0.00268822
3004	0.00275067
3005	0.00281287
3006	0.00287476
3007	0.00293629
3008	0.00299738
3009	0.00305798
3010	0.00311803
3011	0.00317748
3012	0.00323625
3013	0.0032943
3014	0.00335156
3015	0.00340798
3016	0.00346351
3017	0.00351808
3018	0.00357165
3019	0.00362417
3020	0.00367557
3021	0.00372581
3022	0.00377485
3023	0.00382262
3024	0.00386909
3025	0.00391421
3026	0.00395794
3027	0.00400022
3028	0.00404103
3029	0.00408031
3030	0.00411803
3031	0.00415416
3032	0.00418866
3033	0.00422148
3034	0.00425261
3035	0.00428201
3036	0.00430965
3037	0.00433551
3038	0.00435955
3039	0.00438176
3040	0.00440211
3041	0.00442059
3042	0.00443717
3043	0.00445183
3044	0.00446457
3045	0.00447538
3046	0.00448423
3047	0.00449112
3048	0.00449605
3049	0.00449901
3050	0.0045
3051	0.00449901
3052	0.00449605
3053	0.00449112
3054	0.00448423
3055	0.00447538
3056	0.00446457
3057	0.00445183
3058	0.00443717
3059	0.00442059
3060	0.00440211
3061	0.00438176
3062	0.00435955
3063	0.00433551
3064	0.00430965
3065	0.00428201
3066	0.00425261
3067	0.00422148
3068	0.00418866
3069	0.00415416
3070	0.00411803
3071	0.00408031
3072	0.00404103
3073	0.00400022
3074	0.00395794
3075	0.00391421
3076	0.00386909
3077	0.00382262
3078	0.00377485
3079	0.00372581
3080	0.00367557
3081	0.00362417
3082	0.00357165
3083	0.00351808
3084	0.00346351
3085	0.00340798
3086	0.00335156
3087	0.0032943
3088	0.00323625
3089	0.00317748
3090	0.00311803
3091	0.00305798
3092	0.00299738
3093	0.00293629
3094	0.00287476
3095	0.00281287
3096	0.00275067
3097	0.00268822
3098	0.00262558
3099	0.00256282
3100	0.0025
3101	0.00243718
3102	0.00237442
3103	0.00231178
3104	0.00224933
3105	0.00218713
3106	0.00212524
3107	0.00206371
3108	0.00200262
3109	0.00194202
3110	0.00188197
3111	0.00182252
3112	0.00176375
3113	0.0017057
3114	0.00164844
3115	0.00159202
3116	0.00153649
3117	0.00148192
3118	0.00142835
3119	0.00137583
3120	0.00132443
3121	0.00127419
3122	0.00122515
3123	0.00117738
3124	0.00113091
3125	0.00108579
3126	0.00104206
3127	0.000999778
3128	0.000958974
3129	0.00091969
3130	0.000881966
3131	0.000845839
3132	0.000811344
3133	0.000778516
3134	0.000747387
3135	0.000717987
3136	0.000690346
3137	0.000664491
3138	0.000640447
3139	0.000618238
3140	0.000597887
3141	0.000579413
3142	0.000562834
3143	0.000548166
3144	0.000535425
3145	0.000524623
3146	0.000515771
3147	0.000508876
3148	0.000503947
3149	0.000500987
3150	0.0005
3151	0.000500987
3152	0.000503947
3153	0.000508876
3154	0.000515771
3155	0.000524623
3156	0.000535425
3157	0.000548166
3158	0.000562834
3159	0.000579413
3160	0.000597887
3161	0.000618238
3162	0.000640447
3163	0.000664491
3164	0.000690346
3165	0.000717987
3166	0.000747387
3167	0.000778516
3168	0.000811344
3169	0.000845839
3170	0.000881966
3171	0.00091969
3172	0.000958974
3173	0.000999778
3174	0.00104206
3175	0.00108579
3176	0.00113091
3177	0.00117738
3178	0.00122515
3179	0.00127419
3180	0.00132443
3181	0.00137583
3182	0.00142835
3183	0.00148192
3184	0.00153649
3185	0.00159202
3186	0.00164844
3187	0.0017057
3188	0.00176375
3189	0.00182252
3190	0.00188197
3191	0.00194202
3192	0.00200262
3193	0.00206371
3194	0.00212524
3195	0.00218713
3196	0.00224933
3197	0.00231178
3198	0.00237442
3199	0.00243718
3200	0.0025
3201	0.00256282
3202	0.00262558
3203	0.00268822
3204	0.00275067
3205	0.00281287
3206	0.00287476
3207	0.00293629
3208	0.00299738
3209	0.00305798
3210	0.00311803
3211	0.00317748
3212	0.00323625
3213	0.0032943
3214	0.00335156
3215	0.00340798
3216	0.00346351
3217	0.00351808
3218	0.00357165
3219	0.00362417
3220	0.00367557
3221	0.00372581
3222	0.00377485
3223	0.00382262
3224	0.00386909
3225	0.00391421
3226	0.00395794
3227	0.00400022
3228	0.00404103
3229	0.00408031
3230	0.00411803
3231	0.00415416
3232	0.00418866
3233	0.00422148
3234	0.00425261
3235	0.00428201
3236	0.00430965
3237	0.00433551
3238	0.00435955
3239	0.00438176
3240	0.00440211
3241	0.00442059
3242	0.00443717
3243	0.00445183
3244	0.00446457
3245	0.00447538
3246	0.00448423
3247	0.00449112
3248	0.00449605
3249	0.00449901
3250	0.0045
3251	0.00449901
3252	0.00449605
3253	0.00449112
3254	0.00448423
3255	0.00447538
3256	0.00446457
3257	0.00445183
3258	0.00443717
3259	0.00442059
3260	0.00440211
3261	0.00438176
3262	0.00435955
3263	0.00433551
3264	0.00430965
3265	0.00428201
3266	0.00425261
3267	0.00422148
3268	0.00418866
3269	0.00415416
3270	0.00411803
3271	0.00408031
3272	0.00404103
3273	0.00400022
3274	0.00395794
3275	0.00391421
3276	0.00386909
3277	0.00382262
3278	0.00377485
3279	0.00372581
3280	0.00367557
3281	0.00362417
3282	0.00357165
3283	0.00351808
3284	0.00346351
3285	0.00340798
3286	0.00335156
3287	0.0032943
3288	0.00323625
3289	0.00317748
3290	0.00311803
3291	0.00305798
3292	0.00299738
3293	0.00293629
3294	0.00287476
3295	0.00281287
3296	0.00275067
3297	0.00268822
3298	0.00262558
3299	0.00256282
3300	0.0025
3301	0.00243718
3302	0.00237442
3303	0.00231178
3304	0.00224933
3305	0.00218713
3306	0.00212524
3307	0.00206371
3308	0.00200262
3309	0.00194202
3310	0.00188197
3311	0.00182252
3312	0.00176375
3313	0.0017057
3314	0.00164844
3315	0.00159202
3316	0.00153649
3317	0.00148192
3318	0.00142835
3319	0.00137583
3320	0.00132443
3321	0.00127419
3322	0.00122515
3323	0.00117738
3324	0.00113091
3325	0.00108579
3326	0.00104206
3327	0.000999778
3328	0.000958974
3329	0.00091969
3330	0.000881966
3331	0.000845839
3332	0.000811344
3333	0.000778516
3334	0.000747387
3335	0.000717987
3336	0.000690346
3337	0.000664491
3338	0.000640447
3339	0.000618238
3340	0.000597887
3341	0.000579413
3342	0.000562834
3343	0.000548166
3344	0.000535425
3345	0.000524623
3346	0.000515771
3347	0.000508876
3348	0.000503947
3349	0.000500987
3350	0.0005
3351	0.000500987
3352	0.000503947
3353	0.000508876
3354	0.000515771
3355	0.000524623
3356	0.000535425
3357	0.000548166
3358	0.000562834
3359	0.000579413
3360	0.000597887
3361	0.000618238
3362	0.000640447
3363	0.000664491
3364	0.000690346
3365	0.000717987
3366	0.000747387
3367	0.000778516
3368	0.000811344
3369	0.000845839
3370	0.000881966
3371	0.00091969
3372	0.000958974
3373	0.000999778
3374	0.00104206
3375	0.00108579
3376	0.00113091
3377	0.00117738
3378	0.00122515
3379	0.00127419
3380	0.00132443
3381	0.00137583
3382	0.00142835
3383	0.00148192
3384	0.00153649
3385	0.00159202
3386	0.00164844
3387	0.0017057
3388	0.00176375
3389	0.00182252
3390	0.00188197
3391	0.00194202
3392	0.00200262
3393	0.00206371
3394	0.00212524
3395	0.00218713
3396	0.00224933
3397	0.00231178
3398	0.00237442
3399	0.00243718
3400	0.0025
3401	0.00256282
3402	0.00262558
3403	0.00268822
3404	0.00275067
3405	0.00281287
3406	0.00287476
3407	0.00293629
3408	0.00299738
3409	0.00305798
3410	0.00311803
3411	0.00317748
3412	0.00323625
3413	0.0032943
3414	0.00335156
3415	0.00340798
3416	0.00346351
3417	0.00351808
3418	0.00357165
3419	0.00362417
3420	0.00367557
3421	0.00372581
3422	0.00377485
3423	0.00382262
3424	0.00386909
3425	0.00391421
3426	0.00395794
3427	0.00400022
3428	0.00404103
3429	0.00408031
3430	0.00411803
3431	0.00415416
3432	0.00418866
3433	0.00422148
3434	0.00425261
3435	0.00428201
3436	0.00430965
3437	0.00433551
3438	0.00435955
3439	0.00438176
3440	0.00440211
3441	0.00442059
3442	0.00443717
3443	0.00445183
3444	0.00446457
3445	0.00447538
3446	0.00448423
3447	0.00449112
3448	0.00449605
3449	0.00449901
3450	0.0045
3451	0.00449901
3452	0.00449605
3453	0.00449112
3454	0.00448423
3455	0.00447538
3456	0.00446457
3457	0.00445183
3458	0.00443717
3459	0.00442059
3460	0.00440211
3461	0.00438176
3462	0.00435955
3463	0.00433551
3464	0.00430965
3465	0.00428201
3466	0.00425261
3467	0.00422148
3468	0.00418866
3469	0.00415416
3470	0.00411803
3471	0.00408031
3472	0.00404103
3473	0.00400022
3474	0.00395794
3475	0.00391421
3476	0.00386909
3477	0.00382262
3478	0.00377485
3479	0.00372581
3480	0.00367557
3481	0.00362417
3482	0.00357165
3483	0.00351808
3484	0.00346351
3485	0.00340798
3486	0.00335156
3487	0.0032943
3488	0.00323625
3489	0.00317748
3490	0.00311803
3491	0.00305798
3492	0.00299738
3493	0.00293629
3494	0.00287476
3495	0.00281287
3496	0.00275067
3497	0.00268822
3498	0.00262558
3499	0.00256282
3500	0.0025
3501	0.00243718
3502	0.00237442
3503	0.00231178
3504	0.00224933
3505	0.00218713
3506	0.00212524
3507	0.00206371
3508	0.00200262
3509	0.00194202
3510	0.00188197
3511	0.00182252
3512	0.00176375
3513	0.0017057
3514	0.00164844
3515	0.00159202
3516	0.00153649
3517	0.00148192
3518	0.00142835
3519	0.00137583
3520	0.00132443
3521	0.00127419
3522	0.00122515
3523	0.00117738
3524	0.00113091
3525	0.00108579
3526	0.00104206
3527	0.000999778
3528	0.000958974
3529	0.00091969
3530	0.000881966
3531	0.000845839
3532	0.000811344
3533	0.000778516
3534	0.000747387
3535	0.000717987
3536	0.000690346
3537	0.000664491
3538	0.000640447
3539	0.000618238
3540	0.000597887
3541	0.000579413
3542	0.000562834
3543	0.000548166
3544	0.000535425
3545	0.000524623
3546	0.000515771
3547	0.000508876
3548	0.000503947
3549	0.000500987
3550	0.0005
3551	0.000500987
3552	0.000503947
3553	0.000508876
3554	0.000515771
3555	0.000524623
3556	0.000535425
3557	0.000548166
3558	0.000562834
3559	0.000579413
3560	0.000597887
3561	0.000618238
3562	0.000640447
3563	0.000664491
3564	0.000690346
3565	0.000717987
3566	0.000747387
3567	0.000778516
3568	0.000811344
3569	0.000845839
3570	0.000881966
3571	0.00091969
3572	0.000958974
3573	0.000999778
3574	0.00104206
3575	0.00108579
3576	0.00113091
3577	0.00117738
3578	0.00122515
3579	0.00127419
3580	0.00132443
3581	0.00137583
3582	0.00142835
3583	0.00148192
3584	0.00153649
3585	0.00159202
3586	0.00164844
3587	0.0017057
3588	0.00176375
3589	0.00182252
3590	0.00188197
3591	0.00194202
3592	0.00200262
3593	0.00206371
3594	0.00212524
3595	0.00218713
3596	0.00224933
3597	0.00231178
3598	0.00237442
3599	0.00243718
3600	0.0025
3601	0.00256282
3602	0.00262558
3603	0.00268822
3604	0.00275067
3605	0.00281287
3606	0.00287476
3607	0.00293629
3608	0.00299738
3609	0.00305798
3610	0.00311803
3611	0.00317748
3612	0.00323625
3613	0.0032943
3614	0.00335156
3615	0.00340798
3616	0.00346351
3617	0.00351808
3618	0.00357165
3619	0.00362417
3620	0.00367557
3621	0.00372581
3622	0.00377485
3623	0.00382262
3624	0.00386909
3625	0.00391421
3626	0.00395794
3627	0.00400022
3628	0.00404103
3629	0.00408031
3630	0.00411803
3631	0.00415416
3632	0.00418866
3633	0.00422148
3634	0.00425261
3635	0.00428201
3636	0.00430965
3637	0.00433551
3638	0.00435955
3639	0.00438176
3640	0.00440211
3641	0.00442059
3642	0.00443717
3643	0.00445183
3644	0.00446457
3645	0.00447538
3646	0.00448423
3647	0.00449112
3648	0.00449605
3649	0.00449901
3650	0.0045
3651	0.00449901
3652	0.00449605
3653	0.00449112
3654	0.00448423
3655	0.00447538
3656	0.00446457
3657	0.00445183
3658	0.00443717
3659	0.00442059
3660	0.00440211
3661	0.00438176
3662	0.00435955
3663	0.00433551
3664	0.00430965
3665	0.00428201
3666	0.00425261
3667	0.00422148
3668	0.00418866
3669	0.00415416
3670	0.00411803
3671	0.00408031
3672	0.00404103
3673	0.00400022
3674	0.00395794
3675	0.00391421
3676	0.00386909
3677	0.00382262
3678	0.00377485
3679	0.00372581
3680	0.00367557
3681	0.00362417
3682	0.00357165
3683	0.00351808
3684	0.00346351
3685	0.00340798
3686	0.00335156
3687	0.0032943
3688	0.00323625
3689	0.00317748
3690	0.00311803
3691	0.00305798
3692	0.00299738
3693	0.00293629
3694	0.00287476
3695	0.00281287
3696	0.00275067
3697	0.00268822
3698	0.00262558
3699	0.00256282
3700	0.0025
3701	0.00243718
3702	0.00237442
3703	0.00231178
3704	0.00224933
3705	0.00218713
3706	0.00212524
3707	0.00206371
3708	0.00200262
3709	0.00194202
3710	0.00188197
3711	0.00182252
3712	0.00176375
3713	0.0017057
3714	0.00164844
3715	0.00159202
3716	0.00153649
3717	0.00148192
3718	0.00142835
3719	0.00137583
3720	0.00132443
3721	0.00127419
3722	0.00122515
3723	0.00117738
3724	0.00113091
3725	0.00108579
3726	0.00104206
3727	0.000999778
3728	0.000958974
3729	0.00091969
3730	0.000881966
3731	0.000845839
3732	0.000811344
3733	0.000778516
3734	0.000747387
3735	0.000717987
3736	0.000690346
3737	0.000664491
3738	0.000640447
3739	0.000618238
3740	0.000597887
3741	0.000579413
3742	0.000562834
3743	0.000548166
3744	0.000535425
3745	0.000524623
3746	0.000515771
3747	0.000508876
3748	0.000503947
3749	0.000500987
3750	0.0005
3751	0.000500987
3752	0.000503947
3753	0.000508876
3754	0.000515771
3755	0.000524623
3756	0.000535425
3757	0.000548166
3758	0.000562834
3759	0.000579413
3760	0.000597887
3761	0.000618238
3762	0.000640447
3763	0.000664491
3764	0.000690346
3765	0.000717987
3766	0.000747387
3767	0.000778516
3768	0.000811344
3769	0.000845839
3770	0.000881966
3771	0.00091969
3772	0.000958974
3773	0.000999778
3774	0.00104206
3775	0.00108579
3776	0.00113091
3777	0.00117738
3778	0.00122515
3779	0.00127419
3780	0.00132443
3781	0.00137583
3782	0.00142835
3783	0.00148192
3784	0.00153649
3785	0.00159202
3786	0.00164844
3787	0.0017057
3788	0.00176375
3789	0.00182252
3790	0.00188197
3791	0.00194202
3792	0.00200262
3793	0.00206371
3794	0.00212524
3795	0.00218713
3796	0.00224933
3797	0.00231178
3798	0.00237442
3799	0.00243718
3800	0.0025
3801	0.00256282
3802	0.00262558
3803	0.00268822
3804	0.00275067
3805	0.00281287
3806	0.00287476
3807	0.00293629
3808	0.00299738
3809	0.00305798
3810	0.00311803
3811	0.00317748
3812	0.00323625
3813	0.0032943
3814	0.00335156
3815	0.00340798
3816	0.00346351
3817	0.00351808
3818	0.00357165
3819	0.00362417
3820	0.00367557
3821	0.00372581
3822	0.00377485
3823	0.00382262
3824	0.00386909
3825	0.00391421
3826	0.00395794
3827	0.00400022
3828	0.00404103
3829	0.00408031
3830	0.00411803
3831	0.00415416
3832	0.00418866
3833	0.00422148
3834	0.00425261
3835	0.00428201
3836	0.00430965
3837	0.00433551
3838	0.00435955
3839	0.00438176
3840	0.00440211
3841	0.00442059
3842	0.00443717
3843	0.00445183
3844	0.00446457
3845	0.00447538
3846	0.00448423
3847	0.00449112
3848	0.00449605
3849	0.00449901
3850	0.0045
3851	0.00449901
3852	0.00449605
3853	0.00449112
3854	0.00448423
3855	0.00447538
3856	0.00446457
3857	0.00445183
3858	0.00443717
3859	0.00442059
3860	0.00440211
3861	0.00438176
3862	0.00435955
3863	0.00433551
3864	0.00430965
3865	0.00428201
3866	0.00425261
3867	0.00422148
3868	0.00418866
3869	0.00415416
3870	0.00411803
3871	0.00408031
3872	0.00404103
3873	0.00400022
3874	0.00395794
3875	0.00391421
3876	0.00386909
3877	0.00382262
3878	0.00377485
3879	0.00372581
3880	0.00367557
3881	0.00362417
3882	0.00357165
3883	0.00351808
3884	0.00346351
3885	0.00340798
3886	0.00335156
3887	0.0032943
3888	0.00323625
3889	0.00317748
3890	0.00311803
3891	0.00305798
3892	0.00299738
3893	0.00293629
3894	0.00287476
3895	0.00281287
3896	0.00275067
3897	0.00268822
3898	0.00262558
3899	0.00256282
3900	0.0025
3901	0.00243718
3902	0.00237442
3903	0.00231178
3904	0.00224933
3905	0.00218713
3906	0.00212524
3907	0.00206371
3908	0.00200262
3909	0.00194202
3910	0.00188197
3911	0.00182252
3912	0.00176375
3913	0.0017057
3914	0.00164844
3915	0.00159202
3916	0.00153649
3917	0.00148192
3918	0.00142835
3919	0.00137583
3920	0.00132443
3921	0.00127419
3922	0.00122515
3923	0.00117738
3924	0.00113091
3925	0.00108579
3926	0.00104206
3927	0.000999778
3928	0.000958974
3929	0.00091969
3930	0.000881966
3931	0.000845839
3932	0.000811344
3933	0.000778516
3934	0.000747387
3935	0.000717987
3936	0.000690346
3937	0.000664491
3938	0.000640447
3939	0.000618238
3940	0.000597887
3941	0.000579413
3942	0.000562834
3943	0.000548166
3944	0.000535425
3945	0.000524623
3946	0.000515771
3947	0.000508876
3948	0.000503947
3949	0.000500987
3950	0.0005
3951	0.000500987
3952	0.000503947
3953	0.000508876
3954	0.000515771
3955	0.000524623
3956	0.000535425
3957	0.000548166
3958	0.000562834
3959	0.000579413
3960	0.000597887
3961	0.000618238
3962	0.000640447
3963	0.000664491
3964	0.000690346
3965	0.000717987
3966	0.000747387
3967	0.000778516
3968	0.000811344
3969	0.000845839
3970	0.000881966
3971	0.00091969
3972	0.000958974
3973	0.000999778
3974	0.00104206
3975	0.00108579
3976	0.00113091
3977	0.00117738
3978	0.00122515
3979	0.00127419
3980	0.00132443
3981	0.00137583
3982	0.00142835
3983	0.00148192
3984	0.00153649
3985	0.00159202
3986	0.00164844
3987	0.0017057
3988	0.00176375
3989	0.00182252
3990	0.00188197
3991	0.00194202
3992	0.00200262
3993	0.00206371
3994	0.00212524
3995	0.00218713
3996	0.00224933
3997	0.00231178
3998	0.00237442
3999	0.00243718
4000	0.0025
4001	0.00256282
4002	0.00262558
4003	0.00268822
4004	0.00275067
4005	0.00281287
4006	0.00287476
4007	0.00293629
4008	0.00299738
4009	0.00305798
4010	0.00311803
4011	0.00317748
4012	0.00323625
4013	0.0032943
4014	0.00335156
4015	0.00340798
4016	0.00346351
4017	0.00351808
4018	0.00357165
4019	0.00362417
4020	0.00367557
4021	0.00372581
4022	0.00377485
4023	0.00382262
4024	0.00386909
4025	0.00391421
4026	0.00395794
4027	0.00400022
4028	0.00404103
4029	0.00408031
4030	0.00411803
4031	0.00415416
4032	0.00418866
4033	0.00422148
4034	0.00425261
4035	0.00428201
4036	0.00430965
4037	0.00433551
4038	0.00435955
4039	0.00438176
4040	0.00440211
4041	0.00442059
4042	0.00443717
4043	0.00445183
4044	0.00446457
4045	0.00447538
4046	0.00448423
4047	0.00449112
4048	0.00449605
4049	0.00449901
4050	0.0045
4051	0.00449901
4052	0.00449605
4053	0.00449112
4054	0.00448423
4055	0.00447538
4056	0.00446457
4057	0.00445183
4058	0.00443717
4059	0.00442059
4060	0.00440211
4061	0.00438176
4062	0.00435955
4063	0.00433551
4064	0.00430965
4065	0.00428201
4066	0.00425261
4067	0.00422148
4068	0.00418866
4069	0.00415416
4070	0.00411803
4071	0.00408031
4072	0.00404103
4073	0.00400022
4074	0.00395794
4075	0.00391421
4076	0.00386909
4077	0.00382262
4078	0.00377485
4079	0.00372581
4080	0.00367557
4081	0.00362417
4082	0.00357165
4083	0.00351808
4084	0.00346351
4085	0.00340798
4086	0.00335156
4087	0.0032943
4088	0.00323625
4089	0.00317748
4090	0.00311803
4091	0.00305798
4092	0.00299738
4093	0.00293629
4094	0.00287476
4095	0.00281287
4096	0.00275067
4097	0.00268822
4098	0.00262558
4099	0.00256282
4100	0.0025
4101	0.00243718
4102	0.00237442
4103	0.00231178
4104	0.00224933
4105	0.00218713
4106	0.00212524
4107	0.00206371
4108	0.00200262
4109	0.00194202
4110	0.00188197
4111	0.00182252
4112	0.00176375
4113	0.0017057
4114	0.00164844
4115	0.00159202
4116	0.00153649
4117	0.00148192
4118	0.00142835
4119	0.00137583
4120	0.00132443
4121	0.00127419
4122	0.00122515
4123	0.00117738
4124	0.00113091
4125	0.00108579
4126	0.00104206
4127	0.000999778
4128	0.000958974
4129	0.00091969
4130	0.000881966
4131	0.000845839
4132	0.000811344
4133	0.000778516
4134	0.000747387
4135	0.000717987
4136	0.000690346
4137	0.000664491
4138	0.000640447
4139	0.000618238
4140	0.000597887
4141	0.000579413
4142	0.000562834
4143	0.000548166
4144	0.000535425
4145	0.000524623
4146	0.000515771
4147	0.000508876
4148	0.000503947
4149	0.000500987
4150	0.0005
4151	0.000500987
4152	0.000503947
4153	0.000508876
4154	0.000515771
4155	0.000524623
4156	0.000535425
4157	0.000548166
4158	0.000562834
4159	0.000579413
4160	0.000597887
4161	0.000618238
4162	0.000640447
4163	0.000664491
4164	0.000690346
4165	0.000717987
4166	0.000747387
4167	0.000778516
4168	0.000811344
4169	0.000845839
4170	0.000881966
4171	0.00091969
4172	0.000958974
4173	0.000999778
4174	0.00104206
4175	0.00108579
4176	0.00113091
4177	0.00117738
4178	0.00122515
4179	0.00127419
4180	0.00132443
4181	0.00137583
4182	0.00142835
4183	0.00148192
4184	0.00153649
4185	0.00159202
4186	0.00164844
4187	0.0017057
4188	0.00176375
4189	0.00182252
4190	0.00188197
4191	0.00194202
4192	0.00200262
4193	0.00206371
4194	0.00212524
4195	0.00218713
4196	0.00224933
4197	0.00231178
4198	0.00237442
4199	0.00243718
4200	0.0025
4201	0.00256282
4202	0.00262558
4203	0.00268822
4204	0.00275067
4205	0.00281287
4206	0.00287476
4207	0.00293629
4208	0.00299738
4209	0.00305798
4210	0.00311803
4211	0.00317748
4212	0.00323625
4213	0.0032943
4214	0.00335156
4215	0.00340798
4216	0.00346351
4217	0.00351808
4218	0.00357165
4219	0.00362417
4220	0.00367557
4221	0.00372581
4222	0.00377485
4223	0.00382262
4224	0.00386909
4225	0.00391421
4226	0.00395794
4227	0.00400022
4228	0.00404103
4229	0.00408031
4230	0.00411803
4231	0.00415416
4232	0.00418866
4233	0.00422148
4234	0.00425261
4235	0.00428201
4236	0.00430965
4237	0.00433551
4238	0.00435955
4239	0.00438176
4240	0.00440211
4241	0.00442059
4242	0.00443717
4243	0.00445183
4244	0.00446457
4245	0.00447538
4246	0.00448423
4247	0.00449112
4248	0.00449605
4249	0.00449901
4250	0.0045
4251	0.00449901
4252	0.00449605
4253	0.00449112
4254	0.00448423
4255	0.00447538
4256	0.00446457
4257	0.00445183
4258	0.00443717
4259	0.00442059
4260	0.00440211
4261	0.00438176
4262	0.00435955
4263	0.00433551
4264	0.00430965
4265	0.00428201
4266	0.00425261
4267	0.00422148
4268	0.00418866
4269	0.00415416
4270	0.00411803
4271	0.00408031
4272	0.00404103
4273	0.00400022
4274	0.00395794
4275	0.00391421
4276	0.00386909
4277	0.00382262
4278	0.00377485
4279	0.00372581
4280	0.00367557
4281	0.00362417
4282	0.00357165
4283	0.00351808
4284	0.00346351
4285	0.00340798
4286	0.00335156
4287	0.0032943
4288	0.00323625
4289	0.00317748
4290	0.00311803
4291	0.00305798
4292	0.00299738
4293	0.00293629
4294	0.00287476
4295	0.00281287
4296	0.00275067
4297	0.00268822
4298	0.00262558
4299	0.00256282
4300	0.0025
4301	0.00243718
4302	0.00237442
4303	0.00231178
4304	0.00224933
4305	0.00218713
4306	0.00212524
4307	0.00206371
4308	0.00200262
4309	0.00194202
4310	0.00188197
4311	0.00182252
4312	0.00176375
4313	0.0017057
4314	0.00164844
4315	0.00159202
4316	0.00153649
4317	0.00148192
4318	0.00142835
4319	0.00137583
4320	0.00132443
4321	0.00127419
4322	0.00122515
4323	0.00117738
4324	0.00113091
4325	0.00108579
4326	0.00104206
4327	0.000999778
4328	0.000958974
4329	0.00091969
4330	0.000881966
4331	0.000845839
4332	0.000811344
4333	0.000778516
4334	0.000747387
4335	0.000717987
4336	0.000690346
4337	0.000664491
4338	0.000640447
4339	0.000618238
4340	0.000597887
4341	0.000579413
4342	0.000562834
4343	0.000548166
4344	0.000535425
4345	0.000524623
4346	0.000515771
4347	0.000508876
4348	0.000503947
4349	0.000500987
4350	0.0005
4351	0.000500987
4352	0.000503947
4353	0.000508876
4354	0.000515771
4355	0.000524623
4356	0.000535425
4357	0.000548166
4358	0.000562834
4359	0.000579413
4360	0.000597887
4361	0.000618238
4362	0.000640447
4363	0.000664491
4364	0.000690346
4365	0.000717987
4366	0.000747387
4367	0.000778516
4368	0.000811344
4369	0.000845839
4370	0.000881966
4371	0.00091969
4372	0.000958974
4373	0.000999778
4374	0.00104206
4375	0.00108579
4376	0.00113091
4377	0.00117738
4378	0.00122515
4379	0.00127419
4380	0.00132443
4381	0.00137583
4382	0.00142835
4383	0.00148192
4384	0.00153649
4385	0.00159202
4386	0.00164844
4387	0.0017057
4388	0.00176375
4389	0.00182252
4390	0.00188197
4391	0.00194202
4392	0.00200262
4393	0.00206371
4394	0.00212524
4395	0.00218713
4396	0.00224933
4397	0.00231178
4398	0.00237442
4399	0.00243718
4400	0.0025
4401	0.00256282
4402	0.00262558
4403	0.00268822
4404	0.00275067
4405	0.00281287
4406	0.00287476
4407	0.00293629
4408	0.00299738
4409	0.00305798
4410	0.00311803
4411	0.00317748
4412	0.00323625
4413	0.0032943
4414	0.00335156
4415	0.00340798
4416	0.00346351
4417	0.00351808
4418	0.00357165
4419	0.00362417
4420	0.00367557
4421	0.00372581
4422	0.00377485
4423	0.00382262
4424	0.00386909
4425	0.00391421
4426	0.00395794
4427	0.00400022
4428	0.00404103
4429	0.00408031
4430	0.00411803
4431	0.00415416
4432	0.00418866
4433	0.00422148
4434	0.00425261
4435	0.00428201
4436	0.00430965
4437	0.00433551
4438	0.00435955
4439	0.00438176
4440	0.00440211
4441	0.00442059
4442	0.00443717
4443	0.00445183
4444	0.00446457
4445	0.00447538
4446	0.00448423
4447	0.00449112
4448	0.00449605
4449	0.00449901
4450	0.0045
4451	0.00449901
4452	0.00449605
4453	0.00449112
4454	0.00448423
4455	0.00447538
4456	0.00446457
4457	0.00445183
4458	0.00443717
4459	0.00442059
4460	0.00440211
4461	0.00438176
4462	0.00435955
4463	0.00433551
4464	0.00430965
4465	0.00428201
4466	0.00425261
4467	0.00422148
4468	0.00418866
4469	0.00415416
4470	0.00411803
4471	0.00408031
4472	0.00404103
4473	0.00400022
4474	0.00395794
4475	0.00391421
4476	0.00386909
4477	0.00382262
4478	0.00377485
4479	0.00372581
4480	0.00367557
4481	0.00362417
4482	0.00357165
4483	0.00351808
4484	0.00346351
4485	0.00340798
4486	0.00335156
4487	0.0032943
4488	0.00323625
4489	0.00317748
4490	0.00311803
4491	0.00305798
4492	0.00299738
4493	0.00293629
4494	0.00287476
4495	0.00281287
4496	0.00275067
4497	0.00268822
4498	0.00262558
4499	0.00256282
4500	0.0025
4501	0.00243718
4502	0.00237442
4503	0.00231178
4504	0.00224933
4505	0.00218713
4506	0.00212524
4507	0.00206371
4508	0.00200262
4509	0.00194202
4510	0.00188197
4511	0.00182252
4512	0.00176375
4513	0.0017057
4514	0.00164844
4515	0.00159202
4516	0.00153649
4517	0.00148192
4518	0.00142835
4519	0.00137583
4520	0.00132443
4521	0.00127419
4522	0.00122515
4523	0.00117738
4524	0.00113091
4525	0.00108579
4526	0.00104206
4527	0.000999778
4528	0.000958974
4529	0.00091969
4530	0.000881966
4531	0.000845839
4532	0.000811344
4533	0.000778516
4534	0.000747387
4535	0.000717987
4536	0.000690346
4537	0.000664491
4538	0.000640447
4539	0.000618238
4540	0.000597887
4541	0.000579413
4542	0.000562834
4543	0.000548166
4544	0.000535425
4545	0.000524623
4546	0.000515771
4547	0.000508876
4548	0.000503947
4549	0.000500987
4550	0.0005
4551	0.000500987
4552	0.000503947
4553	0.000508876
4554	0.000515771
4555	0.000524623
4556	0.000535425
4557	0.000548166
4558	0.000562834
4559	0.000579413
4560	0.000597887
4561	0.000618238
4562	0.000640447
4563	0.000664491
4564	0.000690346
4565	0.000717987
4566	0.000747387
4567	0.000778516
4568	0.000811344
4569	0.000845839
4570	0.000881966
4571	0.00091969
4572	0.000958974
4573	0.000999778
4574	0.00104206
4575	0.00108579
4576	0.00113091
4577	0.00117738
4578	0.00122515
4579	0.00127419
4580	0.00132443
4581	0.00137583
4582	0.00142835
4583	0.00148192
4584	0.00153649
4585	0.00159202
4586	0.00164844
4587	0.0017057
4588	0.00176375
4589	0.00182252
4590	0.00188197
4591	0.00194202
4592	0.00200262
4593	0.00206371
4594	0.00212524
4595	0.00218713
4596	0.00224933
4597	0.00231178
4598	0.00237442
4599	0.00243718
4600	0.0025
4601	0.00256282
4602	0.00262558
4603	0.00268822
4604	0.00275067
4605	0.00281287
4606	0.00287476
4607	0.00293629
4608	0.00299738
4609	0.00305798
4610	0.00311803
4611	0.00317748
4612	0.00323625
4613	0.0032943
4614	0.00335156
4615	0.00340798
4616	0.00346351
4617	0.00351808
4618	0.00357165
4619	0.00362417
4620	0.00367557
4621	0.00372581
4622	0.00377485
4623	0.00382262
4624	0.00386909
4625	0.00391421
4626	0.00395794
4627	0.00400022
4628	0.00404103
4629	0.00408031
4630	0.00411803
4631	0.00415416
4632	0.00418866
4633	0.00422148
4634	0.00425261
4635	0.00428201
4636	0.00430965
4637	0.00433551
4638	0.00435955
4639	0.00438176
4640	0.00440211
4641	0.00442059
4642	0.00443717
4643	0.00445183
4644	0.00446457
4645	0.00447538
4646	0.00448423
4647	0.00449112
4648	0.00449605
4649	0.00449901
4650	0.0045
4651	0.00449901
4652	0.00449605
4653	0.00449112
4654	0.00448423
4655	0.00447538
4656	0.00446457
4657	0.00445183
4658	0.00443717
4659	0.00442059
4660	0.00440211
4661	0.00438176
4662	0.00435955
4663	0.00433551
4664	0.00430965
4665	0.00428201
4666	0.00425261
4667	0.00422148
4668	0.00418866
4669	0.00415416
4670	0.00411803
4671	0.00408031
4672	0.00404103
4673	0.00400022
4674	0.00395794
4675	0.00391421
4676	0.00386909
4677	0.00382262
4678	0.00377485
4679	0.00372581
4680	0.00367557
4681	0.00362417
4682	0.00357165
4683	0.00351808
4684	0.00346351
4685	0.00340798
4686	0.00335156
4687	0.0032943
4688	0.00323625
4689	0.00317748
4690	0.00311803
4691	0.00305798
4692	0.00299738
4693	0.00293629
4694	0.00287476
4695	0.00281287
4696	0.00275067
4697	0.00268822
4698	0.00262558
4699	0.00256282
4700	0.0025
4701	0.00243718
4702	0.00237442
4703	0.00231178
4704	0.00224933
4705	0.00218713
4706	0.00212524
4707	0.00206371
4708	0.00200262
4709	0.00194202
4710	0.00188197
4711	0.00182252
4712	0.00176375
4713	0.0017057
4714	0.00164844
4715	0.00159202
4716	0.00153649
4717	0.00148192
4718	0.00142835
4719	0.00137583
4720	0.00132443
4721	0.00127419
4722	0.00122515
4723	0.00117738
4724	0.00113091
4725	0.00108579
4726	0.00104206
4727	0.000999778
4728	0.000958974
4729	0.00091969
4730	0.000881966
4731	0.000845839
4732	0.000811344
4733	0.000778516
4734	0.000747387
4735	0.000717987
4736	0.000690346
4737	0.000664491
4738	0.000640447
4739	0.000618238
4740	0.000597887
4741	0.000579413
4742	0.000562834
4743	0.000548166
4744	0.000535425
4745	0.000524623
4746	0.000515771
4747	0.000508876
4748	0.000503947
4749	0.000500987
4750	0.0005
4751	0.000500987
4752	0.000503947
4753	0.000508876
4754	0.000515771
4755	0.000524623
4756	0.000535425
4757	0.000548166
4758	0.000562834
4759	0.000579413
4760	0.000597887
4761	0.000618238
4762	0.000640447
4763	0.000664491
4764	0.000690346
4765	0.000717987
4766	0.000747387
4767	0.000778516
4768	0.000811344
4769	0.000845839
4770	0.000881966
4771	0.00091969
4772	0.000958974
4773	0.000999778
4774	0.00104206
4775	0.00108579
4776	0.00113091
4777	0.00117738
4778	0.00122515
4779	0.00127419
4780	0.00132443
4781	0.00137583
4782	0.00142835
4783	0.00148192
4784	0.00153649
4785	0.00159202
4786	0.00164844
4787	0.0017057
4788	0.00176375
4789	0.00182252
4790	0.00188197
4791	0.00194202
4792	0.00200262
4793	0.00206371
4794	0.00212524
4795	0.00218713
4796	0.00224933
4797	0.00231178
4798	0.00237442
4799	0.00243718
4800	0.0025
4801	0.00256282
4802	0.00262558
4803	0.00268822
4804	0.00275067
4805	0.00281287
4806	0.00287476
4807	0.00293629
4808	0.00299738
4809	0.00305798
4810	0.00311803
4811	0.00317748
4812	0.00323625
4813	0.0032943
4814	0.00335156
4815	0.00340798
4816	0.00346351
4817	0.00351808
4818	0.00357165
4819	0.00362417
4820	0.00367557
4821	0.00372581
4822	0.00377485
4823	0.00382262
4824	0.00386909
4825	0.00391421
4826	0.00395794
4827	0.00400022
4828	0.00404103
4829	0.00408031
4830	0.00411803
4831	0.00415416
4832	0.00418866
4833	0.00422148
4834	0.00425261
4835	0.00428201
4836	0.00430965
4837	0.00433551
4838	0.00435955
4839	0.00438176
4840	0.00440211
4841	0.00442059
4842	0.00443717
4843	0.00445183
4844	0.00446457
4845	0.00447538
4846	0.00448423
4847	0.00449112
4848	0.00449605
4849	0.00449901
4850	0.0045
4851	0.00449901
4852	0.00449605
4853	0.00449112
4854	0.00448423
4855	0.00447538
4856	0.00446457
4857	0.00445183
4858	0.00443717
4859	0.00442059
4860	0.00440211
4861	0.00438176
4862	0.00435955
4863	0.00433551
4864	0.00430965
4865	0.00428201
4866	0.00425261
4867	0.00422148
4868	0.00418866
4869	0.00415416
4870	0.00411803
4871	0.00408031
4872	0.00404103
4873	0.00400022
4874	0.00395794
4875	0.00391421
4876	0.00386909
4877	0.00382262
4878	0.00377485
4879	0.00372581
4880	0.00367557
4881	0.00362417
4882	0.00357165
4883	0.00351808
4884	0.00346351
4885	0.00340798
4886	0.00335156
4887	0.0032943
4888	0.00323625
4889	0.00317748
4890	0.00311803
4891	0.00305798
4892	0.00299738
4893	0.00293629
4894	0.00287476
4895	0.00281287
4896	0.00275067
4897	0.00268822
4898	0.00262558
4899	0.00256282
4900	0.0025
4901	0.00243718
4902	0.00237442
4903	0.00231178
4904	0.00224933
4905	0.00218713
4906	0.00212524
4907	0.00206371
4908	0.00200262
4909	0.00194202
4910	0.00188197
4911	0.00182252
4912	0.00176375
4913	0.0017057
4914	0.00164844
4915	0.00159202
4916	0.00153649
4917	0.00148192
4918	0.00142835
4919	0.00137583
4920	0.00132443
4921	0.00127419
4922	0.00122515
4923	0.00117738
4924	0.00113091
4925	0.00108579
4926	0.00104206
4927	0.000999778
4928	0.000958974
4929	0.00091969
4930	0.000881966
4931	0.000845839
4932	0.000811344
4933	0.000778516
4934	0.000747387
4935	0.000717987
4936	0.000690346
4937	0.000664491
4938	0.000640447
4939	0.000618238
4940	0.000597887
4941	0.000579413
4942	0.000562834
4943	0.000548166
4944	0.000535425
4945	0.000524623
4946	0.000515771
4947	0.000508876
4948	0.000503947
4949	0.000500987
4950	0.0005
4951	0.000500987
4952	0.000503947
4953	0.000508876
4954	0.000515771
4955	0.000524623
4956	0.000535425
4957	0.000548166
4958	0.000562834
4959	0.000579413
4960	0.000597887
4961	0.000618238
4962	0.000640447
4963	0.000664491
4964	0.000690346
4965	0.000717987
4966	0.000747387
4967	0.000778516
4968	0.000811344
4969	0.000845839
4970	0.000881966
4971	0.00091969
4972	0.000958974
4973	0.000999778
4974	0.00104206
4975	0.00108579
4976	0.00113091
4977	0.00117738
4978	0.00122515
4979	0.00127419
4980	0.00132443
4981	0.00137583
4982	0.00142835
4983	0.00148192
4984	0.00153649
4985	0.00159202
4986	0.00164844
4987	0.0017057
4988	0.00176375
4989	0.00182252
4990	0.00188197
4991	0.00194202
4992	0.00200262
4993	0.00206371
4994	0.00212524
4995	0.00218713
4996	0.00224933
4997	0.00231178
4998	0.00237442
4999	0.00243718
5000	0.0025
5001	0.00256282
5002	0.00262558
5003	0.00268822
5004	0.00275067
5005	0.00281287
5006	0.00287476
5007	0.00293629
5008	0.00299738
5009	0.00305798
5010	0.00311803
5011	0.00317748
5012	0.00323625
5013	0.0032943
5014	0.00335156
5015	0.00340798
5016	0.00346351
5017	0.00351808
5018	0.00357165
5019	0.00362417
5020	0.00367557
5021	0.00372581
5022	0.00377485
5023	0.00382262
5024	0.00386909
5025	0.00391421
5026	0.00395794
5027	0.00400022
5028	0.00404103
5029	0.00408031
5030	0.00411803
5031	0.00415416
5032	0.00418866
5033	0.00422148
5034	0.00425261
5035	0.00428201
5036	0.00430965
5037	0.00433551
5038	0.00435955
5039	0.00438176
5040	0.00440211
5041	0.00442059
5042	0.00443717
5043	0.00445183
5044	0.00446457
5045	0.00447538
5046	0.00448423
5047	0.00449112
5048	0.00449605
5049	0.00449901
5050	0.0045
5051	0.00449901
5052	0.00449605
5053	0.00449112
5054	0.00448423
5055	0.00447538
5056	0.00446457
5057	0.00445183
5058	0.00443717
5059	0.00442059
5060	0.00440211
5061	0.00438176
5062	0.00435955
5063	0.00433551
5064	0.00430965
5065	0.00428201
5066	0.00425261
5067	0.00422148
5068	0.00418866
5069	0.00415416
5070	0.00411803
5071	0.00408031
5072	0.00404103
5073	0.00400022
5074	0.00395794
5075	0.00391421
5076	0.00386909
5077	0.00382262
5078	0.00377485
5079	0.00372581
5080	0.00367557
5081	0.00362417
5082	0.00357165
5083	0.00351808
5084	0.00346351
5085	0.00340798
5086	0.00335156
5087	0.0032943
5088	0.00323625
5089	0.00317748
5090	0.00311803
5091	0.00305798
5092	0.00299738
5093	0.00293629
5094	0.00287476
5095	0.00281287
5096	0.00275067
5097	0.00268822
5098	0.00262558
5099	0.00256282
5100	0.0025
5101	0.00243718
5102	0.00237442
5103	0.00231178
5104	0.00224933
5105	0.00218713
5106	0.00212524
5107	0.00206371
5108	0.00200262
5109	0.00194202
5110	0.00188197
5111	0.00182252
5112	0.00176375
5113	0.0017057
5114	0.00164844
5115	0.00159202
5116	0.00153649
5117	0.00148192
5118	0.00142835
5119	0.00137583
5120	0.00132443
5121	0.00127419
5122	0.00122515
5123	0.00117738
5124	0.00113091
5125	0.00108579
5126	0.00104206
5127	0.000999778
5128	0.000958974
5129	0.00091969
5130	0.000881966
5131	0.000845839
5132	0.000811344
5133	0.000778516
5134	0.000747387
5135	0.000717987
5136	0.000690346
5137	0.000664491
5138	0.000640447
5139	0.000618238
5140	0.000597887
5141	0.000579413
5142	0.000562834
5143	0.000548166
5144	0.000535425
5145	0.000524623
5146	0.000515771
5147	0.000508876
5148	0.000503947
5149	0.000500987
5150	0.0005
5151	0.000500987
5152	0.000503947
5153	0.000508876
5154	0.000515771
5155	0.000524623
5156	0.000535425
5157	0.000548166
5158	0.000562834
5159	0.000579413
5160	0.000597887
5161	0.000618238
5162	0.000640447
5163	0.000664491
5164	0.000690346
5165	0.000717987
5166	0.000747387
5167	0.000778516
5168	0.000811344
5169	0.000845839
5170	0.000881966
5171	0.00091969
5172	0.000958974
5173	0.000999778
5174	0.00104206
5175	0.00108579
5176	0.00113091
5177	0.00117738
5178	0.00122515
5179	0.00127419
5180	0.00132443
5181	0.00137583
5182	0.00142835
5183	0.00148192
5184	0.00153649
5185	0.00159202
5186	0.00164844
5187	0.0017057
5188	0.00176375
5189	0.00182252
5190	0.00188197
5191	0.00194202
5192	0.00200262
5193	0.00206371
5194	0.00212524
5195	0.00218713
5196	0.00224933
5197	0.00231178
5198	0.00237442
5199	0.00243718
5200	0.0025
5201	0.00256282
5202	0.00262558
5203	0.00268822
5204	0.00275067
5205	0.00281287
5206	0.00287476
5207	0.00293629
5208	0.00299738
5209	0.00305798
5210	0.00311803
5211	0.00317748
5212	0.00323625
5213	0.0032943
5214	0.00335156
5215	0.00340798
5216	0.00346351
5217	0.00351808
5218	0.00357165
5219	0.00362417
5220	0.00367557
5221	0.00372581
5222	0.00377485
5223	0.00382262
5224	0.00386909
5225	0.00391421
5226	0.00395794
5227	0.00400022
5228	0.00404103
5229	0.00408031
5230	0.00411803
5231	0.00415416
5232	0.00418866
5233	0.00422148
5234	0.00425261
5235	0.00428201
5236	0.00430965
5237	0.00433551
5238	0.00435955
5239	0.00438176
5240	0.00440211
5241	0.00442059
5242	0.00443717
5243	0.00445183
5244	0.00446457
5245	0.00447538
5246	0.00448423
5247	0.00449112
5248	0.00449605
5249	0.00449901
5250	0.0045
5251	0.00449901
5252	0.00449605
5253	0.00449112
5254	0.00448423
5255	0.00447538
5256	0.00446457
5257	0.00445183
5258	0.00443717
5259	0.00442059
5260	0.00440211
5261	0.00438176
5262	0.00435955
5263	0.00433551
5264	0.00430965
5265	0.00428201
5266	0.00425261
5267	0.00422148
5268	0.00418866
5269	0.00415416
5270	0.00411803
5271	0.00408031
5272	0.00404103
5273	0.00400022
5274	0.00395794
5275	0.00391421
5276	0.00386909
5277	0.00382262
5278	0.00377485
5279	0.00372581
5280	0.00367557
5281	0.00362417
5282	0.00357165
5283	0.00351808
5284	0.00346351
5285	0.00340798
5286	0.00335156
5287	0.0032943
5288	0.00323625
5289	0.00317748
5290	0.00311803
5291	0.00305798
5292	0.00299738
5293	0.00293629
5294	0.00287476
5295	0.00281287
5296	0.00275067
5297	0.00268822
5298	0.00262558
5299	0.00256282
5300	0.0025
5301	0.00243718
5302	0.00237442
5303	0.00231178
5304	0.00224933
5305	0.00218713
5306	0.00212524
5307	0.00206371
5308	0.00200262
5309	0.00194202
5310	0.00188197
5311	0.00182252
5312	0.00176375
5313	0.0017057
5314	0.00164844
5315	0.00159202
5316	0.00153649
5317	0.00148192
5318	0.00142835
5319	0.00137583
5320	0.00132443
5321	0.00127419
5322	0.00122515
5323	0.00117738
5324	0.00113091
5325	0.00108579
5326	0.00104206
5327	0.000999778
5328	0.000958974
5329	0.00091969
5330	0.000881966
5331	0.000845839
5332	0.000811344
5333	0.000778516
5334	0.000747387
5335	0.000717987
5336	0.000690346
5337	0.000664491
5338	0.000640447
5339	0.000618238
5340	0.000597887
5341	0.000579413
5342	0.000562834
5343	0.000548166
5344	0.000535425
5345	0.000524623
5346	0.000515771
5347	0.000508876
5348	0.000503947
5349	0.000500987
5350	0.0005
5351	0.000500987
5352	0.000503947
5353	0.000508876
5354	0.000515771
5355	0.000524623
5356	0.000535425
5357	0.000548166
5358	0.000562834
5359	0.000579413
5360	0.000597887
5361	0.000618238
5362	0.000640447
5363	0.000664491
5364	0.000690346
5365	0.000717987
5366	0.000747387
5367	0.000778516
5368	0.000811344
5369	0.000845839
5370	0.000881966
5371	0.00091969
5372	0.000958974
5373	0.000999778
5374	0.00104206
5375	0.00108579
5376	0.00113091
5377	0.00117738
5378	0.00122515
5379	0.00127419
5380	0.00132443
5381	0.00137583
5382	0.00142835
5383	0.00148192
5384	0.00153649
5385	0.00159202
5386	0.00164844
5387	0.0017057
5388	0.00176375
5389	0.00182252
5390	0.00188197
5391	0.00194202
5392	0.00200262
5393	0.00206371
5394	0.00212524
5395	0.00218713
5396	0.00224933
5397	0.00231178
5398	0.00237442
5399	0.00243718
5400	0.0025
5401	0.00256282
5402	0.00262558
5403	0.00268822
5404	0.00275067
5405	0.00281287
5406	0.00287476
5407	0.00293629
5408	0.00299738
5409	0.00305798
5410	0.00311803
5411	0.00317748
5412	0.00323625
5413	0.0032943
5414	0.00335156
5415	0.00340798
5416	0.00346351
5417	0.00351808
5418	0.00357165
5419	0.00362417
5420	0.00367557
5421	0.00372581
5422	0.00377485
5423	0.00382262
5424	0.00386909
5425	0.00391421
5426	0.00395794
5427	0.00400022
5428	0.00404103
5429	0.00408031
5430	0.00411803
5431	0.00415416
5432	0.00418866
5433	0.00422148
5434	0.00425261
5435	0.00428201
5436	0.00430965
5437	0.00433551
5438	0.00435955
5439	0.00438176
5440	0.00440211
5441	0.00442059
5442	0.00443717
5443	0.00445183
5444	0.00446457
5445	0.00447538
5446	0.00448423
5447	0.00449112
5448	0.00449605
5449	0.00449901
5450	0.0045
5451	0.00449901
5452	0.00449605
5453	0.00449112
5454	0.00448423
5455	0.00447538
5456	0.00446457
5457	0.00445183
5458	0.00443717
5459	0.00442059
5460	0.00440211
5461	0.00438176
5462	0.00435955
5463	0.00433551
5464	0.00430965
5465	0.00428201
5466	0.00425261
5467	0.00422148
5468	0.00418866
5469	0.00415416
5470	0.00411803
5471	0.00408031
5472	0.00404103
5473	0.00400022
5474	0.00395794
5475	0.00391421
5476	0.00386909
5477	0.00382262
5478	0.00377485
5479	0.00372581
5480	0.00367557
5481	0.00362417
5482	0.00357165
5483	0.00351808
5484	0.00346351
5485	0.00340798
5486	0.00335156
5487	0.0032943
5488	0.00323625
5489	0.00317748
5490	0.00311803
5491	0.00305798
5492	0.00299738
5493	0.00293629
5494	0.00287476
5495	0.00281287
5496	0.00275067
5497	0.00268822
5498	0.00262558
5499	0.00256282
5500	0.0025
5501	0.00243718
5502	0.00237442
5503	0.00231178
5504	0.00224933
5505	0.00218713
5506	0.00212524
5507	0.00206371
5508	0.00200262
5509	0.00194202
5510	0.00188197
5511	0.00182252
5512	0.00176375
5513	0.0017057
5514	0.00164844
5515	0.00159202
5516	0.00153649
5517	0.00148192
5518	0.00142835
5519	0.00137583
5520	0.00132443
5521	0.00127419
5522	0.00122515
5523	0.00117738
5524	0.00113091
5525	0.00108579
5526	0.00104206
5527	0.000999778
5528	0.000958974
5529	0.00091969
5530	0.000881966
5531	0.000845839
5532	0.000811344
5533	0.000778516
5534	0.000747387
5535	0.000717987
5536	0.000690346
5537	0.000664491
5538	0.000640447
5539	0.000618238
5540	0.000597887
5541	0.000579413
5542	0.000562834
5543	0.000548166
5544	0.000535425
5545	0.000524623
5546	0.000515771
5547	0.000508876
5548	0.000503947
5549	0.000500987
5550	0.0005
5551	0.000500987
5552	0.000503947
5553	0.000508876
5554	0.000515771
5555	0.000524623
5556	0.000535425
5557	0.000548166
5558	0.000562834
5559	0.000579413
5560	0.000597887
5561	0.000618238
5562	0.000640447
5563	0.000664491
5564	0.000690346
5565	0.000717987
5566	0.000747387
5567	0.000778516
5568	0.000811344
5569	0.000845839
5570	0.000881966
5571	0.00091969
5572	0.000958974
5573	0.000999778
5574	0.00104206
5575	0.00108579
5576	0.00113091
5577	0.00117738
5578	0.00122515
5579	0.00127419
5580	0.00132443
5581	0.00137583
5582	0.00142835
5583	0.00148192
5584	0.00153649
5585	0.00159202
5586	0.00164844
5587	0.0017057
5588	0.00176375
5589	0.00182252
5590	0.00188197
5591	0.00194202
5592	0.00200262
5593	0.00206371
5594	0.00212524
5595	0.00218713
5596	0.00224933
5597	0.00231178
5598	0.00237442
5599	0.00243718
5600	0.0025
5601	0.00256282
5602	0.00262558
5603	0.00268822
5604	0.00275067
5605	0.00281287
5606	0.00287476
5607	0.00293629
5608	0.00299738
5609	0.00305798
5610	0.00311803
5611	0.00317748
5612	0.00323625
5613	0.0032943
5614	0.00335156
5615	0.00340798
5616	0.00346351
5617	0.00351808
5618	0.00357165
5619	0.00362417
5620	0.00367557
5621	0.00372581
5622	0.00377485
5623	0.00382262
5624	0.00386909
5625	0.00391421
5626	0.00395794
5627	0.00400022
5628	0.00404103
5629	0.00408031
5630	0.00411803
5631	0.00415416
5632	0.00418866
5633	0.00422148
5634	0.00425261
5635	0.00428201
5636	0.00430965
5637	0.00433551
5638	0.00435955
5639	0.00438176
5640	0.00440211
5641	0.00442059
5642	0.00443717
5643	0.00445183
5644	0.00446457
5645	0.00447538
5646	0.00448423
5647	0.00449112
5648	0.00449605
5649	0.00449901
5650	0.0045
5651	0.00449901
5652	0.00449605
5653	0.00449112
5654	0.00448423
5655	0.00447538
5656	0.00446457
5657	0.00445183
5658	0.00443717
5659	0.00442059
5660	0.00440211
5661	0.00438176
5662	0.00435955
5663	0.00433551
5664	0.00430965
5665	0.00428201
5666	0.00425261
5667	0.00422148
5668	0.00418866
5669	0.00415416
5670	0.00411803
5671	0.00408031
5672	0.00404103
5673	0.00400022
5674	0.00395794
5675	0.00391421
5676	0.00386909
5677	0.00382262
5678	0.00377485
5679	0.00372581
5680	0.00367557
5681	0.00362417
5682	0.00357165
5683	0.00351808
5684	0.00346351
5685	0.00340798
5686	0.00335156
5687	0.0032943
5688	0.00323625
5689	0.00317748
5690	0.00311803
5691	0.00305798
5692	0.00299738
5693	0.00293629
5694	0.00287476
5695	0.00281287
5696	0.00275067
5697	0.00268822
5698	0.00262558
5699	0.00256282
5700	0.0025
5701	0.00243718
5702	0.00237442
5703	0.00231178
5704	0.00224933
5705	0.00218713
5706	0.00212524
5707	0.00206371
5708	0.00200262
5709	0.00194202
5710	0.00188197
5711	0.00182252
5712	0.00176375
5713	0.0017057
5714	0.00164844
5715	0.00159202
5716	0.00153649
5717	0.00148192
5718	0.00142835
5719	0.00137583
5720	0.00132443
5721	0.00127419
5722	0.00122515
5723	0.00117738
5724	0.00113091
5725	0.00108579
5726	0.00104206
5727	0.000999778
5728	0.000958974
5729	0.00091969
5730	0.000881966
5731	0.000845839
5732	0.000811344
5733	0.000778516
5734	0.000747387
5735	0.000717987
5736	0.000690346
5737	0.000664491
5738	0.000640447
5739	0.000618238
5740	0.000597887
5741	0.000579413
5742	0.000562834
5743	0.000548166
5744	0.000535425
5745	0.000524623
5746	0.000515771
5747	0.000508876
5748	0.000503947
5749	0.000500987
5750	0.0005
5751	0.000500987
5752	0.000503947
5753	0.000508876
5754	0.000515771
5755	0.000524623
5756	0.000535425
5757	0.000548166
5758	0.000562834
5759	0.000579413
5760	0.000597887
5761	0.000618238
5762	0.000640447
5763	0.000664491
5764	0.000690346
5765	0.000717987
5766	0.000747387
5767	0.000778516
5768	0.000811344
5769	0.000845839
5770	0.000881966
5771	0.00091969
5772	0.000958974
5773	0.000999778
5774	0.00104206
5775	0.00108579
5776	0.00113091
5777	0.00117738
5778	0.00122515
5779	0.00127419
5780	0.00132443
5781	0.00137583
5782	0.00142835
5783	0.00148192
5784	0.00153649
5785	0.00159202
5786	0.00164844
5787	0.0017057
5788	0.00176375
5789	0.00182252
5790	0.00188197
5791	0.00194202
5792	0.00200262
5793	0.00206371
5794	0.00212524
5795	0.00218713
5796	0.00224933
5797	0.00231178
5798	0.00237442
5799	0.00243718
5800	0.0025
5801	0.00256282
5802	0.00262558
5803	0.00268822
5804	0.00275067
5805	0.00281287
5806	0.00287476
5807	0.00293629
5808	0.00299738
5809	0.00305798
5810	0.00311803
5811	0.00317748
5812	0.00323625
5813	0.0032943
5814	0.00335156
5815	0.00340798
5816	0.00346351
5817	0.00351808
5818	0.00357165
5819	0.00362417
5820	0.00367557
5821	0.00372581
5822	0.00377485
5823	0.00382262
5824	0.00386909
5825	0.00391421
5826	0.00395794
5827	0.00400022
5828	0.00404103
5829	0.00408031
5830	0.00411803
5831	0.00415416
5832	0.00418866
5833	0.00422148
5834	0.00425261
5835	0.00428201
5836	0.00430965
5837	0.00433551
5838	0.00435955
5839	0.00438176
5840	0.00440211
5841	0.00442059
5842	0.00443717
5843	0.00445183
5844	0.00446457
5845	0.00447538
5846	0.00448423
5847	0.00449112
5848	0.00449605
5849	0.00449901
5850	0.0045
5851	0.00449901
5852	0.00449605
5853	0.00449112
5854	0.00448423
5855	0.00447538
5856	0.00446457
5857	0.00445183
5858	0.00443717
5859	0.00442059
5860	0.00440211
5861	0.00438176
5862	0.00435955
5863	0.00433551
5864	0.00430965
5865	0.00428201
5866	0.00425261
5867	0.00422148
5868	0.00418866
5869	0.00415416
5870	0.00411803
5871	0.00408031
5872	0.00404103
5873	0.00400022
5874	0.00395794
5875	0.00391421
5876	0.00386909
5877	0.00382262
5878	0.00377485
5879	0.00372581
5880	0.00367557
5881	0.00362417
5882	0.00357165
5883	0.00351808
5884	0.00346351
5885	0.00340798
5886	0.00335156
5887	0.0032943
5888	0.00323625
5889	0.00317748
5890	0.00311803
5891	0.00305798
5892	0.00299738
5893	0.00293629
5894	0.00287476
5895	0.00281287
5896	0.00275067
5897	0.00268822
5898	0.00262558
5899	0.00256282
5900	0.0025
5901	0.00243718
5902	0.00237442
5903	0.00231178
5904	0.00224933
5905	0.00218713
5906	0.00212524
5907	0.00206371
5908	0.00200262
5909	0.00194202
5910	0.00188197
5911	0.00182252
5912	0.00176375
5913	0.0017057
5914	0.00164844
5915	0.00159202
5916	0.00153649
5917	0.00148192
5918	0.00142835
5919	0.00137583
5920	0.00132443
5921	0.00127419
5922	0.00122515
5923	0.00117738
5924	0.00113091
5925	0.00108579
5926	0.00104206
5927	0.000999778
5928	0.000958974
5929	0.00091969
5930	0.000881966
5931	0.000845839
5932	0.000811344
5933	0.000778516
5934	0.000747387
5935	0.000717987
5936	0.000690346
5937	0.000664491
5938	0.000640447
5939	0.000618238
5940	0.000597887
5941	0.000579413
5942	0.000562834
5943	0.000548166
5944	0.000535425
5945	0.000524623
5946	0.000515771
5947	0.000508876
5948	0.000503947
5949	0.000500987
5950	0.0005
5951	0.000500987
5952	0.000503947
5953	0.000508876
5954	0.000515771
5955	0.000524623
5956	0.000535425
5957	0.000548166
5958	0.000562834
5959	0.000579413
5960	0.000597887
5961	0.000618238
5962	0.000640447
5963	0.000664491
5964	0.000690346
5965	0.000717987
5966	0.000747387
5967	0.000778516
5968	0.000811344
5969	0.000845839
5970	0.000881966
5971	0.00091969
5972	0.000958974
5973	0.000999778
5974	0.00104206
5975	0.00108579
5976	0.00113091
5977	0.00117738
5978	0.00122515
5979	0.00127419
5980	0.00132443
5981	0.00137583
5982	0.00142835
5983	0.00148192
5984	0.00153649
5985	0.00159202
5986	0.00164844
5987	0.0017057
5988	0.00176375
5989	0.00182252
5990	0.00188197
5991	0.00194202
5992	0.00200262
5993	0.00206371
5994	0.00212524
5995	0.00218713
5996	0.00224933
5997	0.00231178
5998	0.00237442
5999	0.00243718
6000	0.0025
6001	0.00256282
6002	0.00262558
6003	0.00268822
6004	0.00275067
6005	0.00281287
6006	0.00287476
6007	0.00293629
6008	0.00299738
6009	0.00305798
6010	0.00311803
6011	0.00317748
6012	0.00323625
6013	0.0032943
6014	0.00335156
6015	0.00340798
6016	0.00346351
6017	0.00351808
6018	0.00357165
6019	0.00362417
6020	0.00367557
6021	0.00372581
6022	0.00377485
6023	0.00382262
6024	0.00386909
6025	0.00391421
6026	0.00395794
6027	0.00400022
6028	0.00404103
6029	0.00408031
6030	0.00411803
6031	0.00415416
6032	0.00418866
6033	0.00422148
6034	0.00425261
6035	0.00428201
6036	0.00430965
6037	0.00433551
6038	0.00435955
6039	0.00438176
6040	0.00440211
6041	0.00442059
6042	0.00443717
6043	0.00445183
6044	0.00446457
6045	0.00447538
6046	0.00448423
6047	0.00449112
6048	0.00449605
6049	0.00449901
6050	0.0045
6051	0.00449901
6052	0.00449605
6053	0.00449112
6054	0.00448423
6055	0.00447538
6056	0.00446457
6057	0.00445183
6058	0.00443717
6059	0.00442059
6060	0.00440211
6061	0.00438176
6062	0.00435955
6063	0.00433551
6064	0.00430965
6065	0.00428201
6066	0.00425261
6067	0.00422148
6068	0.00418866
6069	0.00415416
6070	0.00411803
6071	0.00408031
6072	0.00404103
6073	0.00400022
6074	0.00395794
6075	0.00391421
6076	0.00386909
6077	0.00382262
6078	0.00377485
6079	0.00372581
6080	0.00367557
6081	0.00362417
6082	0.00357165
6083	0.00351808
6084	0.00346351
6085	0.00340798
6086	0.00335156
6087	0.0032943
6088	0.00323625
6089	0.00317748
6090	0.00311803
6091	0.00305798
6092	0.00299738
6093	0.00293629
6094	0.00287476
6095	0.00281287
6096	0.00275067
6097	0.00268822
6098	0.00262558
6099	0.00256282
6100	0.0025
6101	0.00243718
6102	0.00237442
6103	0.00231178
6104	0.00224933
6105	0.00218713
6106	0.00212524
6107	0.00206371
6108	0.00200262
6109	0.00194202
6110	0.00188197
6111	0.00182252
6112	0.00176375
6113	0.0017057
6114	0.00164844
6115	0.00159202
6116	0.00153649
6117	0.00148192
6118	0.00142835
6119	0.00137583
6120	0.00132443
6121	0.00127419
6122	0.00122515
6123	0.00117738
6124	0.00113091
6125	0.00108579
6126	0.00104206
6127	0.000999778
6128	0.000958974
6129	0.00091969
6130	0.000881966
6131	0.000845839
6132	0.000811344
6133	0.000778516
6134	0.000747387
6135	0.000717987
6136	0.000690346
6137	0.000664491
6138	0.000640447
6139	0.000618238
6140	0.000597887
6141	0.000579413
6142	0.000562834
6143	0.000548166
6144	0.000535425
6145	0.000524623
6146	0.000515771
6147	0.000508876
6148	0.000503947
6149	0.000500987
6150	0.0005
6151	0.000500987
6152	0.000503947
6153	0.000508876
6154	0.000515771
6155	0.000524623
6156	0.000535425
6157	0.000548166
6158	0.000562834
6159	0.000579413
6160	0.000597887
6161	0.000618238
6162	0.000640447
6163	0.000664491
6164	0.000690346
6165	0.000717987
6166	0.000747387
6167	0.000778516
6168	0.000811344
6169	0.000845839
6170	0.000881966
6171	0.00091969
6172	0.000958974
6173	0.000999778
6174	0.00104206
6175	0.00108579
6176	0.00113091
6177	0.00117738
6178	0.00122515
6179	0.00127419
6180	0.00132443
6181	0.00137583
6182	0.00142835
6183	0.00148192
6184	0.00153649
6185	0.00159202
6186	0.00164844
6187	0.0017057
6188	0.00176375
6189	0.00182252
6190	0.00188197
6191	0.00194202
6192	0.00200262
6193	0.00206371
6194	0.00212524
6195	0.00218713
6196	0.00224933
6197	0.00231178
6198	0.00237442
6199	0.00243718
6200	0.0025
6201	0.00256282
6202	0.00262558
6203	0.00268822
6204	0.00275067
6205	0.00281287
6206	0.00287476
6207	0.00293629
6208	0.00299738
6209	0.00305798
6210	0.00311803
6211	0.00317748
6212	0.00323625
6213	0.0032943
6214	0.00335156
6215	0.00340798
6216	0.00346351
6217	0.00351808
6218	0.00357165
6219	0.00362417
6220	0.00367557
6221	0.00372581
6222	0.00377485
6223	0.00382262
6224	0.00386909
6225	0.00391421
6226	0.00395794
6227	0.00400022
6228	0.00404103
6229	0.00408031
6230	0.00411803
6231	0.00415416
6232	0.00418866
6233	0.00422148
6234	0.00425261
6235	0.00428201
6236	0.00430965
6237	0.00433551
6238	0.00435955
6239	0.00438176
6240	0.00440211
6241	0.00442059
6242	0.00443717
6243	0.00445183
6244	0.00446457
6245	0.00447538
6246	0.00448423
6247	0.00449112
6248	0.00449605
6249	0.00449901
6250	0.0045
6251	0.00449901
6252	0.00449605
6253	0.00449112
6254	0.00448423
6255	0.00447538
6256	0.00446457
6257	0.00445183
6258	0.00443717
6259	0.00442059
6260	0.00440211
6261	0.00438176
6262	0.00435955
6263	0.00433551
6264	0.00430965
6265	0.00428201
6266	0.00425261
6267	0.00422148
6268	0.00418866
6269	0.00415416
6270	0.00411803
6271	0.00408031
6272	0.00404103
6273	0.00400022
6274	0.00395794
6275	0.00391421
6276	0.00386909
6277	0.00382262
6278	0.00377485
6279	0.00372581
6280	0.00367557
6281	0.00362417
6282	0.00357165
6283	0.00351808
6284	0.00346351
6285	0.00340798
6286	0.00335156
6287	0.0032943
6288	0.00323625
6289	0.00317748
6290	0.00311803
6291	0.00305798
6292	0.00299738
6293	0.00293629
6294	0.00287476
6295	0.00281287
6296	0.00275067
6297	0.00268822
6298	0.00262558
6299	0.00256282
6300	0.0025
6301	0.00243718
6302	0.00237442
6303	0.00231178
6304	0.00224933
6305	0.00218713
6306	0.00212524
6307	0.00206371
6308	0.00200262
6309	0.00194202
6310	0.00188197
6311	0.00182252
6312	0.00176375
6313	0.0017057
6314	0.00164844
6315	0.00159202
6316	0.00153649
6317	0.00148192
6318	0.00142835
6319	0.00137583
6320	0.00132443
6321	0.00127419
6322	0.00122515
6323	0.00117738
6324	0.00113091
6325	0.00108579
6326	0.00104206
6327	0.000999778
6328	0.000958974
6329	0.00091969
6330	0.000881966
6331	0.000845839
6332	0.000811344
6333	0.000778516
6334	0.000747387
6335	0.000717987
6336	0.000690346
6337	0.000664491
6338	0.000640447
6339	0.000618238
6340	0.000597887
6341	0.000579413
6342	0.000562834
6343	0.000548166
6344	0.000535425
6345	0.000524623
6346	0.000515771
6347	0.000508876
6348	0.000503947
6349	0.000500987
6350	0.0005
6351	0.000500987
6352	0.000503947
6353	0.000508876
6354	0.000515771
6355	0.000524623
6356	0.000535425
6357	0.000548166
6358	0.000562834
6359	0.000579413
6360	0.000597887
6361	0.000618238
6362	0.000640447
6363	0.000664491
6364	0.000690346
6365	0.000717987
6366	0.000747387
6367	0.000778516
6368	0.000811344
6369	0.000845839
6370	0.000881966
6371	0.00091969
6372	0.000958974
6373	0.000999778
6374	0.00104206
6375	0.00108579
6376	0.00113091
6377	0.00117738
6378	0.00122515
6379	0.00127419
6380	0.00132443
6381	0.00137583
6382	0.00142835
6383	0.00148192
6384	0.00153649
6385	0.00159202
6386	0.00164844
6387	0.0017057
6388	0.00176375
6389	0.00182252
6390	0.00188197
6391	0.00194202
6392	0.00200262
6393	0.00206371
6394	0.00212524
6395	0.00218713
6396	0.00224933
6397	0.00231178
6398	0.00237442
6399	0.00243718
6400	0.0025
6401	0.00256282
6402	0.00262558
6403	0.00268822
6404	0.00275067
6405	0.00281287
6406	0.00287476
6407	0.00293629
6408	0.00299738
6409	0.00305798
6410	0.00311803
6411	0.00317748
6412	0.00323625
6413	0.0032943
6414	0.00335156
6415	0.00340798
6416	0.00346351
6417	0.00351808
6418	0.00357165
6419	0.00362417
6420	0.00367557
6421	0.00372581
6422	0.00377485
6423	0.00382262
6424	0.00386909
6425	0.00391421
6426	0.00395794
6427	0.00400022
6428	0.00404103
6429	0.00408031
6430	0.00411803
6431	0.00415416
6432	0.00418866
6433	0.00422148
6434	0.00425261
6435	0.00428201
6436	0.00430965
6437	0.00433551
6438	0.00435955
6439	0.00438176
6440	0.00440211
6441	0.00442059
6442	0.00443717
6443	0.00445183
6444	0.00446457
6445	0.00447538
6446	0.00448423
6447	0.00449112
6448	0.00449605
6449	0.00449901
6450	0.0045
6451	0.00449901
6452	0.00449605
6453	0.00449112
6454	0.00448423
6455	0.00447538
6456	0.00446457
6457	0.00445183
6458	0.00443717
6459	0.00442059
6460	0.00440211
6461	0.00438176
6462	0.00435955
6463	0.00433551
6464	0.00430965
6465	0.00428201
6466	0.00425261
6467	0.00422148
6468	0.00418866
6469	0.00415416
6470	0.00411803
6471	0.00408031
6472	0.00404103
6473	0.00400022
6474	0.00395794
6475	0.00391421
6476	0.00386909
6477	0.00382262
6478	0.00377485
6479	0.00372581
6480	0.00367557
6481	0.00362417
6482	0.00357165
6483	0.00351808
6484	0.00346351
6485	0.00340798
6486	0.00335156
6487	0.0032943
6488	0.00323625
6489	0.00317748
6490	0.00311803
6491	0.00305798
6492	0.00299738
6493	0.00293629
6494	0.00287476
6495	0.00281287
6496	0.00275067
6497	0.00268822
6498	0.00262558
6499	0.00256282
6500	0.0025
6501	0.00243718
6502	0.00237442
6503	0.00231178
6504	0.00224933
6505	0.00218713
6506	0.00212524
6507	0.00206371
6508	0.00200262
6509	0.00194202
6510	0.00188197
6511	0.00182252
6512	0.00176375
6513	0.0017057
6514	0.00164844
6515	0.00159202
6516	0.00153649
6517	0.00148192
6518	0.00142835
6519	0.00137583
6520	0.00132443
6521	0.00127419
6522	0.00122515
6523	0.00117738
6524	0.00113091
6525	0.00108579
6526	0.00104206
6527	0.000999778
6528	0.000958974
6529	0.00091969
6530	0.000881966
6531	0.000845839
6532	0.000811344
6533	0.000778516
6534	0.000747387
6535	0.000717987
6536	0.000690346
6537	0.000664491
6538	0.000640447
6539	0.000618238
6540	0.000597887
6541	0.000579413
6542	0.000562834
6543	0.000548166
6544	0.000535425
6545	0.000524623
6546	0.000515771
6547	0.000508876
6548	0.000503947
6549	0.000500987
6550	0.0005
6551	0.000500987
6552	0.000503947
6553	0.000508876
6554	0.000515771
6555	0.000524623
6556	0.000535425
6557	0.000548166
6558	0.000562834
6559	0.000579413
6560	0.000597887
6561	0.000618238
6562	0.000640447
6563	0.000664491
6564	0.000690346
6565	0.000717987
6566	0.000747387
6567	0.000778516
6568	0.000811344
6569	0.000845839
6570	0.000881966
6571	0.00091969
6572	0.000958974
6573	0.000999778
6574	0.00104206
6575	0.00108579
6576	0.00113091
6577	0.00117738
6578	0.00122515
6579	0.00127419
6580	0.00132443
6581	0.00137583
6582	0.00142835
6583	0.00148192
6584	0.00153649
6585	0.00159202
6586	0.00164844
6587	0.0017057
6588	0.00176375
6589	0.00182252
6590	0.00188197
6591	0.00194202
6592	0.00200262
6593	0.00206371
6594	0.00212524
6595	0.00218713
6596	0.00224933
6597	0.00231178
6598	0.00237442
6599	0.00243718
6600	0.0025
6601	0.00256282
6602	0.00262558
6603	0.00268822
6604	0.00275067
6605	0.00281287
6606	0.00287476
6607	0.00293629
6608	0.00299738
6609	0.00305798
6610	0.00311803
6611	0.00317748
6612	0.00323625
6613	0.0032943
6614	0.00335156
6615	0.00340798
6616	0.00346351
6617	0.00351808
6618	0.00357165
6619	0.00362417
6620	0.00367557
6621	0.00372581
6622	0.00377485
6623	0.00382262
6624	0.00386909
6625	0.00391421
6626	0.00395794
6627	0.00400022
6628	0.00404103
6629	0.00408031
6630	0.00411803
6631	0.00415416
6632	0.00418866
6633	0.00422148
6634	0.00425261
6635	0.00428201
6636	0.00430965
6637	0.00433551
6638	0.00435955
6639	0.00438176
6640	0.00440211
6641	0.00442059
6642	0.00443717
6643	0.00445183
6644	0.00446457
6645	0.00447538
6646	0.00448423
6647	0.00449112
6648	0.00449605
6649	0.00449901
6650	0.0045
6651	0.00449901
6652	0.00449605
6653	0.00449112
6654	0.00448423
6655	0.00447538
6656	0.00446457
6657	0.00445183
6658	0.00443717
6659	0.00442059
6660	0.00440211
6661	0.00438176
6662	0.00435955
6663	0.00433551
6664	0.00430965
6665	0.00428201
6666	0.00425261
6667	0.00422148
6668	0.00418866
6669	0.00415416
6670	0.00411803
6671	0.00408031
6672	0.00404103
6673	0.00400022
6674	0.00395794
6675	0.00391421
6676	0.00386909
6677	0.00382262
6678	0.00377485
6679	0.00372581
6680	0.00367557
6681	0.00362417
6682	0.00357165
6683	0.00351808
6684	0.00346351
6685	0.00340798
6686	0.00335156
6687	0.0032943
6688	0.00323625
6689	0.00317748
6690	0.00311803
6691	0.00305798
6692	0.00299738
6693	0.00293629
6694	0.00287476
6695	0.00281287
6696	0.00275067
6697	0.00268822
6698	0.00262558
6699	0.00256282
6700	0.0025
6701	0.00243718
6702	0.00237442
6703	0.00231178
6704	0.00224933
6705	0.00218713
6706	0.00212524
6707	0.00206371
6708	0.00200262
6709	0.00194202
6710	0.00188197
6711	0.00182252
6712	0.00176375
6713	0.0017057
6714	0.00164844
6715	0.00159202
6716	0.00153649
6717	0.00148192
6718	0.00142835
6719	0.00137583
6720	0.00132443
6721	0.00127419
6722	0.00122515
6723	0.00117738
6724	0.00113091
6725	0.00108579
6726	0.00104206
6727	0.000999778
6728	0.000958974
6729	0.00091969
6730	0.000881966
6731	0.000845839
6732	0.000811344
6733	0.000778516
6734	0.000747387
6735	0.000717987
6736	0.000690346
6737	0.000664491
6738	0.000640447
6739	0.000618238
6740	0.000597887
6741	0.000579413
6742	0.000562834
6743	0.000548166
6744	0.000535425
6745	0.000524623
6746	0.000515771
6747	0.000508876
6748	0.000503947
6749	0.000500987
6750	0.0005
6751	0.000500987
6752	0.000503947
6753	0.000508876
6754	0.000515771
6755	0.000524623
6756	0.000535425
6757	0.000548166
6758	0.000562834
6759	0.000579413
6760	0.000597887
6761	0.000618238
6762	0.000640447
6763	0.000664491
6764	0.000690346
6765	0.000717987
6766	0.000747387
6767	0.000778516
6768	0.000811344
6769	0.000845839
6770	0.000881966
6771	0.00091969
6772	0.000958974
6773	0.000999778
6774	0.00104206
6775	0.00108579
6776	0.00113091
6777	0.00117738
6778	0.00122515
6779	0.00127419
6780	0.00132443
6781	0.00137583
6782	0.00142835
6783	0.00148192
6784	0.00153649
6785	0.00159202
6786	0.00164844
6787	0.0017057
6788	0.00176375
6789	0.00182252
6790	0.00188197
6791	0.00194202
6792	0.00200262
6793	0.00206371
6794	0.00212524
6795	0.00218713
6796	0.00224933
6797	0.00231178
6798	0.00237442
6799	0.00243718
6800	0.0025
6801	0.00256282
6802	0.00262558
6803	0.00268822
6804	0.00275067
6805	0.00281287
6806	0.00287476
6807	0.00293629
6808	0.00299738
6809	0.00305798
6810	0.00311803
6811	0.00317748
6812	0.00323625
6813	0.0032943
6814	0.00335156
6815	0.00340798
6816	0.00346351
6817	0.00351808
6818	0.00357165
6819	0.00362417
6820	0.00367557
6821	0.00372581
6822	0.00377485
6823	0.00382262
6824	0.00386909
6825	0.00391421
6826	0.00395794
6827	0.00400022
6828	0.00404103
6829	0.00408031
6830	0.00411803
6831	0.00415416
6832	0.00418866
6833	0.00422148
6834	0.00425261
6835	0.00428201
6836	0.00430965
6837	0.00433551
6838	0.00435955
6839	0.00438176
6840	0.00440211
6841	0.00442059
6842	0.00443717
6843	0.00445183
6844	0.00446457
6845	0.00447538
6846	0.00448423
6847	0.00449112
6848	0.00449605
6849	0.00449901
6850	0.0045
6851	0.00449901
6852	0.00449605
6853	0.00449112
6854	0.00448423
6855	0.00447538
6856	0.00446457
6857	0.00445183
6858	0.00443717
6859	0.00442059
6860	0.00440211
6861	0.00438176
6862	0.00435955
6863	0.00433551
6864	0.00430965
6865	0.00428201
6866	0.00425261
6867	0.00422148
6868	0.00418866
6869	0.00415416
6870	0.00411803
6871	0.00408031
6872	0.00404103
6873	0.00400022
6874	0.00395794
6875	0.00391421
6876	0.00386909
6877	0.00382262
6878	0.00377485
6879	0.00372581
6880	0.00367557
6881	0.00362417
6882	0.00357165
6883	0.00351808
6884	0.00346351
6885	0.00340798
6886	0.00335156
6887	0.0032943
6888	0.00323625
6889	0.00317748
6890	0.00311803
6891	0.00305798
6892	0.00299738
6893	0.00293629
6894	0.00287476
6895	0.00281287
6896	0.00275067
6897	0.00268822
6898	0.00262558
6899	0.00256282
6900	0.0025
6901	0.00243718
6902	0.00237442
6903	0.00231178
6904	0.00224933
6905	0.00218713
6906	0.00212524
6907	0.00206371
6908	0.00200262
6909	0.00194202
6910	0.00188197
6911	0.00182252
6912	0.00176375
6913	0.0017057
6914	0.00164844
6915	0.00159202
6916	0.00153649
6917	0.00148192
6918	0.00142835
6919	0.00137583
6920	0.00132443
6921	0.00127419
6922	0.00122515
6923	0.00117738
6924	0.00113091
6925	0.00108579
6926	0.00104206
6927	0.000999778
6928	0.000958974
6929	0.00091969
6930	0.000881966
6931	0.000845839
6932	0.000811344
6933	0.000778516
6934	0.000747387
6935	0.000717987
6936	0.000690346
6937	0.000664491
6938	0.000640447
6939	0.000618238
6940	0.000597887
6941	0.000579413
6942	0.000562834
6943	0.000548166
6944	0.000535425
6945	0.000524623
6946	0.000515771
6947	0.000508876
6948	0.000503947
6949	0.000500987
6950	0.0005
6951	0.000500987
6952	0.000503947
6953	0.000508876
6954	0.000515771
6955	0.000524623
6956	0.000535425
6957	0.000548166
6958	0.000562834
6959	0.000579413
6960	0.000597887
6961	0.000618238
6962	0.000640447
6963	0.000664491
6964	0.000690346
6965	0.000717987
6966	0.000747387
6967	0.000778516
6968	0.000811344
6969	0.000845839
6970	0.000881966
6971	0.00091969
6972	0.000958974
6973	0.000999778
6974	0.00104206
6975	0.00108579
6976	0.00113091
6977	0.00117738
6978	0.00122515
6979	0.00127419
6980	0.00132443
6981	0.00137583
6982	0.00142835
6983	0.00148192
6984	0.00153649
6985	0.00159202
6986	0.00164844
6987	0.0017057
6988	0.00176375
6989	0.00182252
6990	0.00188197
6991	0.00194202
6992	0.00200262
6993	0.00206371
6994	0.00212524
6995	0.00218713
6996	0.00224933
6997	0.00231178
6998	0.00237442
6999	0.00243718
7000	0.0025
7001	0.00256282
7002	0.00262558
7003	0.00268822
7004	0.00275067
7005	0.00281287
7006	0.00287476
7007	0.00293629
7008	0.00299738
7009	0.00305798
7010	0.00311803
7011	0.00317748
7012	0.00323625
7013	0.0032943
7014	0.00335156
7015	0.00340798
7016	0.00346351
7017	0.00351808
7018	0.00357165
7019	0.00362417
7020	0.00367557
7021	0.00372581
7022	0.00377485
7023	0.00382262
7024	0.00386909
7025	0.00391421
7026	0.00395794
7027	0.00400022
7028	0.00404103
7029	0.00408031
7030	0.00411803
7031	0.00415416
7032	0.00418866
7033	0.00422148
7034	0.00425261
7035	0.00428201
7036	0.00430965
7037	0.00433551
7038	0.00435955
7039	0.00438176
7040	0.00440211
7041	0.00442059
7042	0.00443717
7043	0.00445183
7044	0.00446457
7045	0.00447538
7046	0.00448423
7047	0.00449112
7048	0.00449605
7049	0.00449901
7050	0.0045
7051	0.00449901
7052	0.00449605
7053	0.00449112
7054	0.00448423
7055	0.00447538
7056	0.00446457
7057	0.00445183
7058	0.00443717
7059	0.00442059
7060	0.00440211
7061	0.00438176
7062	0.00435955
7063	0.00433551
7064	0.00430965
7065	0.00428201
7066	0.00425261
7067	0.00422148
7068	0.00418866
7069	0.00415416
7070	0.00411803
7071	0.00408031
7072	0.00404103
7073	0.00400022
7074	0.00395794
7075	0.00391421
7076	0.00386909
7077	0.00382262
7078	0.00377485
7079	0.00372581
7080	0.00367557
7081	0.00362417
7082	0.00357165
7083	0.00351808
7084	0.00346351
7085	0.00340798
7086	0.00335156
7087	0.0032943
7088	0.00323625
7089	0.00317748
7090	0.00311803
7091	0.00305798
7092	0.00299738
7093	0.00293629
7094	0.00287476
7095	0.00281287
7096	0.00275067
7097	0.00268822
7098	0.00262558
7099	0.00256282
7100	0.0025
7101	0.00243718
7102	0.00237442
7103	0.00231178
7104	0.00224933
7105	0.00218713
7106	0.00212524
7107	0.00206371
7108	0.00200262
7109	0.00194202
7110	0.00188197
7111	0.00182252
7112	0.00176375
7113	0.0017057
7114	0.00164844
7115	0.00159202
7116	0.00153649
7117	0.00148192
7118	0.00142835
7119	0.00137583
7120	0.00132443
7121	0.00127419
7122	0.00122515
7123	0.00117738
7124	0.00113091
7125	0.00108579
7126	0.00104206
7127	0.000999778
7128	0.000958974
7129	0.00091969
7130	0.000881966
7131	0.000845839
7132	0.000811344
7133	0.000778516
7134	0.000747387
7135	0.000717987
7136	0.000690346
7137	0.000664491
7138	0.000640447
7139	0.000618238
7140	0.000597887
7141	0.000579413
7142	0.000562834
7143	0.000548166
7144	0.000535425
7145	0.000524623
7146	0.000515771
7147	0.000508876
7148	0.000503947
7149	0.000500987
7150	0.0005
7151	0.000500987
7152	0.000503947
7153	0.000508876
7154	0.000515771
7155	0.000524623
7156	0.000535425
7157	0.000548166
7158	0.000562834
7159	0.000579413
7160	0.000597887
7161	0.000618238
7162	0.000640447
7163	0.000664491
7164	0.000690346
7165	0.000717987
7166	0.000747387
7167	0.000778516
7168	0.000811344
7169	0.000845839
7170	0.000881966
7171	0.00091969
7172	0.000958974
7173	0.000999778
7174	0.00104206
7175	0.00108579
7176	0.00113091
7177	0.00117738
7178	0.00122515
7179	0.00127419
7180	0.00132443
7181	0.00137583
7182	0.00142835
7183	0.00148192
7184	0.00153649
7185	0.00159202
7186	0.00164844
7187	0.0017057
7188	0.00176375
7189	0.00182252
7190	0.00188197
7191	0.00194202
7192	0.00200262
7193	0.00206371
7194	0.00212524
7195	0.00218713
7196	0.00224933
7197	0.00231178
7198	0.00237442
7199	0.00243718
7200	0.0025
7201	0.00256282
7202	0.00262558
7203	0.00268822
7204	0.00275067
7205	0.00281287
7206	0.00287476
7207	0.00293629
7208	0.00299738
7209	0.00305798
7210	0.00311803
7211	0.00317748
7212	0.00323625
7213	0.0032943
7214	0.00335156
7215	0.00340798
7216	0.00346351
7217	0.00351808
7218	0.00357165
7219	0.00362417
7220	0.00367557
7221	0.00372581
7222	0.00377485
7223	0.00382262
7224	0.00386909
7225	0.00391421
7226	0.00395794
7227	0.00400022
7228	0.00404103
7229	0.00408031
7230	0.00411803
7231	0.00415416
7232	0.00418866
7233	0.00422148
7234	0.00425261
7235	0.00428201
7236	0.00430965
7237	0.00433551
7238	0.00435955
7239	0.00438176
7240	0.00440211
7241	0.00442059
7242	0.00443717
7243	0.00445183
7244	0.00446457
7245	0.00447538
7246	0.00448423
7247	0.00449112
7248	0.00449605
7249	0.00449901
7250	0.0045
7251	0.00449901
7252	0.00449605
7253	0.00449112
7254	0.00448423
7255	0.00447538
7256	0.00446457
7257	0.00445183
7258	0.00443717
7259	0.00442059
7260	0.00440211
7261	0.00438176
7262	0.00435955
7263	0.00433551
7264	0.00430965
7265	0.00428201
7266	0.00425261
7267	0.00422148
7268	0.00418866
7269	0.00415416
7270	0.00411803
7271	0.00408031
7272	0.00404103
7273	0.00400022
7274	0.00395794
7275	0.00391421
7276	0.00386909
7277	0.00382262
7278	0.00377485
7279	0.00372581
7280	0.00367557
7281	0.00362417
7282	0.00357165
7283	0.00351808
7284	0.00346351
7285	0.00340798
7286	0.00335156
7287	0.0032943
7288	0.00323625
7289	0.00317748
7290	0.00311803
7291	0.00305798
7292	0.00299738
7293	0.00293629
7294	0.00287476
7295	0.00281287
7296	0.00275067
7297	0.00268822
7298	0.00262558
7299	0.00256282
7300	0.0025
7301	0.00243718
7302	0.00237442
7303	0.00231178
7304	0.00224933
7305	0.00218713
7306	0.00212524
7307	0.00206371
7308	0.00200262
7309	0.00194202
7310	0.00188197
7311	0.00182252
7312	0.00176375
7313	0.0017057
7314	0.00164844
7315	0.00159202
7316	0.00153649
7317	0.00148192
7318	0.00142835
7319	0.00137583
7320	0.00132443
7321	0.00127419
7322	0.00122515
7323	0.00117738
7324	0.00113091
7325	0.00108579
7326	0.00104206
7327	0.000999778
7328	0.000958974
7329	0.00091969
7330	0.000881966
7331	0.000845839
7332	0.000811344
7333	0.000778516
7334	0.000747387
7335	0.000717987
7336	0.000690346
7337	0.000664491
7338	0.000640447
7339	0.000618238
7340	0.000597887
7341	0.000579413
7342	0.000562834
7343	0.000548166
7344	0.000535425
7345	0.000524623
7346	0.000515771
7347	0.000508876
7348	0.000503947
7349	0.000500987
7350	0.0005
7351	0.000500987
7352	0.000503947
7353	0.000508876
7354	0.000515771
7355	0.000524623
7356	0.000535425
7357	0.000548166
7358	0.000562834
7359	0.000579413
7360	0.000597887
7361	0.000618238
7362	0.000640447
7363	0.000664491
7364	0.000690346
7365	0.000717987
7366	0.000747387
7367	0.000778516
7368	0.000811344
7369	0.000845839
7370	0.000881966
7371	0.00091969
7372	0.000958974
7373	0.000999778
7374	0.00104206
7375	0.00108579
7376	0.00113091
7377	0.00117738
7378	0.00122515
7379	0.00127419
7380	0.00132443
7381	0.00137583
7382	0.00142835
7383	0.00148192
7384	0.00153649
7385	0.00159202
7386	0.00164844
7387	0.0017057
7388	0.00176375
7389	0.00182252
7390	0.00188197
7391	0.00194202
7392	0.00200262
7393	0.00206371
7394	0.00212524
7395	0.00218713
7396	0.00224933
7397	0.00231178
7398	0.00237442
7399	0.00243718
7400	0.0025
7401	0.00256282
7402	0.00262558
7403	0.00268822
7404	0.00275067
7405	0.00281287
7406	0.00287476
7407	0.00293629
7408	0.00299738
7409	0.00305798
7410	0.00311803
7411	0.00317748
7412	0.00323625
7413	0.0032943
7414	0.00335156
7415	0.00340798
7416	0.00346351
7417	0.00351808
7418	0.00357165
7419	0.00362417
7420	0.00367557
7421	0.00372581
7422	0.00377485
7423	0.00382262
7424	0.00386909
7425	0.00391421
7426	0.00395794
7427	0.00400022
7428	0.00404103
7429	0.00408031
7430	0.00411803
7431	0.00415416
7432	0.00418866
7433	0.00422148
7434	0.00425261
7435	0.00428201
7436	0.00430965
7437	0.00433551
7438	0.00435955
7439	0.00438176
7440	0.00440211
7441	0.00442059
7442	0.00443717
7443	0.00445183
7444	0.00446457
7445	0.00447538
7446	0.00448423
7447	0.00449112
7448	0.00449605
7449	0.00449901
7450	0.0045
7451	0.00449901
7452	0.00449605
7453	0.00449112
7454	0.00448423
7455	0.00447538
7456	0.00446457
7457	0.00445183
7458	0.00443717
7459	0.00442059
7460	0.00440211
7461	0.00438176
7462	0.00435955
7463	0.00433551
7464	0.00430965
7465	0.00428201
7466	0.00425261
7467	0.00422148
7468	0.00418866
7469	0.00415416
7470	0.00411803
7471	0.00408031
7472	0.00404103
7473	0.00400022
7474	0.00395794
7475	0.00391421
7476	0.00386909
7477	0.00382262
7478	0.00377485
7479	0.00372581
7480	0.00367557
7481	0.00362417
7482	0.00357165
7483	0.00351808
7484	0.00346351
7485	0.00340798
7486	0.00335156
7487	0.0032943
7488	0.00323625
7489	0.00317748
7490	0.00311803
7491	0.00305798
7492	0.00299738
7493	0.00293629
7494	0.00287476
7495	0.00281287
7496	0.00275067
7497	0.00268822
7498	0.00262558
7499	0.00256282
7500	0.0025
7501	0.00243718
7502	0.00237442
7503	0.00231178
7504	0.00224933
7505	0.00218713
7506	0.00212524
7507	0.00206371
7508	0.00200262
7509	0.00194202
7510	0.00188197
7511	0.00182252
7512	0.00176375
7513	0.0017057
7514	0.00164844
7515	0.00159202
7516	0.00153649
7517	0.00148192
7518	0.00142835
7519	0.00137583
7520	0.00132443
7521	0.00127419
7522	0.00122515
7523	0.00117738
7524	0.00113091
7525	0.00108579
7526	0.00104206
7527	0.000999778
7528	0.000958974
7529	0.00091969
7530	0.000881966
7531	0.000845839
7532	0.000811344
7533	0.000778516
7534	0.000747387
7535	0.000717987
7536	0.000690346
7537	0.000664491
7538	0.000640447
7539	0.000618238
7540	0.000597887
7541	0.000579413
7542	0.000562834
7543	0.000548166
7544	0.000535425
7545	0.000524623
7546	0.000515771
7547	0.000508876
7548	0.000503947
7549	0.000500987
7550	0.0005
7551	0.000500987
7552	0.000503947
7553	0.000508876
7554	0.000515771
7555	0.000524623
7556	0.000535425
7557	0.000548166
7558	0.000562834
7559	0.000579413
7560	0.000597887
7561	0.000618238
7562	0.000640447
7563	0.000664491
7564	0.000690346
7565	0.000717987
7566	0.000747387
7567	0.000778516
7568	0.000811344
7569	0.000845839
7570	0.000881966
7571	0.00091969
7572	0.000958974
7573	0.000999778
7574	0.00104206
7575	0.00108579
7576	0.00113091
7577	0.00117738
7578	0.00122515
7579	0.00127419
7580	0.00132443
7581	0.00137583
7582	0.00142835
7583	0.00148192
7584	0.00153649
7585	0.00159202
7586	0.00164844
7587	0.0017057
7588	0.00176375
7589	0.00182252
7590	0.00188197
7591	0.00194202
7592	0.00200262
7593	0.00206371
7594	0.00212524
7595	0.00218713
7596	0.00224933
7597	0.00231178
7598	0.00237442
7599	0.00243718
7600	0.0025
7601	0.00256282
7602	0.00262558
7603	0.00268822
7604	0.00275067
7605	0.00281287
7606	0.00287476
7607	0.00293629
7608	0.00299738
7609	0.00305798
7610	0.00311803
7611	0.00317748
7612	0.00323625
7613	0.0032943
7614	0.00335156
7615	0.00340798
7616	0.00346351
7617	0.00351808
7618	0.00357165
7619	0.00362417
7620	0.00367557
7621	0.00372581
7622	0.00377485
7623	0.00382262
7624	0.00386909
7625	0.00391421
7626	0.00395794
7627	0.00400022
7628	0.00404103
7629	0.00408031
7630	0.00411803
7631	0.00415416
7632	0.00418866
7633	0.00422148
7634	0.00425261
7635	0.00428201
7636	0.00430965
7637	0.00433551
7638	0.00435955
7639	0.00438176
7640	0.00440211
7641	0.00442059
7642	0.00443717
7643	0.00445183
7644	0.00446457
7645	0.00447538
7646	0.00448423
7647	0.00449112
7648	0.00449605
7649	0.00449901
7650	0.0045
7651	0.00449901
7652	0.00449605
7653	0.00449112
7654	0.00448423
7655	0.00447538
7656	0.00446457
7657	0.00445183
7658	0.00443717
7659	0.00442059
7660	0.00440211
7661	0.00438176
7662	0.00435955
7663	0.00433551
7664	0.00430965
7665	0.00428201
7666	0.00425261
7667	0.00422148
7668	0.00418866
7669	0.00415416
7670	0.00411803
7671	0.00408031
7672	0.00404103
7673	0.00400022
7674	0.00395794
7675	0.00391421
7676	0.00386909
7677	0.00382262
7678	0.00377485
7679	0.00372581
7680	0.00367557
7681	0.00362417
7682	0.00357165
7683	0.00351808
7684	0.00346351
7685	0.00340798
7686	0.00335156
7687	0.0032943
7688	0.00323625
7689	0.00317748
7690	0.00311803
7691	0.00305798
7692	0.00299738
7693	0.00293629
7694	0.00287476
7695	0.00281287
7696	0.00275067
7697	0.00268822
7698	0.00262558
7699	0.00256282
7700	0.0025
7701	0.00243718
7702	0.00237442
7703	0.00231178
7704	0.00224933
7705	0.00218713
7706	0.00212524
7707	0.00206371
7708	0.00200262
7709	0.00194202
7710	0.00188197
7711	0.00182252
7712	0.00176375
7713	0.0017057
7714	0.00164844
7715	0.00159202
7716	0.00153649
7717	0.00148192
7718	0.00142835
7719	0.00137583
7720	0.00132443
7721	0.00127419
7722	0.00122515
7723	0.00117738
7724	0.00113091
7725	0.00108579
7726	0.00104206
7727	0.000999778
7728	0.000958974
7729	0.00091969
7730	0.000881966
7731	0.000845839
7732	0.000811344
7733	0.000778516
7734	0.000747387
7735	0.000717987
7736	0.000690346
7737	0.000664491
7738	0.000640447
7739	0.000618238
7740	0.000597887
7741	0.000579413
7742	0.000562834
7743	0.000548166
7744	0.000535425
7745	0.000524623
7746	0.000515771
7747	0.000508876
7748	0.000503947
7749	0.000500987
7750	0.0005
7751	0.000500987
7752	0.000503947
7753	0.000508876
7754	0.000515771
7755	0.000524623
7756	0.000535425
7757	0.000548166
7758	0.000562834
7759	0.000579413
7760	0.000597887
7761	0.000618238
7762	0.000640447
7763	0.000664491
7764	0.000690346
7765	0.000717987
7766	0.000747387
7767	0.000778516
7768	0.000811344
7769	0.000845839
7770	0.000881966
7771	0.00091969
7772	0.000958974
7773	0.000999778
7774	0.00104206
7775	0.00108579
7776	0.00113091
7777	0.00117738
7778	0.00122515
7779	0.00127419
7780	0.00132443
7781	0.00137583
7782	0.00142835
7783	0.00148192
7784	0.00153649
7785	0.00159202
7786	0.00164844
7787	0.0017057
7788	0.00176375
7789	0.00182252
7790	0.00188197
7791	0.00194202
7792	0.00200262
7793	0.00206371
7794	0.00212524
7795	0.00218713
7796	0.00224933
7797	0.00231178
7798	0.00237442
7799	0.00243718
7800	0.0025
7801	0.00256282
7802	0.00262558
7803	0.00268822
7804	0.00275067
7805	0.00281287
7806	0.00287476
7807	0.00293629
7808	0.00299738
7809	0.00305798
7810	0.00311803
7811	0.00317748
7812	0.00323625
7813	0.0032943
7814	0.00335156
7815	0.00340798
7816	0.00346351
7817	0.00351808
7818	0.00357165
7819	0.00362417
7820	0.00367557
7821	0.00372581
7822	0.00377485
7823	0.00382262
7824	0.00386909
7825	0.00391421
7826	0.00395794
7827	0.00400022
7828	0.00404103
7829	0.00408031
7830	0.00411803
7831	0.00415416
7832	0.00418866
7833	0.00422148
7834	0.00425261
7835	0.00428201
7836	0.00430965
7837	0.00433551
7838	0.00435955
7839	0.00438176
7840	0.00440211
7841	0.00442059
7842	0.00443717
7843	0.00445183
7844	0.00446457
7845	0.00447538
7846	0.00448423
7847	0.00449112
7848	0.00449605
7849	0.00449901
7850	0.0045
7851	0.00449901
7852	0.00449605
7853	0.00449112
7854	0.00448423
7855	0.00447538
7856	0.00446457
7857	0.00445183
7858	0.00443717
7859	0.00442059
7860	0.00440211
7861	0.00438176
7862	0.00435955
7863	0.00433551
7864	0.00430965
7865	0.00428201
7866	0.00425261
7867	0.00422148
7868	0.00418866
7869	0.00415416
7870	0.00411803
7871	0.00408031
7872	0.00404103
7873	0.00400022
7874	0.00395794
7875	0.00391421
7876	0.00386909
7877	0.00382262
7878	0.00377485
7879	0.00372581
7880	0.00367557
7881	0.00362417
7882	0.00357165
7883	0.00351808
7884	0.00346351
7885	0.00340798
7886	0.00335156
7887	0.0032943
7888	0.00323625
7889	0.00317748
7890	0.00311803
7891	0.00305798
7892	0.00299738
7893	0.00293629
7894	0.00287476
7895	0.00281287
7896	0.00275067
7897	0.00268822
7898	0.00262558
7899	0.00256282
7900	0.0025
7901	0.00243718
7902	0.00237442
7903	0.00231178
7904	0.00224933
7905	0.00218713
7906	0.00212524
7907	0.00206371
7908	0.00200262
7909	0.00194202
7910	0.00188197
7911	0.00182252
7912	0.00176375
7913	0.0017057
7914	0.00164844
7915	0.00159202
7916	0.00153649
7917	0.00148192
7918	0.00142835
7919	0.00137583
7920	0.00132443
7921	0.00127419
7922	0.00122515
7923	0.00117738
7924	0.00113091
7925	0.00108579
7926	0.00104206
7927	0.000999778
7928	0.000958974
7929	0.00091969
7930	0.000881966
7931	0.000845839
7932	0.000811344
7933	0.000778516
7934	0.000747387
7935	0.000717987
7936	0.000690346
7937	0.000664491
7938	0.000640447
7939	0.000618238
7940	0.000597887
7941	0.000579413
7942	0.000562834
7943	0.000548166
7944	0.000535425
7945	0.000524623
7946	0.000515771
7947	0.000508876
7948	0.000503947
7949	0.000500987
7950	0.0005
7951	0.000500987
7952	0.000503947
7953	0.000508876
7954	0.000515771
7955	0.000524623
7956	0.000535425
7957	0.000548166
7958	0.000562834
7959	0.000579413
7960	0.000597887
7961	0.000618238
7962	0.000640447
7963	0.000664491
7964	0.000690346
7965	0.000717987
7966	0.000747387
7967	0.000778516
7968	0.000811344
7969	0.000845839
7970	0.000881966
7971	0.00091969
7972	0.000958974
7973	0.000999778
7974	0.00104206
7975	0.00108579
7976	0.00113091
7977	0.00117738
7978	0.00122515
7979	0.00127419
7980	0.00132443
7981	0.00137583
7982	0.00142835
7983	0.00148192
7984	0.00153649
7985	0.00159202
7986	0.00164844
7987	0.0017057
7988	0.00176375
7989	0.00182252
7990	0.00188197
7991	0.00194202
7992	0.00200262
7993	0.00206371
7994	0.00212524
7995	0.00218713
7996	0.00224933
7997	0.00231178
7998	0.00237442
7999	0.00243718
8000	0.0025
8001	0.00256282
8002	0.00262558
8003	0.00268822
8004	0.00275067
8005	0.00281287
8006	0.00287476
8007	0.00293629
8008	0.00299738
8009	0.00305798
8010	0.00311803
8011	0.00317748
8012	0.00323625
8013	0.0032943
8014	0.00335156
8015	0.00340798
8016	0.00346351
8017	0.00351808
8018	0.00357165
8019	0.00362417
8020	0.00367557
8021	0.00372581
8022	0.00377485
8023	0.00382262
8024	0.00386909
8025	0.00391421
8026	0.00395794
8027	0.00400022
8028	0.00404103
8029	0.00408031
8030	0.00411803
8031	0.00415416
8032	0.00418866
8033	0.00422148
8034	0.00425261
8035	0.00428201
8036	0.00430965
8037	0.00433551
8038	0.00435955
8039	0.00438176
8040	0.00440211
8041	0.00442059
8042	0.00443717
8043	0.00445183
8044	0.00446457
8045	0.00447538
8046	0.00448423
8047	0.00449112
8048	0.00449605
8049	0.00449901
8050	0.0045
8051	0.00449901
8052	0.00449605
8053	0.00449112
8054	0.00448423
8055	0.00447538
8056	0.00446457
8057	0.00445183
8058	0.00443717
8059	0.00442059
8060	0.00440211
8061	0.00438176
8062	0.00435955
8063	0.00433551
8064	0.00430965
8065	0.00428201
8066	0.00425261
8067	0.00422148
8068	0.00418866
8069	0.00415416
8070	0.00411803
8071	0.00408031
8072	0.00404103
8073	0.00400022
8074	0.00395794
8075	0.00391421
8076	0.00386909
8077	0.00382262
8078	0.00377485
8079	0.00372581
8080	0.00367557
8081	0.00362417
8082	0.00357165
8083	0.00351808
8084	0.00346351
8085	0.00340798
8086	0.00335156
8087	0.0032943
8088	0.00323625
8089	0.00317748
8090	0.00311803
8091	0.00305798
8092	0.00299738
8093	0.00293629
8094	0.00287476
8095	0.00281287
8096	0.00275067
8097	0.00268822
8098	0.00262558
8099	0.00256282
8100	0.0025
8101	0.00243718
8102	0.00237442
8103	0.00231178
8104	0.00224933
8105	0.00218713
8106	0.00212524
8107	0.00206371
8108	0.00200262
8109	0.00194202
8110	0.00188197
8111	0.00182252
8112	0.00176375
8113	0.0017057
8114	0.00164844
8115	0.00159202
8116	0.00153649
8117	0.00148192
8118	0.00142835
8119	0.00137583
8120	0.00132443
8121	0.00127419
8122	0.00122515
8123	0.00117738
8124	0.00113091
8125	0.00108579
8126	0.00104206
8127	0.000999778
8128	0.000958974
8129	0.00091969
8130	0.000881966
8131	0.000845839
8132	0.000811344
8133	0.000778516
8134	0.000747387
8135	0.000717987
8136	0.000690346
8137	0.000664491
8138	0.000640447
8139	0.000618238
8140	0.000597887
8141	0.000579413
8142	0.000562834
8143	0.000548166
8144	0.000535425
8145	0.000524623
8146	0.000515771
8147	0.000508876
8148	0.000503947
8149	0.000500987
8150	0.0005
8151	0.000500987
8152	0.000503947
8153	0.000508876
8154	0.000515771
8155	0.000524623
8156	0.000535425
8157	0.000548166
8158	0.000562834
8159	0.000579413
8160	0.000597887
8161	0.000618238
8162	0.000640447
8163	0.000664491
8164	0.000690346
8165	0.000717987
8166	0.000747387
8167	0.000778516
8168	0.000811344
8169	0.000845839
8170	0.000881966
8171	0.00091969
8172	0.000958974
8173	0.000999778
8174	0.00104206
8175	0.00108579
8176	0.00113091
8177	0.00117738
8178	0.00122515
8179	0.00127419
8180	0.00132443
8181	0.00137583
8182	0.00142835
8183	0.00148192
8184	0.00153649
8185	0.00159202
8186	0.00164844
8187	0.0017057
8188	0.00176375
8189	0.00182252
8190	0.00188197
8191	0.00194202
8192	0.00200262
8193	0.00206371
8194	0.00212524
8195	0.00218713
8196	0.00224933
8197	0.00231178
8198	0.00237442
8199	0.00243718
8200	0.0025
8201	0.00256282
8202	0.00262558
8203	0.00268822
8204	0.00275067
8205	0.00281287
8206	0.00287476
8207	0.00293629
8208	0.00299738
8209	0.00305798
8210	0.00311803
8211	0.00317748
8212	0.00323625
8213	0.0032943
8214	0.00335156
8215	0.00340798
8216	0.00346351
8217	0.00351808
8218	0.00357165
8219	0.00362417
8220	0.00367557
8221	0.00372581
8222	0.00377485
8223	0.00382262
8224	0.00386909
8225	0.00391421
8226	0.00395794
8227	0.00400022
8228	0.00404103
8229	0.00408031
8230	0.00411803
8231	0.00415416
8232	0.00418866
8233	0.00422148
8234	0.00425261
8235	0.00428201
8236	0.00430965
8237	0.00433551
8238	0.00435955
8239	0.00438176
8240	0.00440211
8241	0.00442059
8242	0.00443717
8243	0.00445183
8244	0.00446457
8245	0.00447538
8246	0.00448423
8247	0.00449112
8248	0.00449605
8249	0.00449901
8250	0.0045
8251	0.00449901
8252	0.00449605
8253	0.00449112
8254	0.00448423
8255	0.00447538
8256	0.00446457
8257	0.00445183
8258	0.00443717
8259	0.00442059
8260	0.00440211
8261	0.00438176
8262	0.00435955
8263	0.00433551
8264	0.00430965
8265	0.00428201
8266	0.00425261
8267	0.00422148
8268	0.00418866
8269	0.00415416
8270	0.00411803
8271	0.00408031
8272	0.00404103
8273	0.00400022
8274	0.00395794
8275	0.00391421
8276	0.00386909
8277	0.00382262
8278	0.00377485
8279	0.00372581
8280	0.00367557
8281	0.00362417
8282	0.00357165
8283	0.00351808
8284	0.00346351
8285	0.00340798
8286	0.00335156
8287	0.0032943
8288	0.00323625
8289	0.00317748
8290	0.00311803
8291	0.00305798
8292	0.00299738
8293	0.00293629
8294	0.00287476
8295	0.00281287
8296	0.00275067
8297	0.00268822
8298	0.00262558
8299	0.00256282
8300	0.0025
8301	0.00243718
8302	0.00237442
8303	0.00231178
8304	0.00224933
8305	0.00218713
8306	0.00212524
8307	0.00206371
8308	0.00200262
8309	0.00194202
8310	0.00188197
8311	0.00182252
8312	0.00176375
8313	0.0017057
8314	0.00164844
8315	0.00159202
8316	0.00153649
8317	0.00148192
8318	0.00142835
8319	0.00137583
8320	0.00132443
8321	0.00127419
8322	0.00122515
8323	0.00117738
8324	0.00113091
8325	0.00108579
8326	0.00104206
8327	0.000999778
8328	0.000958974
8329	0.00091969
8330	0.000881966
8331	0.000845839
8332	0.000811344
8333	0.000778516
8334	0.000747387
8335	0.000717987
8336	0.000690346
8337	0.000664491
8338	0.000640447
8339	0.000618238
8340	0.000597887
8341	0.000579413
8342	0.000562834
8343	0.000548166
8344	0.000535425
8345	0.000524623
8346	0.000515771
8347	0.000508876
8348	0.000503947
8349	0.000500987
8350	0.0005
8351	0.000500987
8352	0.000503947
8353	0.000508876
8354	0.000515771
8355	0.000524623
8356	0.000535425
8357	0.000548166
8358	0.000562834
8359	0.000579413
8360	0.000597887
8361	0.000618238
8362	0.000640447
8363	0.000664491
8364	0.000690346
8365	0.000717987
8366	0.000747387
8367	0.000778516
8368	0.000811344
8369	0.000845839
8370	0.000881966
8371	0.00091969
8372	0.000958974
8373	0.000999778
8374	0.00104206
8375	0.00108579
8376	0.00113091
8377	0.00117738
8378	0.00122515
8379	0.00127419
8380	0.00132443
8381	0.00137583
8382	0.00142835
8383	0.00148192
8384	0.00153649
8385	0.00159202
8386	0.00164844
8387	0.0017057
8388	0.00176375
8389	0.00182252
8390	0.00188197
8391	0.00194202
8392	0.00200262
8393	0.00206371
8394	0.00212524
8395	0.00218713
8396	0.00224933
8397	0.00231178
8398	0.00237442
8399	0.00243718
8400	0.0025
8401	0.00256282
8402	0.00262558
8403	0.00268822
8404	0.00275067
8405	0.00281287
8406	0.00287476
8407	0.00293629
8408	0.00299738
8409	0.00305798
8410	0.00311803
8411	0.00317748
8412	0.00323625
8413	0.0032943
8414	0.00335156
8415	0.00340798
8416	0.00346351
8417	0.00351808
8418	0.00357165
8419	0.00362417
8420	0.00367557
8421	0.00372581
8422	0.00377485
8423	0.00382262
8424	0.00386909
8425	0.00391421
8426	0.00395794
8427	0.00400022
8428	0.00404103
8429	0.00408031
8430	0.00411803
8431	0.00415416
8432	0.00418866
8433	0.00422148
8434	0.00425261
8435	0.00428201
8436	0.00430965
8437	0.00433551
8438	0.00435955
8439	0.00438176
8440	0.00440211
8441	0.00442059
8442	0.00443717
8443	0.00445183
8444	0.00446457
8445	0.00447538
8446	0.00448423
8447	0.00449112
8448	0.00449605
8449	0.00449901
8450	0.0045
8451	0.00449901
8452	0.00449605
8453	0.00449112
8454	0.00448423
8455	0.00447538
8456	0.00446457
8457	0.00445183
8458	0.00443717
8459	0.00442059
8460	0.00440211
8461	0.00438176
8462	0.00435955
8463	0.00433551
8464	0.00430965
8465	0.00428201
8466	0.00425261
8467	0.00422148
8468	0.00418866
8469	0.00415416
8470	0.00411803
8471	0.00408031
8472	0.00404103
8473	0.00400022
8474	0.00395794
8475	0.00391421
8476	0.00386909
8477	0.00382262
8478	0.00377485
8479	0.00372581
8480	0.00367557
8481	0.00362417
8482	0.00357165
8483	0.00351808
8484	0.00346351
8485	0.00340798
8486	0.00335156
8487	0.0032943
8488	0.00323625
8489	0.00317748
8490	0.00311803
8491	0.00305798
8492	0.00299738
8493	0.00293629
8494	0.00287476
8495	0.00281287
8496	0.00275067
8497	0.00268822
8498	0.00262558
8499	0.00256282
8500	0.0025
8501	0.00243718
8502	0.00237442
8503	0.00231178
8504	0.00224933
8505	0.00218713
8506	0.00212524
8507	0.00206371
8508	0.00200262
8509	0.00194202
8510	0.00188197
8511	0.00182252
8512	0.00176375
8513	0.0017057
8514	0.00164844
8515	0.00159202
8516	0.00153649
8517	0.00148192
8518	0.00142835
8519	0.00137583
8520	0.00132443
8521	0.00127419
8522	0.00122515
8523	0.00117738
8524	0.00113091
8525	0.00108579
8526	0.00104206
8527	0.000999778
8528	0.000958974
8529	0.00091969
8530	0.000881966
8531	0.000845839
8532	0.000811344
8533	0.000778516
8534	0.000747387
8535	0.000717987
8536	0.000690346
8537	0.000664491
8538	0.000640447
8539	0.000618238
8540	0.000597887
8541	0.000579413
8542	0.000562834
8543	0.000548166
8544	0.000535425
8545	0.000524623
8546	0.000515771
8547	0.000508876
8548	0.000503947
8549	0.000500987
8550	0.0005
8551	0.000500987
8552	0.000503947
8553	0.000508876
8554	0.000515771
8555	0.000524623
8556	0.000535425
8557	0.000548166
8558	0.000562834
8559	0.000579413
8560	0.000597887
8561	0.000618238
8562	0.000640447
8563	0.000664491
8564	0.000690346
8565	0.000717987
8566	0.000747387
8567	0.000778516
8568	0.000811344
8569	0.000845839
8570	0.000881966
8571	0.00091969
8572	0.000958974
8573	0.000999778
8574	0.00104206
8575	0.00108579
8576	0.00113091
8577	0.00117738
8578	0.00122515
8579	0.00127419
8580	0.00132443
8581	0.00137583
8582	0.00142835
8583	0.00148192
8584	0.00153649
8585	0.00159202
8586	0.00164844
8587	0.0017057
8588	0.00176375
8589	0.00182252
8590	0.00188197
8591	0.00194202
8592	0.00200262
8593	0.00206371
8594	0.00212524
8595	0.00218713
8596	0.00224933
8597	0.00231178
8598	0.00237442
8599	0.00243718
8600	0.0025
8601	0.00256282
8602	0.00262558
8603	0.00268822
8604	0.00275067
8605	0.00281287
8606	0.00287476
8607	0.00293629
8608	0.00299738
8609	0.00305798
8610	0.00311803
8611	0.00317748
8612	0.00323625
8613	0.0032943
8614	0.00335156
8615	0.00340798
8616	0.00346351
8617	0.00351808
8618	0.00357165
8619	0.00362417
8620	0.00367557
8621	0.00372581
8622	0.00377485
8623	0.00382262
8624	0.00386909
8625	0.00391421
8626	0.00395794
8627	0.00400022
8628	0.00404103
8629	0.00408031
8630	0.00411803
8631	0.00415416
8632	0.00418866
8633	0.00422148
8634	0.00425261
8635	0.00428201
8636	0.00430965
8637	0.00433551
8638	0.00435955
8639	0.00438176
8640	0.00440211
8641	0.00442059
8642	0.00443717
8643	0.00445183
8644	0.00446457
8645	0.00447538
8646	0.00448423
8647	0.00449112
8648	0.00449605
8649	0.00449901
8650	0.0045
8651	0.00449901
8652	0.00449605
8653	0.00449112
8654	0.00448423
8655	0.00447538
8656	0.00446457
8657	0.00445183
8658	0.00443717
8659	0.00442059
8660	0.00440211
8661	0.00438176
8662	0.00435955
8663	0.00433551
8664	0.00430965
8665	0.00428201
8666	0.00425261
8667	0.00422148
8668	0.00418866
8669	0.00415416
8670	0.00411803
8671	0.00408031
8672	0.00404103
8673	0.00400022
8674	0.00395794
8675	0.00391421
8676	0.00386909
8677	0.00382262
8678	0.00377485
8679	0.00372581
8680	0.00367557
8681	0.00362417
8682	0.00357165
8683	0.00351808
8684	0.00346351
8685	0.00340798
8686	0.00335156
8687	0.0032943
8688	0.00323625
8689	0.00317748
8690	0.00311803
8691	0.00305798
8692	0.00299738
8693	0.00293629
8694	0.00287476
8695	0.00281287
8696	0.00275067
8697	0.00268822
8698	0.00262558
8699	0.00256282
8700	0.0025
8701	0.00243718
8702	0.00237442
8703	0.00231178
8704	0.00224933
8705	0.00218713
8706	0.00212524
8707	0.00206371
8708	0.00200262
8709	0.00194202
8710	0.00188197
8711	0.00182252
8712	0.00176375
8713	0.0017057
8714	0.00164844
8715	0.00159202
8716	0.00153649
8717	0.00148192
8718	0.00142835
8719	0.00137583
8720	0.00132443
8721	0.00127419
8722	0.00122515
8723	0.00117738
8724	0.00113091
8725	0.00108579
8726	0.00104206
8727	0.000999778
8728	0.000958974
8729	0.00091969
8730	0.000881966
8731	0.000845839
8732	0.000811344
8733	0.000778516
8734	0.000747387
8735	0.000717987
8736	0.000690346
8737	0.000664491
8738	0.000640447
8739	0.000618238
8740	0.000597887
8741	0.000579413
8742	0.000562834
8743	0.000548166
8744	0.000535425
8745	0.000524623
8746	0.000515771
8747	0.000508876
8748	0.000503947
8749	0.000500987
8750	0.0005
8751	0.000500987
8752	0.000503947
8753	0.000508876
8754	0.000515771
8755	0.000524623
8756	0.000535425
8757	0.000548166
8758	0.000562834
8759	0.000579413
8760	0.000597887
8761	0.000618238
8762	0.000640447
8763	0.000664491
8764	0.000690346
8765	0.000717987
8766	0.000747387
8767	0.000778516
8768	0.000811344
8769	0.000845839
8770	0.000881966
8771	0.00091969
8772	0.000958974
8773	0.000999778
8774	0.00104206
8775	0.00108579
8776	0.00113091
8777	0.00117738
8778	0.00122515
8779	0.00127419
8780	0.00132443
8781	0.00137583
8782	0.00142835
8783	0.00148192
8784	0.00153649
8785	0.00159202
8786	0.00164844
8787	0.0017057
8788	0.00176375
8789	0.00182252
8790	0.00188197
8791	0.00194202
8792	0.00200262
8793	0.00206371
8794	0.00212524
8795	0.00218713
8796	0.00224933
8797	0.00231178
8798	0.00237442
8799	0.00243718
8800	0.0025
8801	0.00256282
8802	0.00262558
8803	0.00268822
8804	0.00275067
8805	0.00281287
8806	0.00287476
8807	0.00293629
8808	0.00299738
8809	0.00305798
8810	0.00311803
8811	0.00317748
8812	0.00323625
8813	0.0032943
8814	0.00335156
8815	0.00340798
8816	0.00346351
8817	0.00351808
8818	0.00357165
8819	0.00362417
8820	0.00367557
8821	0.00372581
8822	0.00377485
8823	0.00382262
8824	0.00386909
8825	0.00391421
8826	0.00395794
8827	0.00400022
8828	0.00404103
8829	0.00408031
8830	0.00411803
8831	0.00415416
8832	0.00418866
8833	0.00422148
8834	0.00425261
8835	0.00428201
8836	0.00430965
8837	0.00433551
8838	0.00435955
8839	0.00438176
8840	0.00440211
8841	0.00442059
8842	0.00443717
8843	0.00445183
8844	0.00446457
8845	0.00447538
8846	0.00448423
8847	0.00449112
8848	0.00449605
8849	0.00449901
8850	0.0045
8851	0.00449901
8852	0.00449605
8853	0.00449112
8854	0.00448423
8855	0.00447538
8856	0.00446457
8857	0.00445183
8858	0.00443717
8859	0.00442059
8860	0.00440211
8861	0.00438176
8862	0.00435955
8863	0.00433551
8864	0.00430965
8865	0.00428201
8866	0.00425261
8867	0.00422148
8868	0.00418866
8869	0.00415416
8870	0.00411803
8871	0.00408031
8872	0.00404103
8873	0.00400022
8874	0.00395794
8875	0.00391421
8876	0.00386909
8877	0.00382262
8878	0.00377485
8879	0.00372581
8880	0.00367557
8881	0.00362417
8882	0.00357165
8883	0.00351808
8884	0.00346351
8885	0.00340798
8886	0.00335156
8887	0.0032943
8888	0.00323625
8889	0.00317748
8890	0.00311803
8891	0.00305798
8892	0.00299738
8893	0.00293629
8894	0.00287476
8895	0.00281287
8896	0.00275067
8897	0.00268822
8898	0.00262558
8899	0.00256282
8900	0.0025
8901	0.00243718
8902	0.00237442
8903	0.00231178
8904	0.00224933
8905	0.00218713
8906	0.00212524
8907	0.00206371
8908	0.00200262
8909	0.00194202
8910	0.00188197
8911	0.00182252
8912	0.00176375
8913	0.0017057
8914	0.00164844
8915	0.00159202
8916	0.00153649
8917	0.00148192
8918	0.00142835
8919	0.00137583
8920	0.00132443
8921	0.00127419
8922	0.00122515
8923	0.00117738
8924	0.00113091
8925	0.00108579
8926	0.00104206
8927	0.000999778
8928	0.000958974
8929	0.00091969
8930	0.000881966
8931	0.000845839
8932	0.000811344
8933	0.000778516
8934	0.000747387
8935	0.000717987
8936	0.000690346
8937	0.000664491
8938	0.000640447
8939	0.000618238
8940	0.000597887
8941	0.000579413
8942	0.000562834
8943	0.000548166
8944	0.000535425
8945	0.000524623
8946	0.000515771
8947	0.000508876
8948	0.000503947
8949	0.000500987
8950	0.0005
8951	0.000500987
8952	0.000503947
8953	0.000508876
8954	0.000515771
8955	0.000524623
8956	0.000535425
8957	0.000548166
8958	0.000562834
8959	0.000579413
8960	0.000597887
8961	0.000618238
8962	0.000640447
8963	0.000664491
8964	0.000690346
8965	0.000717987
8966	0.000747387
8967	0.000778516
8968	0.000811344
8969	0.000845839
8970	0.000881966
8971	0.00091969
8972	0.000958974
8973	0.000999778
8974	0.00104206
8975	0.00108579
8976	0.00113091
8977	0.00117738
8978	0.00122515
8979	0.00127419
8980	0.00132443
8981	0.00137583
8982	0.00142835
8983	0.00148192
8984	0.00153649
8985	0.00159202
8986	0.00164844
8987	0.0017057
8988	0.00176375
8989	0.00182252
8990	0.00188197
8991	0.00194202
8992	0.00200262
8993	0.00206371
8994	0.00212524
8995	0.00218713
8996	0.00224933
8997	0.00231178
8998	0.00237442
8999	0.00243718
9000	0.0025
9001	0.00256282
9002	0.00262558
9003	0.00268822
9004	0.00275067
9005	0.00281287
9006	0.00287476
9007	0.00293629
9008	0.00299738
9009	0.00305798
9010	0.00311803
9011	0.00317748
9012	0.00323625
9013	0.0032943
9014	0.00335156
9015	0.00340798
9016	0.00346351
9017	0.00351808
9018	0.00357165
9019	0.00362417
9020	0.00367557
9021	0.00372581
9022	0.00377485
9023	0.00382262
9024	0.00386909
9025	0.00391421
9026	0.00395794
9027	0.00400022
9028	0.00404103
9029	0.00408031
9030	0.00411803
9031	0.00415416
9032	0.00418866
9033	0.00422148
9034	0.00425261
9035	0.00428201
9036	0.00430965
9037	0.00433551
9038	0.00435955
9039	0.00438176
9040	0.00440211
9041	0.00442059
9042	0.00443717
9043	0.00445183
9044	0.00446457
9045	0.00447538
9046	0.00448423
9047	0.00449112
9048	0.00449605
9049	0.00449901
9050	0.0045
9051	0.00449901
9052	0.00449605
9053	0.00449112
9054	0.00448423
9055	0.00447538
9056	0.00446457
9057	0.00445183
9058	0.00443717
9059	0.00442059
9060	0.00440211
9061	0.00438176
9062	0.00435955
9063	0.00433551
9064	0.00430965
9065	0.00428201
9066	0.00425261
9067	0.00422148
9068	0.00418866
9069	0.00415416
9070	0.00411803
9071	0.00408031
9072	0.00404103
9073	0.00400022
9074	0.00395794
9075	0.00391421
9076	0.00386909
9077	0.00382262
9078	0.00377485
9079	0.00372581
9080	0.00367557
9081	0.00362417
9082	0.00357165
9083	0.00351808
9084	0.00346351
9085	0.00340798
9086	0.00335156
9087	0.0032943
9088	0.00323625
9089	0.00317748
9090	0.00311803
9091	0.00305798
9092	0.00299738
9093	0.00293629
9094	0.00287476
9095	0.00281287
9096	0.00275067
9097	0.00268822
9098	0.00262558
9099	0.00256282
9100	0.0025
9101	0.00243718
9102	0.00237442
9103	0.00231178
9104	0.00224933
9105	0.00218713
9106	0.00212524
9107	0.00206371
9108	0.00200262
9109	0.00194202
9110	0.00188197
9111	0.00182252
9112	0.00176375
9113	0.0017057
9114	0.00164844
9115	0.00159202
9116	0.00153649
9117	0.00148192
9118	0.00142835
9119	0.00137583
9120	0.00132443
9121	0.00127419
9122	0.00122515
9123	0.00117738
9124	0.00113091
9125	0.00108579
9126	0.00104206
9127	0.000999778
9128	0.000958974
9129	0.00091969
9130	0.000881966
9131	0.000845839
9132	0.000811344
9133	0.000778516
9134	0.000747387
9135	0.000717987
9136	0.000690346
9137	0.000664491
9138	0.000640447
9139	0.000618238
9140	0.000597887
9141	0.000579413
9142	0.000562834
9143	0.000548166
9144	0.000535425
9145	0.000524623
9146	0.000515771
9147	0.000508876
9148	0.000503947
9149	0.000500987
9150	0.0005
9151	0.000500987
9152	0.000503947
9153	0.000508876
9154	0.000515771
9155	0.000524623
9156	0.000535425
9157	0.000548166
9158	0.000562834
9159	0.000579413
9160	0.000597887
9161	0.000618238
9162	0.000640447
9163	0.000664491
9164	0.000690346
9165	0.000717987
9166	0.000747387
9167	0.000778516
9168	0.000811344
9169	0.000845839
9170	0.000881966
9171	0.00091969
9172	0.000958974
9173	0.000999778
9174	0.00104206
9175	0.00108579
9176	0.00113091
9177	0.00117738
9178	0.00122515
9179	0.00127419
9180	0.00132443
9181	0.00137583
9182	0.00142835
9183	0.00148192
9184	0.00153649
9185	0.00159202
9186	0.00164844
9187	0.0017057
9188	0.00176375
9189	0.00182252
9190	0.00188197
9191	0.00194202
9192	0.00200262
9193	0.00206371
9194	0.00212524
9195	0.00218713
9196	0.00224933
9197	0.00231178
9198	0.00237442
9199	0.00243718
9200	0.0025
9201	0.00256282
9202	0.00262558
9203	0.00268822
9204	0.00275067
9205	0.00281287
9206	0.00287476
9207	0.00293629
9208	0.00299738
9209	0.00305798
9210	0.00311803
9211	0.00317748
9212	0.00323625
9213	0.0032943
9214	0.00335156
9215	0.00340798
9216	0.00346351
9217	0.00351808
9218	0.00357165
9219	0.00362417
9220	0.00367557
9221	0.00372581
9222	0.00377485
9223	0.00382262
9224	0.00386909
9225	0.00391421
9226	0.00395794
9227	0.00400022
9228	0.00404103
9229	0.00408031
9230	0.00411803
9231	0.00415416
9232	0.00418866
9233	0.00422148
9234	0.00425261
9235	0.00428201
9236	0.00430965
9237	0.00433551
9238	0.00435955
9239	0.00438176
9240	0.00440211
9241	0.00442059
9242	0.00443717
9243	0.00445183
9244	0.00446457
9245	0.00447538
9246	0.00448423
9247	0.00449112
9248	0.00449605
9249	0.00449901
9250	0.0045
9251	0.00449901
9252	0.00449605
9253	0.00449112
9254	0.00448423
9255	0.00447538
9256	0.00446457
9257	0.00445183
9258	0.00443717
9259	0.00442059
9260	0.00440211
9261	0.00438176
9262	0.00435955
9263	0.00433551
9264	0.00430965
9265	0.00428201
9266	0.00425261
9267	0.00422148
9268	0.00418866
9269	0.00415416
9270	0.00411803
9271	0.00408031
9272	0.00404103
9273	0.00400022
9274	0.00395794
9275	0.00391421
9276	0.00386909
9277	0.00382262
9278	0.00377485
9279	0.00372581
9280	0.00367557
9281	0.00362417
9282	0.00357165
9283	0.00351808
9284	0.00346351
9285	0.00340798
9286	0.00335156
9287	0.0032943
9288	0.00323625
9289	0.00317748
9290	0.00311803
9291	0.00305798
9292	0.00299738
9293	0.00293629
9294	0.00287476
9295	0.00281287
9296	0.00275067
9297	0.00268822
9298	0.00262558
9299	0.00256282
9300	0.0025
9301	0.00243718
9302	0.00237442
9303	0.00231178
9304	0.00224933
9305	0.00218713
9306	0.00212524
9307	0.00206371
9308	0.00200262
9309	0.00194202
9310	0.00188197
9311	0.00182252
9312	0.00176375
9313	0.0017057
9314	0.00164844
9315	0.00159202
9316	0.00153649
9317	0.00148192
9318	0.00142835
9319	0.00137583
9320	0.00132443
9321	0.00127419
9322	0.00122515
9323	0.00117738
9324	0.00113091
9325	0.00108579
9326	0.00104206
9327	0.000999778
9328	0.000958974
9329	0.00091969
9330	0.000881966
9331	0.000845839
9332	0.000811344
9333	0.000778516
9334	0.000747387
9335	0.000717987
9336	0.000690346
9337	0.000664491
9338	0.000640447
9339	0.000618238
9340	0.000597887
9341	0.000579413
9342	0.000562834
9343	0.000548166
9344	0.000535425
9345	0.000524623
9346	0.000515771
9347	0.000508876
9348	0.000503947
9349	0.000500987
9350	0.0005
9351	0.000500987
9352	0.000503947
9353	0.000508876
9354	0.000515771
9355	0.000524623
9356	0.000535425
9357	0.000548166
9358	0.000562834
9359	0.000579413
9360	0.000597887
9361	0.000618238
9362	0.000640447
9363	0.000664491
9364	0.000690346
9365	0.000717987
9366	0.000747387
9367	0.000778516
9368	0.000811344
9369	0.000845839
9370	0.000881966
9371	0.00091969
9372	0.000958974
9373	0.000999778
9374	0.00104206
9375	0.00108579
9376	0.00113091
9377	0.00117738
9378	0.00122515
9379	0.00127419
9380	0.00132443
9381	0.00137583
9382	0.00142835
9383	0.00148192
9384	0.00153649
9385	0.00159202
9386	0.00164844
9387	0.0017057
9388	0.00176375
9389	0.00182252
9390	0.00188197
9391	0.00194202
9392	0.00200262
9393	0.00206371
9394	0.00212524
9395	0.00218713
9396	0.00224933
9397	0.00231178
9398	0.00237442
9399	0.00243718
9400	0.0025
9401	0.00256282
9402	0.00262558
9403	0.00268822
9404	0.00275067
9405	0.00281287
9406	0.00287476
9407	0.00293629
9408	0.00299738
9409	0.00305798
9410	0.00311803
9411	0.00317748
9412	0.00323625
9413	0.0032943
9414	0.00335156
9415	0.00340798
9416	0.00346351
9417	0.00351808
9418	0.00357165
9419	0.00362417
9420	0.00367557
9421	0.00372581
9422	0.00377485
9423	0.00382262
9424	0.00386909
9425	0.00391421
9426	0.00395794
9427	0.00400022
9428	0.00404103
9429	0.00408031
9430	0.00411803
9431	0.00415416
9432	0.00418866
9433	0.00422148
9434	0.00425261
9435	0.00428201
9436	0.00430965
9437	0.00433551
9438	0.00435955
9439	0.00438176
9440	0.00440211
9441	0.00442059
9442	0.00443717
9443	0.00445183
9444	0.00446457
9445	0.00447538
9446	0.00448423
9447	0.00449112
9448	0.00449605
9449	0.00449901
9450	0.0045
9451	0.00449901
9452	0.00449605
9453	0.00449112
9454	0.00448423
9455	0.00447538
9456	0.00446457
9457	0.00445183
9458	0.00443717
9459	0.00442059
9460	0.00440211
9461	0.00438176
9462	0.00435955
9463	0.00433551
9464	0.00430965
9465	0.00428201
9466	0.00425261
9467	0.00422148
9468	0.00418866
9469	0.00415416
9470	0.00411803
9471	0.00408031
9472	0.00404103
9473	0.00400022
9474	0.00395794
9475	0.00391421
9476	0.00386909
9477	0.00382262
9478	0.00377485
9479	0.00372581
9480	0.00367557
9481	0.00362417
9482	0.00357165
9483	0.00351808
9484	0.00346351
9485	0.00340798
9486	0.00335156
9487	0.0032943
9488	0.00323625
9489	0.00317748
9490	0.00311803
9491	0.00305798
9492	0.00299738
9493	0.00293629
9494	0.00287476
9495	0.00281287
9496	0.00275067
9497	0.00268822
9498	0.00262558
9499	0.00256282
9500	0.0025
9501	0.00243718
9502	0.00237442
9503	0.00231178
9504	0.00224933
9505	0.00218713
9506	0.00212524
9507	0.00206371
9508	0.00200262
9509	0.00194202
9510	0.00188197
9511	0.00182252
9512	0.00176375
9513	0.0017057
9514	0.00164844
9515	0.00159202
9516	0.00153649
9517	0.00148192
9518	0.00142835
9519	0.00137583
9520	0.00132443
9521	0.00127419
9522	0.00122515
9523	0.00117738
9524	0.00113091
9525	0.00108579
9526	0.00104206
9527	0.000999778
9528	0.000958974
9529	0.00091969
9530	0.000881966
9531	0.000845839
9532	0.000811344
9533	0.000778516
9534	0.000747387
9535	0.000717987
9536	0.000690346
9537	0.000664491
9538	0.000640447
9539	0.000618238
9540	0.000597887
9541	0.000579413
9542	0.000562834
9543	0.000548166
9544	0.000535425
9545	0.000524623
9546	0.000515771
9547	0.000508876
9548	0.000503947
9549	0.000500987
9550	0.0005
9551	0.000500987
9552	0.000503947
9553	0.000508876
9554	0.000515771
9555	0.000524623
9556	0.000535425
9557	0.000548166
9558	0.000562834
9559	0.000579413
9560	0.000597887
9561	0.000618238
9562	0.000640447
9563	0.000664491
9564	0.000690346
9565	0.000717987
9566	0.000747387
9567	0.000778516
9568	0.000811344
9569	0.000845839
9570	0.000881966
9571	0.00091969
9572	0.000958974
9573	0.000999778
9574	0.00104206
9575	0.00108579
9576	0.00113091
9577	0.00117738
9578	0.00122515
9579	0.00127419
9580	0.00132443
9581	0.00137583
9582	0.00142835
9583	0.00148192
9584	0.00153649
9585	0.00159202
9586	0.00164844
9587	0.0017057
9588	0.00176375
9589	0.00182252
9590	0.00188197
9591	0.00194202
9592	0.00200262
9593	0.00206371
9594	0.00212524
9595	0.00218713
9596	0.00224933
9597	0.00231178
9598	0.00237442
9599	0.00243718
9600	0.0025
9601	0.00256282
9602	0.00262558
9603	0.00268822
9604	0.00275067
9605	0.00281287
9606	0.00287476
9607	0.00293629
9608	0.00299738
9609	0.00305798
9610	0.00311803
9611	0.00317748
9612	0.00323625
9613	0.0032943
9614	0.00335156
9615	0.00340798
9616	0.00346351
9617	0.00351808
9618	0.00357165
9619	0.00362417
9620	0.00367557
9621	0.00372581
9622	0.00377485
9623	0.00382262
9624	0.00386909
9625	0.00391421
9626	0.00395794
9627	0.00400022
9628	0.00404103
9629	0.00408031
9630	0.00411803
9631	0.00415416
9632	0.00418866
9633	0.00422148
9634	0.00425261
9635	0.00428201
9636	0.00430965
9637	0.00433551
9638	0.00435955
9639	0.00438176
9640	0.00440211
9641	0.00442059
9642	0.00443717
9643	0.00445183
9644	0.00446457
9645	0.00447538
9646	0.00448423
9647	0.00449112
9648	0.00449605
9649	0.00449901
9650	0.0045
9651	0.00449901
9652	0.00449605
9653	0.00449112
9654	0.00448423
9655	0.00447538
9656	0.00446457
9657	0.00445183
9658	0.00443717
9659	0.00442059
9660	0.00440211
9661	0.00438176
9662	0.00435955
9663	0.00433551
9664	0.00430965
9665	0.00428201
9666	0.00425261
9667	0.00422148
9668	0.00418866
9669	0.00415416
9670	0.00411803
9671	0.00408031
9672	0.00404103
9673	0.00400022
9674	0.00395794
9675	0.00391421
9676	0.00386909
9677	0.00382262
9678	0.00377485
9679	0.00372581
9680	0.00367557
9681	0.00362417
9682	0.00357165
9683	0.00351808
9684	0.00346351
9685	0.00340798
9686	0.00335156
9687	0.0032943
9688	0.00323625
9689	0.00317748
9690	0.00311803
9691	0.00305798
9692	0.00299738
9693	0.00293629
9694	0.00287476
9695	0.00281287
9696	0.00275067
9697	0.00268822
9698	0.00262558
9699	0.00256282
9700	0.0025
9701	0.00243718
9702	0.00237442
9703	0.00231178
9704	0.00224933
9705	0.00218713
9706	0.00212524
9707	0.00206371
9708	0.00200262
9709	0.00194202
9710	0.00188197
9711	0.00182252
9712	0.00176375
9713	0.0017057
9714	0.00164844
9715	0.00159202
9716	0.00153649
9717	0.00148192
9718	0.00142835
9719	0.00137583
9720	0.00132443
9721	0.00127419
9722	0.00122515
9723	0.00117738
9724	0.00113091
9725	0.00108579
9726	0.00104206
9727	0.000999778
9728	0.000958974
9729	0.00091969
9730	0.000881966
9731	0.000845839
9732	0.000811344
9733	0.000778516
9734	0.000747387
9735	0.000717987
9736	0.000690346
9737	0.000664491
9738	0.000640447
9739	0.000618238
9740	0.000597887
9741	0.000579413
9742	0.000562834
9743	0.000548166
9744	0.000535425
9745	0.000524623
9746	0.000515771
9747	0.000508876
9748	0.000503947
9749	0.000500987
9750	0.0005
9751	0.000500987
9752	0.000503947
9753	0.000508876
9754	0.000515771
9755	0.000524623
9756	0.000535425
9757	0.000548166
9758	0.000562834
9759	0.000579413
9760	0.000597887
9761	0.000618238
9762	0.000640447
9763	0.000664491
9764	0.000690346
9765	0.000717987
9766	0.000747387
9767	0.000778516
9768	0.000811344
9769	0.000845839
9770	0.000881966
9771	0.00091969
9772	0.000958974
9773	0.000999778
9774	0.00104206
9775	0.00108579
9776	0.00113091
9777	0.00117738
9778	0.00122515
9779	0.00127419
9780	0.00132443
9781	0.00137583
9782	0.00142835
9783	0.00148192
9784	0.00153649
9785	0.00159202
9786	0.00164844
9787	0.0017057
9788	0.00176375
9789	0.00182252
9790	0.00188197
9791	0.00194202
9792	0.00200262
9793	0.00206371
9794	0.00212524
9795	0.00218713
9796	0.00224933
9797	0.00231178
9798	0.00237442
9799	0.00243718
9800	0.0025
9801	0.00256282
9802	0.00262558
9803	0.00268822
9804	0.00275067
9805	0.00281287
9806	0.00287476
9807	0.00293629
9808	0.00299738
9809	0.00305798
9810	0.00311803
9811	0.00317748
9812	0.00323625
9813	0.0032943
9814	0.00335156
9815	0.00340798
9816	0.00346351
9817	0.00351808
9818	0.00357165
9819	0.00362417
9820	0.00367557
9821	0.00372581
9822	0.00377485
9823	0.00382262
9824	0.00386909
9825	0.00391421
9826	0.00395794
9827	0.00400022
9828	0.00404103
9829	0.00408031
9830	0.00411803
9831	0.00415416
9832	0.00418866
9833	0.00422148
9834	0.00425261
9835	0.00428201
9836	0.00430965
9837	0.00433551
9838	0.00435955
9839	0.00438176
9840	0.00440211
9841	0.00442059
9842	0.00443717
9843	0.00445183
9844	0.00446457
9845	0.00447538
9846	0.00448423
9847	0.00449112
9848	0.00449605
9849	0.00449901
9850	0.0045
9851	0.00449901
9852	0.00449605
9853	0.00449112
9854	0.00448423
9855	0.00447538
9856	0.00446457
9857	0.00445183
9858	0.00443717
9859	0.00442059
9860	0.00440211
9861	0.00438176
9862	0.00435955
9863	0.00433551
9864	0.00430965
9865	0.00428201
9866	0.00425261
9867	0.00422148
9868	0.00418866
9869	0.00415416
9870	0.00411803
9871	0.00408031
9872	0.00404103
9873	0.00400022
9874	0.00395794
9875	0.00391421
9876	0.00386909
9877	0.00382262
9878	0.00377485
9879	0.00372581
9880	0.00367557
9881	0.00362417
9882	0.00357165
9883	0.00351808
9884	0.00346351
9885	0.00340798
9886	0.00335156
9887	0.0032943
9888	0.00323625
9889	0.00317748
9890	0.00311803
9891	0.00305798
9892	0.00299738
9893	0.00293629
9894	0.00287476
9895	0.00281287
9896	0.00275067
9897	0.00268822
9898	0.00262558
9899	0.00256282
9900	0.0025
9901	0.00243718
9902	0.00237442
9903	0.00231178
9904	0.00224933
9905	0.00218713
9906	0.00212524
9907	0.00206371
9908	0.00200262
9909	0.00194202
9910	0.00188197
9911	0.00182252
9912	0.00176375
9913	0.0017057
9914	0.00164844
9915	0.00159202
9916	0.00153649
9917	0.00148192
9918	0.00142835
9919	0.00137583
9920	0.00132443
9921	0.00127419
9922	0.00122515
9923	0.00117738
9924	0.00113091
9925	0.00108579
9926	0.00104206
9927	0.000999778
9928	0.000958974
9929	0.00091969
9930	0.000881966
9931	0.000845839
9932	0.000811344
9933	0.000778516
9934	0.000747387
9935	0.000717987
9936	0.000690346
9937	0.000664491
9938	0.000640447
9939	0.000618238
9940	0.000597887
9941	0.000579413
9942	0.000562834
9943	0.000548166
9944	0.000535425
9945	0.000524623
9946	0.000515771
9947	0.000508876
9948	0.000503947
9949	0.000500987
9950	0.0005
9951	0.000500987
9952	0.000503947
9953	0.000508876
9954	0.000515771
9955	0.000524623
9956	0.000535425
9957	0.000548166
9958	0.000562834
9959	0.000579413
9960	0.000597887
9961	0.000618238
9962	0.000640447
9963	0.000664491
9964	0.000690346
9965	0.000717987
9966	0.000747387
9967	0.000778516
9968	0.000811344
9969	0.000845839
9970	0.000881966
9971	0.00091969
9972	0.000958974
9973	0.000999778
9974	0.00104206
9975	0.00108579
9976	0.00113091
9977	0.00117738
9978	0.00122515
9979	0.00127419
9980	0.00132443
9981	0.00137583
9982	0.00142835
9983	0.00148192
9984	0.00153649
9985	0.00159202
9986	0.00164844
9987	0.0017057
9988	0.00176375
9989	0.00182252
9990	0.00188197
9991	0.00194202
9992	0.00200262
9993	0.00206371
9994	0.00212524
9995	0.00218713
9996	0.00224933
9997	0.00231178
9998	0.00237442
9999	0.00243718
10000	0.0025
10001	0.00256282
10002	0.00262558
10003	0.00268822
10004	0.00275067
10005	0.00281287
10006	0.00287476
10007	0.00293629
10008	0.00299738
10009	0.00305798
10010	0.00311803
10011	0.00317748
10012	0.00323625
10013	0.0032943
10014	0.00335156
10015	0.00340798
10016	0.00346351
10017	0.00351808
10018	0.00357165
10019	0.00362417
10020	0.00367557
10021	0.00372581
10022	0.00377485
10023	0.00382262
10024	0.00386909
10025	0.00391421
10026	0.00395794
10027	0.00400022
10028	0.00404103
10029	0.00408031
10030	0.00411803
10031	0.00415416
10032	0.00418866
10033	0.00422148
10034	0.00425261
10035	0.00428201
10036	0.00430965
10037	0.00433551
10038	0.00435955
10039	0.00438176
10040	0.00440211
10041	0.00442059
10042	0.00443717
10043	0.00445183
10044	0.00446457
10045	0.00447538
10046	0.00448423
10047	0.00449112
10048	0.00449605
10049	0.00449901
10050	0.0045
10051	0.00449901
10052	0.00449605
10053	0.00449112
10054	0.00448423
10055	0.00447538
10056	0.00446457
10057	0.00445183
10058	0.00443717
10059	0.00442059
10060	0.00440211
10061	0.00438176
10062	0.00435955
10063	0.00433551
10064	0.00430965
10065	0.00428201
10066	0.00425261
10067	0.00422148
10068	0.00418866
10069	0.00415416
10070	0.00411803
10071	0.00408031
10072	0.00404103
10073	0.00400022
10074	0.00395794
10075	0.00391421
10076	0.00386909
10077	0.00382262
10078	0.00377485
10079	0.00372581
10080	0.00367557
10081	0.00362417
10082	0.00357165
10083	0.00351808
10084	0.00346351
10085	0.00340798
10086	0.00335156
10087	0.0032943
10088	0.00323625
10089	0.00317748
10090	0.00311803
10091	0.00305798
10092	0.00299738
10093	0.00293629
10094	0.00287476
10095	0.00281287
10096	0.00275067
10097	0.00268822
10098	0.00262558
10099	0.00256282
10100	0.0025
10101	0.00243718
10102	0.00237442
10103	0.00231178
10104	0.00224933
10105	0.00218713
10106	0.00212524
10107	0.00206371
10108	0.00200262
10109	0.00194202
10110	0.00188197
10111	0.00182252
10112	0.00176375
10113	0.0017057
10114	0.00164844
10115	0.00159202
10116	0.00153649
10117	0.00148192
10118	0.00142835
10119	0.00137583
10120	0.00132443
10121	0.00127419
10122	0.00122515
10123	0.00117738
10124	0.00113091
10125	0.00108579
10126	0.00104206
10127	0.000999778
10128	0.000958974
10129	0.00091969
10130	0.000881966
10131	0.000845839
10132	0.000811344
10133	0.000778516
10134	0.000747387
10135	0.000717987
10136	0.000690346
10137	0.000664491
10138	0.000640447
10139	0.000618238
10140	0.000597887
10141	0.000579413
10142	0.000562834
10143	0.000548166
10144	0.000535425
10145	0.000524623
10146	0.000515771
10147	0.000508876
10148	0.000503947
10149	0.000500987
10150	0.0005
10151	0.000500987
10152	0.000503947
10153	0.000508876
10154	0.000515771
10155	0.000524623
10156	0.000535425
10157	0.000548166
10158	0.000562834
10159	0.000579413
10160	0.000597887
10161	0.000618238
10162	0.000640447
10163	0.000664491
10164	0.000690346
10165	0.000717987
10166	0.000747387
10167	0.000778516
10168	0.000811344
10169	0.000845839
10170	0.000881966
10171	0.00091969
10172	0.000958974
10173	0.000999778
10174	0.00104206
10175	0.00108579
10176	0.00113091
10177	0.00117738
10178	0.00122515
10179	0.00127419
10180	0.00132443
10181	0.00137583
10182	0.00142835
10183	0.00148192
10184	0.00153649
10185	0.00159202
10186	0.00164844
10187	0.0017057
10188	0.00176375
10189	0.00182252
10190	0.00188197
10191	0.00194202
10192	0.00200262
10193	0.00206371
10194	0.00212524
10195	0.00218713
10196	0.00224933
10197	0.00231178
10198	0.00237442
10199	0.00243718
10200	0.0025
10201	0.00256282
10202	0.00262558
10203	0.00268822
10204	0.00275067
10205	0.00281287
10206	0.00287476
10207	0.00293629
10208	0.00299738
10209	0.00305798
10210	0.00311803
10211	0.00317748
10212	0.00323625
10213	0.0032943
10214	0.00335156
10215	0.00340798
10216	0.00346351
10217	0.00351808
10218	0.00357165
10219	0.00362417
10220	0.00367557
10221	0.00372581
10222	0.00377485
10223	0.00382262
10224	0.00386909
10225	0.00391421
10226	0.00395794
10227	0.00400022
10228	0.00404103
10229	0.00408031
10230	0.00411803
10231	0.00415416
10232	0.00418866
10233	0.00422148
10234	0.00425261
10235	0.00428201
10236	0.00430965
10237	0.00433551
10238	0.00435955
10239	0.00438176
10240	0.00440211
10241	0.00442059
10242	0.00443717
10243	0.00445183
10244	0.00446457
10245	0.00447538
10246	0.00448423
10247	0.00449112
10248	0.00449605
10249	0.00449901
10250	0.0045
10251	0.00449901
10252	0.00449605
10253	0.00449112
10254	0.00448423
10255	0.00447538
10256	0.00446457
10257	0.00445183
10258	0.00443717
10259	0.00442059
10260	0.00440211
10261	0.00438176
10262	0.00435955
10263	0.00433551
10264	0.00430965
10265	0.00428201
10266	0.00425261
10267	0.00422148
10268	0.00418866
10269	0.00415416
10270	0.00411803
10271	0.00408031
10272	0.00404103
10273	0.00400022
10274	0.00395794
10275	0.00391421
10276	0.00386909
10277	0.00382262
10278	0.00377485
10279	0.00372581
10280	0.00367557
10281	0.00362417
10282	0.00357165
10283	0.00351808
10284	0.00346351
10285	0.00340798
10286	0.00335156
10287	0.0032943
10288	0.00323625
10289	0.00317748
10290	0.00311803
10291	0.00305798
10292	0.00299738
10293	0.00293629
10294	0.00287476
10295	0.00281287
10296	0.00275067
10297	0.00268822
10298	0.00262558
10299	0.00256282
10300	0.0025
10301	0.00243718
10302	0.00237442
10303	0.00231178
10304	0.00224933
10305	0.00218713
10306	0.00212524
10307	0.00206371
10308	0.00200262
10309	0.00194202
10310	0.00188197
10311	0.00182252
10312	0.00176375
10313	0.0017057
10314	0.00164844
10315	0.00159202
10316	0.00153649
10317	0.00148192
10318	0.00142835
10319	0.00137583
10320	0.00132443
10321	0.00127419
10322	0.00122515
10323	0.00117738
10324	0.00113091
10325	0.00108579
10326	0.00104206
10327	0.000999778
10328	0.000958974
10329	0.00091969
10330	0.000881966
10331	0.000845839
10332	0.000811344
10333	0.000778516
10334	0.000747387
10335	0.000717987
10336	0.000690346
10337	0.000664491
10338	0.000640447
10339	0.000618238
10340	0.000597887
10341	0.000579413
10342	0.000562834
10343	0.000548166
10344	0.000535425
10345	0.000524623
10346	0.000515771
10347	0.000508876
10348	0.000503947
10349	0.000500987
10350	0.0005
10351	0.000500987
10352	0.000503947
10353	0.000508876
10354	0.000515771
10355	0.000524623
10356	0.000535425
10357	0.000548166
10358	0.000562834
10359	0.000579413
10360	0.000597887
10361	0.000618238
10362	0.000640447
10363	0.000664491
10364	0.000690346
10365	0.000717987
10366	0.000747387
10367	0.000778516
10368	0.000811344
10369	0.000845839
10370	0.000881966
10371	0.00091969
10372	0.000958974
10373	0.000999778
10374	0.00104206
10375	0.00108579
10376	0.00113091
10377	0.00117738
10378	0.00122515
10379	0.00127419
10380	0.00132443
10381	0.00137583
10382	0.00142835
10383	0.00148192
10384	0.00153649
10385	0.00159202
10386	0.00164844
10387	0.0017057
10388	0.00176375
10389	0.00182252
10390	0.00188197
10391	0.00194202
10392	0.00200262
10393	0.00206371
10394	0.00212524
10395	0.00218713
10396	0.00224933
10397	0.00231178
10398	0.00237442
10399	0.00243718
10400	0.0025
10401	0.00256282
10402	0.00262558
10403	0.00268822
10404	0.00275067
10405	0.00281287
10406	0.00287476
10407	0.00293629
10408	0.00299738
10409	0.00305798
10410	0.00311803
10411	0.00317748
10412	0.00323625
10413	0.0032943
10414	0.00335156
10415	0.00340798
10416	0.00346351
10417	0.00351808
10418	0.00357165
10419	0.00362417
10420	0.00367557
10421	0.00372581
10422	0.00377485
10423	0.00382262
10424	0.00386909
10425	0.00391421
10426	0.00395794
10427	0.00400022
10428	0.00404103
10429	0.00408031
10430	0.00411803
10431	0.00415416
10432	0.00418866
10433	0.00422148
10434	0.00425261
10435	0.00428201
10436	0.00430965
10437	0.00433551
10438	0.00435955
10439	0.00438176
10440	0.00440211
10441	0.00442059
10442	0.00443717
10443	0.00445183
10444	0.00446457
10445	0.00447538
10446	0.00448423
10447	0.00449112
10448	0.00449605
10449	0.00449901
10450	0.0045
10451	0.00449901
10452	0.00449605
10453	0.00449112
10454	0.00448423
10455	0.00447538
10456	0.00446457
10457	0.00445183
10458	0.00443717
10459	0.00442059
10460	0.00440211
10461	0.00438176
10462	0.00435955
10463	0.00433551
10464	0.00430965
10465	0.00428201
10466	0.00425261
10467	0.00422148
10468	0.00418866
10469	0.00415416
10470	0.00411803
10471	0.00408031
10472	0.00404103
10473	0.00400022
10474	0.00395794
10475	0.00391421
10476	0.00386909
10477	0.00382262
10478	0.00377485
10479	0.00372581
10480	0.00367557
10481	0.00362417
10482	0.00357165
10483	0.00351808
10484	0.00346351
10485	0.00340798
10486	0.00335156
10487	0.0032943
10488	0.00323625
10489	0.00317748
10490	0.00311803
10491	0.00305798
10492	0.00299738
10493	0.00293629
10494	0.00287476
10495	0.00281287
10496	0.00275067
10497	0.00268822
10498	0.00262558
10499	0.00256282
10500	0.0025
10501	0.00243718
10502	0.00237442
10503	0.00231178
10504	0.00224933
10505	0.00218713
10506	0.00212524
10507	0.00206371
10508	0.00200262
10509	0.00194202
10510	0.00188197
10511	0.00182252
10512	0.00176375
10513	0.0017057
10514	0.00164844
10515	0.00159202
10516	0.00153649
10517	0.00148192
10518	0.00142835
10519	0.00137583
10520	0.00132443
10521	0.00127419
10522	0.00122515
10523	0.00117738
10524	0.00113091
10525	0.00108579
10526	0.00104206
10527	0.000999778
10528	0.000958974
10529	0.00091969
10530	0.000881966
10531	0.000845839
10532	0.000811344
10533	0.000778516
10534	0.000747387
10535	0.000717987
10536	0.000690346
10537	0.000664491
10538	0.000640447
10539	0.000618238
10540	0.000597887
10541	0.000579413
10542	0.000562834
10543	0.000548166
10544	0.000535425
10545	0.000524623
10546	0.000515771
10547	0.000508876
10548	0.000503947
10549	0.000500987
10550	0.0005
10551	0.000500987
10552	0.000503947
10553	0.000508876
10554	0.000515771
10555	0.000524623
10556	0.000535425
10557	0.000548166
10558	0.000562834
10559	0.000579413
10560	0.000597887
10561	0.000618238
10562	0.000640447
10563	0.000664491
10564	0.000690346
10565	0.000717987
10566	0.000747387
10567	0.000778516
10568	0.000811344
10569	0.000845839
10570	0.000881966
10571	0.00091969
10572	0.000958974
10573	0.000999778
10574	0.00104206
10575	0.00108579
10576	0.00113091
10577	0.00117738
10578	0.00122515
10579	0.00127419
10580	0.00132443
10581	0.00137583
10582	0.00142835
10583	0.00148192
10584	0.00153649
10585	0.00159202
10586	0.00164844
10587	0.0017057
10588	0.00176375
10589	0.00182252
10590	0.00188197
10591	0.00194202
10592	0.00200262
10593	0.00206371
10594	0.00212524
10595	0.00218713
10596	0.00224933
10597	0.00231178
10598	0.00237442
10599	0.00243718
10600	0.0025
10601	0.00256282
10602	0.00262558
10603	0.00268822
10604	0.00275067
10605	0.00281287
10606	0.00287476
10607	0.00293629
10608	0.00299738
10609	0.00305798
10610	0.00311803
10611	0.00317748
10612	0.00323625
10613	0.0032943
10614	0.00335156
10615	0.00340798
10616	0.00346351
10617	0.00351808
10618	0.00357165
10619	0.00362417
10620	0.00367557
10621	0.00372581
10622	0.00377485
10623	0.00382262
10624	0.00386909
10625	0.00391421
10626	0.00395794
10627	0.00400022
10628	0.00404103
10629	0.00408031
10630	0.00411803
10631	0.00415416
10632	0.00418866
10633	0.00422148
10634	0.00425261
10635	0.00428201
10636	0.00430965
10637	0.00433551
10638	0.00435955
10639	0.00438176
10640	0.00440211
10641	0.00442059
10642	0.00443717
10643	0.00445183
10644	0.00446457
10645	0.00447538
10646	0.00448423
10647	0.00449112
10648	0.00449605
10649	0.00449901
10650	0.0045
10651	0.00449901
10652	0.00449605
10653	0.00449112
10654	0.00448423
10655	0.00447538
10656	0.00446457
10657	0.00445183
10658	0.00443717
10659	0.00442059
10660	0.00440211
10661	0.00438176
10662	0.00435955
10663	0.00433551
10664	0.00430965
10665	0.00428201
10666	0.00425261
10667	0.00422148
10668	0.00418866
10669	0.00415416
10670	0.00411803
10671	0.00408031
10672	0.00404103
10673	0.00400022
10674	0.00395794
10675	0.00391421
10676	0.00386909
10677	0.00382262
10678	0.00377485
10679	0.00372581
10680	0.00367557
10681	0.00362417
10682	0.00357165
10683	0.00351808
10684	0.00346351
10685	0.00340798
10686	0.00335156
10687	0.0032943
10688	0.00323625
10689	0.00317748
10690	0.00311803
10691	0.00305798
10692	0.00299738
10693	0.00293629
10694	0.00287476
10695	0.00281287
10696	0.00275067
10697	0.00268822
10698	0.00262558
10699	0.00256282
10700	0.0025
10701	0.00243718
10702	0.00237442
10703	0.00231178
10704	0.00224933
10705	0.00218713
10706	0.00212524
10707	0.00206371
10708	0.00200262
10709	0.00194202
10710	0.00188197
10711	0.00182252
10712	0.00176375
10713	0.0017057
10714	0.00164844
10715	0.00159202
10716	0.00153649
10717	0.00148192
10718	0.00142835
10719	0.00137583
10720	0.00132443
10721	0.00127419
10722	0.00122515
10723	0.00117738
10724	0.00113091
10725	0.00108579
10726	0.00104206
10727	0.000999778
10728	0.000958974
10729	0.00091969
10730	0.000881966
10731	0.000845839
10732	0.000811344
10733	0.000778516
10734	0.000747387
10735	0.000717987
10736	0.000690346
10737	0.000664491
10738	0.000640447
10739	0.000618238
10740	0.000597887
10741	0.000579413
10742	0.000562834
10743	0.000548166
10744	0.000535425
10745	0.000524623
10746	0.000515771
10747	0.000508876
10748	0.000503947
10749	0.000500987
10750	0.0005
10751	0.000500987
10752	0.000503947
10753	0.000508876
10754	0.000515771
10755	0.000524623
10756	0.000535425
10757	0.000548166
10758	0.000562834
10759	0.000579413
10760	0.000597887
10761	0.000618238
10762	0.000640447
10763	0.000664491
10764	0.000690346
10765	0.000717987
10766	0.000747387
10767	0.000778516
10768	0.000811344
10769	0.000845839
10770	0.000881966
10771	0.00091969
10772	0.000958974
10773	0.000999778
10774	0.00104206
10775	0.00108579
10776	0.00113091
10777	0.00117738
10778	0.00122515
10779	0.00127419
10780	0.00132443
10781	0.00137583
10782	0.00142835
10783	0.00148192
10784	0.00153649
10785	0.00159202
10786	0.00164844
10787	0.0017057
10788	0.00176375
10789	0.00182252
10790	0.00188197
10791	0.00194202
10792	0.00200262
10793	0.00206371
10794	0.00212524
10795	0.00218713
10796	0.00224933
10797	0.00231178
10798	0.00237442
10799	0.00243718
10800	0.0025
10801	0.00256282
10802	0.00262558
10803	0.00268822
10804	0.00275067
10805	0.00281287
10806	0.00287476
10807	0.00293629
10808	0.00299738
10809	0.00305798
10810	0.00311803
10811	0.00317748
10812	0.00323625
10813	0.0032943
10814	0.00335156
10815	0.00340798
10816	0.00346351
10817	0.00351808
10818	0.00357165
10819	0.00362417
10820	0.00367557
10821	0.00372581
10822	0.00377485
10823	0.00382262
10824	0.00386909
10825	0.00391421
10826	0.00395794
10827	0.00400022
10828	0.00404103
10829	0.00408031
10830	0.00411803
10831	0.00415416
10832	0.00418866
10833	0.00422148
10834	0.00425261
10835	0.00428201
10836	0.00430965
10837	0.00433551
10838	0.00435955
10839	0.00438176
10840	0.00440211
10841	0.00442059
10842	0.00443717
10843	0.00445183
10844	0.00446457
10845	0.00447538
10846	0.00448423
10847	0.00449112
10848	0.00449605
10849	0.00449901
10850	0.0045
10851	0.00449901
10852	0.00449605
10853	0.00449112
10854	0.00448423
10855	0.00447538
10856	0.00446457
10857	0.00445183
10858	0.00443717
10859	0.00442059
10860	0.00440211
10861	0.00438176
10862	0.00435955
10863	0.00433551
10864	0.00430965
10865	0.00428201
10866	0.00425261
10867	0.00422148
10868	0.00418866
10869	0.00415416
10870	0.00411803
10871	0.00408031
10872	0.00404103
10873	0.00400022
10874	0.00395794
10875	0.00391421
10876	0.00386909
10877	0.00382262
10878	0.00377485
10879	0.00372581
10880	0.00367557
10881	0.00362417
10882	0.00357165
10883	0.00351808
10884	0.00346351
10885	0.00340798
10886	0.00335156
10887	0.0032943
10888	0.00323625
10889	0.00317748
10890	0.00311803
10891	0.00305798
10892	0.00299738
10893	0.00293629
10894	0.00287476
10895	0.00281287
10896	0.00275067
10897	0.00268822
10898	0.00262558
10899	0.00256282
10900	0.0025
10901	0.00243718
10902	0.00237442
10903	0.00231178
10904	0.00224933
10905	0.00218713
10906	0.00212524
10907	0.00206371
10908	0.00200262
10909	0.00194202
10910	0.00188197
10911	0.00182252
10912	0.00176375
10913	0.0017057
10914	0.00164844
10915	0.00159202
10916	0.00153649
10917	0.00148192
10918	0.00142835
10919	0.00137583
10920	0.00132443
10921	0.00127419
10922	0.00122515
10923	0.00117738
10924	0.00113091
10925	0.00108579
10926	0.00104206
10927	0.000999778
10928	0.000958974
10929	0.00091969
10930	0.000881966
10931	0.000845839
10932	0.000811344
10933	0.000778516
10934	0.000747387
10935	0.000717987
10936	0.000690346
10937	0.000664491
10938	0.000640447
10939	0.000618238
10940	0.000597887
10941	0.000579413
10942	0.000562834
10943	0.000548166
10944	0.000535425
10945	0.000524623
10946	0.000515771
10947	0.000508876
10948	0.000503947
10949	0.000500987
10950	0.0005
10951	0.000500987
10952	0.000503947
10953	0.000508876
10954	0.000515771
10955	0.000524623
10956	0.000535425
10957	0.000548166
10958	0.000562834
10959	0.000579413
10960	0.000597887
10961	0.000618238
10962	0.000640447
10963	0.000664491
10964	0.000690346
10965	0.000717987
10966	0.000747387
10967	0.000778516
10968	0.000811344
10969	0.000845839
10970	0.000881966
10971	0.00091969
10972	0.000958974
10973	0.000999778
10974	0.00104206
10975	0.00108579
10976	0.00113091
10977	0.00117738
10978	0.00122515
10979	0.00127419
10980	0.00132443
10981	0.00137583
10982	0.00142835
10983	0.00148192
10984	0.00153649
10985	0.00159202
10986	0.00164844
10987	0.0017057
10988	0.00176375
10989	0.00182252
10990	0.00188197
10991	0.00194202
10992	0.00200262
10993	0.00206371
10994	0.00212524
10995	0.00218713
10996	0.00224933
10997	0.00231178
10998	0.00237442
10999	0.00243718
11000	0.0025
11001	0.00256282
11002	0.00262558
11003	0.00268822
11004	0.00275067
11005	0.00281287
11006	0.00287476
11007	0.00293629
11008	0.00299738
11009	0.00305798
11010	0.00311803
11011	0.00317748
11012	0.00323625
11013	0.0032943
11014	0.00335156
11015	0.00340798
11016	0.00346351
11017	0.00351808
11018	0.00357165
11019	0.00362417
11020	0.00367557
11021	0.00372581
11022	0.00377485
11023	0.00382262
11024	0.00386909
11025	0.00391421
11026	0.00395794
11027	0.00400022
11028	0.00404103
11029	0.00408031
11030	0.00411803
11031	0.00415416
11032	0.00418866
11033	0.00422148
11034	0.00425261
11035	0.00428201
11036	0.00430965
11037	0.00433551
11038	0.00435955
11039	0.00438176
11040	0.00440211
11041	0.00442059
11042	0.00443717
11043	0.00445183
11044	0.00446457
11045	0.00447538
11046	0.00448423
11047	0.00449112
11048	0.00449605
11049	0.00449901
11050	0.0045
11051	0.00449901
11052	0.00449605
11053	0.00449112
11054	0.00448423
11055	0.00447538
11056	0.00446457
11057	0.00445183
11058	0.00443717
11059	0.00442059
11060	0.00440211
11061	0.00438176
11062	0.00435955
11063	0.00433551
11064	0.00430965
11065	0.00428201
11066	0.00425261
11067	0.00422148
11068	0.00418866
11069	0.00415416
11070	0.00411803
11071	0.00408031
11072	0.00404103
11073	0.00400022
11074	0.00395794
11075	0.00391421
11076	0.00386909
11077	0.00382262
11078	0.00377485
11079	0.00372581
11080	0.00367557
11081	0.00362417
11082	0.00357165
11083	0.00351808
11084	0.00346351
11085	0.00340798
11086	0.00335156
11087	0.0032943
11088	0.00323625
11089	0.00317748
11090	0.00311803
11091	0.00305798
11092	0.00299738
11093	0.00293629
11094	0.00287476
11095	0.00281287
11096	0.00275067
11097	0.00268822
11098	0.00262558
11099	0.00256282
11100	0.0025
11101	0.00243718
11102	0.00237442
11103	0.00231178
11104	0.00224933
11105	0.00218713
11106	0.00212524
11107	0.00206371
11108	0.00200262
11109	0.00194202
11110	0.00188197
11111	0.00182252
11112	0.00176375
11113	0.0017057
11114	0.00164844
11115	0.00159202
11116	0.00153649
11117	0.00148192
11118	0.00142835
11119	0.00137583
11120	0.00132443
11121	0.00127419
11122	0.00122515
11123	0.00117738
11124	0.00113091
11125	0.00108579
11126	0.00104206
11127	0.000999778
11128	0.000958974
11129	0.00091969
11130	0.000881966
11131	0.000845839
11132	0.000811344
11133	0.000778516
11134	0.000747387
11135	0.000717987
11136	0.000690346
11137	0.000664491
11138	0.000640447
11139	0.000618238
11140	0.000597887
11141	0.000579413
11142	0.000562834
11143	0.000548166
11144	0.000535425
11145	0.000524623
11146	0.000515771
11147	0.000508876
11148	0.000503947
11149	0.000500987
11150	0.0005
11151	0.000500987
11152	0.000503947
11153	0.000508876
11154	0.000515771
11155	0.000524623
11156	0.000535425
11157	0.000548166
11158	0.000562834
11159	0.000579413
11160	0.000597887
11161	0.000618238
11162	0.000640447
11163	0.000664491
11164	0.000690346
11165	0.000717987
11166	0.000747387
11167	0.000778516
11168	0.000811344
11169	0.000845839
11170	0.000881966
11171	0.00091969
11172	0.000958974
11173	0.000999778
11174	0.00104206
11175	0.00108579
11176	0.00113091
11177	0.00117738
11178	0.00122515
11179	0.00127419
11180	0.00132443
11181	0.00137583
11182	0.00142835
11183	0.00148192
11184	0.00153649
11185	0.00159202
11186	0.00164844
11187	0.0017057
11188	0.00176375
11189	0.00182252
11190	0.00188197
11191	0.00194202
11192	0.00200262
11193	0.00206371
11194	0.00212524
11195	0.00218713
11196	0.00224933
11197	0.00231178
11198	0.00237442
11199	0.00243718
11200	0.0025
11201	0.00256282
11202	0.00262558
11203	0.00268822
11204	0.00275067
11205	0.00281287
11206	0.00287476
11207	0.00293629
11208	0.00299738
11209	0.00305798
11210	0.00311803
11211	0.00317748
11212	0.00323625
11213	0.0032943
11214	0.00335156
11215	0.00340798
11216	0.00346351
11217	0.00351808
11218	0.00357165
11219	0.00362417
11220	0.00367557
11221	0.00372581
11222	0.00377485
11223	0.00382262
11224	0.00386909
11225	0.00391421
11226	0.00395794
11227	0.00400022
11228	0.00404103
11229	0.00408031
11230	0.00411803
11231	0.00415416
11232	0.00418866
11233	0.00422148
11234	0.00425261
11235	0.00428201
11236	0.00430965
11237	0.00433551
11238	0.00435955
11239	0.00438176
11240	0.00440211
11241	0.00442059
11242	0.00443717
11243	0.00445183
11244	0.00446457
11245	0.00447538
11246	0.00448423
11247	0.00449112
11248	0.00449605
11249	0.00449901
11250	0.0045
11251	0.00449901
11252	0.00449605
11253	0.00449112
11254	0.00448423
11255	0.00447538
11256	0.00446457
11257	0.00445183
11258	0.00443717
11259	0.00442059
11260	0.00440211
11261	0.00438176
11262	0.00435955
11263	0.00433551
11264	0.00430965
11265	0.00428201
11266	0.00425261
11267	0.00422148
11268	0.00418866
11269	0.00415416
11270	0.00411803
11271	0.00408031
11272	0.00404103
11273	0.00400022
11274	0.00395794
11275	0.00391421
11276	0.00386909
11277	0.00382262
11278	0.00377485
11279	0.00372581
11280	0.00367557
11281	0.00362417
11282	0.00357165
11283	0.00351808
11284	0.00346351
11285	0.00340798
11286	0.00335156
11287	0.0032943
11288	0.00323625
11289	0.00317748
11290	0.00311803
11291	0.00305798
11292	0.00299738
11293	0.00293629
11294	0.00287476
11295	0.00281287
11296	0.00275067
11297	0.00268822
11298	0.00262558
11299	0.00256282
11300	0.0025
11301	0.00243718
11302	0.00237442
11303	0.00231178
11304	0.00224933
11305	0.00218713
11306	0.00212524
11307	0.00206371
11308	0.00200262
11309	0.00194202
11310	0.00188197
11311	0.00182252
11312	0.00176375
11313	0.0017057
11314	0.00164844
11315	0.00159202
11316	0.00153649
11317	0.00148192
11318	0.00142835
11319	0.00137583
11320	0.00132443
11321	0.00127419
11322	0.00122515
11323	0.00117738
11324	0.00113091
11325	0.00108579
11326	0.00104206
11327	0.000999778
11328	0.000958974
11329	0.00091969
11330	0.000881966
11331	0.000845839
11332	0.000811344
11333	0.000778516
11334	0.000747387
11335	0.000717987
11336	0.000690346
11337	0.000664491
11338	0.000640447
11339	0.000618238
11340	0.000597887
11341	0.000579413
11342	0.000562834
11343	0.000548166
11344	0.000535425
11345	0.000524623
11346	0.000515771
11347	0.000508876
11348	0.000503947
11349	0.000500987
11350	0.0005
11351	0.000500987
11352	0.000503947
11353	0.000508876
11354	0.000515771
11355	0.000524623
11356	0.000535425
11357	0.000548166
11358	0.000562834
11359	0.000579413
11360	0.000597887
11361	0.000618238
11362	0.000640447
11363	0.000664491
11364	0.000690346
11365	0.000717987
11366	0.000747387
11367	0.000778516
11368	0.000811344
11369	0.000845839
11370	0.000881966
11371	0.00091969
11372	0.000958974
11373	0.000999778
11374	0.00104206
11375	0.00108579
11376	0.00113091
11377	0.00117738
11378	0.00122515
11379	0.00127419
11380	0.00132443
11381	0.00137583
11382	0.00142835
11383	0.00148192
11384	0.00153649
11385	0.00159202
11386	0.00164844
11387	0.0017057
11388	0.00176375
11389	0.00182252
11390	0.00188197
11391	0.00194202
11392	0.00200262
11393	0.00206371
11394	0.00212524
11395	0.00218713
11396	0.00224933
11397	0.00231178
11398	0.00237442
11399	0.00243718
11400	0.0025
11401	0.00256282
11402	0.00262558
11403	0.00268822
11404	0.00275067
11405	0.00281287
11406	0.00287476
11407	0.00293629
11408	0.00299738
11409	0.00305798
11410	0.00311803
11411	0.00317748
11412	0.00323625
11413	0.0032943
11414	0.00335156
11415	0.00340798
11416	0.00346351
11417	0.00351808
11418	0.00357165
11419	0.00362417
11420	0.00367557
11421	0.00372581
11422	0.00377485
11423	0.00382262
11424	0.00386909
11425	0.00391421
11426	0.00395794
11427	0.00400022
11428	0.00404103
11429	0.00408031
11430	0.00411803
11431	0.00415416
11432	0.00418866
11433	0.00422148
11434	0.00425261
11435	0.00428201
11436	0.00430965
11437	0.00433551
11438	0.00435955
11439	0.00438176
11440	0.00440211
11441	0.00442059
11442	0.00443717
11443	0.00445183
11444	0.00446457
11445	0.00447538
11446	0.00448423
11447	0.00449112
11448	0.00449605
11449	0.00449901
11450	0.0045
11451	0.00449901
11452	0.00449605
11453	0.00449112
11454	0.00448423
11455	0.00447538
11456	0.00446457
11457	0.00445183
11458	0.00443717
11459	0.00442059
11460	0.00440211
11461	0.00438176
11462	0.00435955
11463	0.00433551
11464	0.00430965
11465	0.00428201
11466	0.00425261
11467	0.00422148
11468	0.00418866
11469	0.00415416
11470	0.00411803
11471	0.00408031
11472	0.00404103
11473	0.00400022
11474	0.00395794
11475	0.00391421
11476	0.00386909
11477	0.00382262
11478	0.00377485
11479	0.00372581
11480	0.00367557
11481	0.00362417
11482	0.00357165
11483	0.00351808
11484	0.00346351
11485	0.00340798
11486	0.00335156
11487	0.0032943
11488	0.00323625
11489	0.00317748
11490	0.00311803
11491	0.00305798
11492	0.00299738
11493	0.00293629
11494	0.00287476
11495	0.00281287
11496	0.00275067
11497	0.00268822
11498	0.00262558
11499	0.00256282
11500	0.0025
11501	0.00243718
11502	0.00237442
11503	0.00231178
11504	0.00224933
11505	0.00218713
11506	0.00212524
11507	0.00206371
11508	0.00200262
11509	0.00194202
11510	0.00188197
11511	0.00182252
11512	0.00176375
11513	0.0017057
11514	0.00164844
11515	0.00159202
11516	0.00153649
11517	0.00148192
11518	0.00142835
11519	0.00137583
11520	0.00132443
11521	0.00127419
11522	0.00122515
11523	0.00117738
11524	0.00113091
11525	0.00108579
11526	0.00104206
11527	0.000999778
11528	0.000958974
11529	0.00091969
11530	0.000881966
11531	0.000845839
11532	0.000811344
11533	0.000778516
11534	0.000747387
11535	0.000717987
11536	0.000690346
11537	0.000664491
11538	0.000640447
11539	0.000618238
11540	0.000597887
11541	0.000579413
11542	0.000562834
11543	0.000548166
11544	0.000535425
11545	0.000524623
11546	0.000515771
11547	0.000508876
11548	0.000503947
11549	0.000500987
11550	0.0005
11551	0.000500987
11552	0.000503947
11553	0.000508876
11554	0.000515771
11555	0.000524623
11556	0.000535425
11557	0.000548166
11558	0.000562834
11559	0.000579413
11560	0.000597887
11561	0.000618238
11562	0.000640447
11563	0.000664491
11564	0.000690346
11565	0.000717987
11566	0.000747387
11567	0.000778516
11568	0.000811344
11569	0.000845839
11570	0.000881966
11571	0.00091969
11572	0.000958974
11573	0.000999778
11574	0.00104206
11575	0.00108579
11576	0.00113091
11577	0.00117738
11578	0.00122515
11579	0.00127419
11580	0.00132443
11581	0.00137583
11582	0.00142835
11583	0.00148192
11584	0.00153649
11585	0.00159202
11586	0.00164844
11587	0.0017057
11588	0.00176375
11589	0.00182252
11590	0.00188197
11591	0.00194202
11592	0.00200262
11593	0.00206371
11594	0.00212524
11595	0.00218713
11596	0.00224933
11597	0.00231178
11598	0.00237442
11599	0.00243718
11600	0.0025
11601	0.00256282
11602	0.00262558
11603	0.00268822
11604	0.00275067
11605	0.00281287
11606	0.00287476
11607	0.00293629
11608	0.00299738
11609	0.00305798
11610	0.00311803
11611	0.00317748
11612	0.00323625
11613	0.0032943
11614	0.00335156
11615	0.00340798
11616	0.00346351
11617	0.00351808
11618	0.00357165
11619	0.00362417
11620	0.00367557
11621	0.00372581
11622	0.00377485
11623	0.00382262
11624	0.00386909
11625	0.00391421
11626	0.00395794
11627	0.00400022
11628	0.00404103
11629	0.00408031
11630	0.00411803
11631	0.00415416
11632	0.00418866
11633	0.00422148
11634	0.00425261
11635	0.00428201
11636	0.00430965
11637	0.00433551
11638	0.00435955
11639	0.00438176
11640	0.00440211
11641	0.00442059
11642	0.00443717
11643	0.00445183
11644	0.00446457
11645	0.00447538
11646	0.00448423
11647	0.00449112
11648	0.00449605
11649	0.00449901
11650	0.0045
11651	0.00449901
11652	0.00449605
11653	0.00449112
11654	0.00448423
11655	0.00447538
11656	0.00446457
11657	0.00445183
11658	0.00443717
11659	0.00442059
11660	0.00440211
11661	0.00438176
11662	0.00435955
11663	0.00433551
11664	0.00430965
11665	0.00428201
11666	0.00425261
11667	0.00422148
11668	0.00418866
11669	0.00415416
11670	0.00411803
11671	0.00408031
11672	0.00404103
11673	0.00400022
11674	0.00395794
11675	0.00391421
11676	0.00386909
11677	0.00382262
11678	0.00377485
11679	0.00372581
11680	0.00367557
11681	0.00362417
11682	0.00357165
11683	0.00351808
11684	0.00346351
11685	0.00340798
11686	0.00335156
11687	0.0032943
11688	0.00323625
11689	0.00317748
11690	0.00311803
11691	0.00305798
11692	0.00299738
11693	0.00293629
11694	0.00287476
11695	0.00281287
11696	0.00275067
11697	0.00268822
11698	0.00262558
11699	0.00256282
11700	0.0025
11701	0.00243718
11702	0.00237442
11703	0.00231178
11704	0.00224933
11705	0.00218713
11706	0.00212524
11707	0.00206371
11708	0.00200262
11709	0.00194202
11710	0.00188197
11711	0.00182252
11712	0.00176375
11713	0.0017057
11714	0.00164844
11715	0.00159202
11716	0.00153649
11717	0.00148192
11718	0.00142835
11719	0.00137583
11720	0.00132443
11721	0.00127419
11722	0.00122515
11723	0.00117738
11724	0.00113091
11725	0.00108579
11726	0.00104206
11727	0.000999778
11728	0.000958974
11729	0.00091969
11730	0.000881966
11731	0.000845839
11732	0.000811344
11733	0.000778516
11734	0.000747387
11735	0.000717987
11736	0.000690346
11737	0.000664491
11738	0.000640447
11739	0.000618238
11740	0.000597887
11741	0.000579413
11742	0.000562834
11743	0.000548166
11744	0.000535425
11745	0.000524623
11746	0.000515771
11747	0.000508876
11748	0.000503947
11749	0.000500987
11750	0.0005
11751	0.000500987
11752	0.000503947
11753	0.000508876
11754	0.000515771
11755	0.000524623
11756	0.000535425
11757	0.000548166
11758	0.000562834
11759	0.000579413
11760	0.000597887
11761	0.000618238
11762	0.000640447
11763	0.000664491
11764	0.000690346
11765	0.000717987
11766	0.000747387
11767	0.000778516
11768	0.000811344
11769	0.000845839
11770	0.000881966
11771	0.00091969
11772	0.000958974
11773	0.000999778
11774	0.00104206
11775	0.00108579
11776	0.00113091
11777	0.00117738
11778	0.00122515
11779	0.00127419
11780	0.00132443
11781	0.00137583
11782	0.00142835
11783	0.00148192
11784	0.00153649
11785	0.00159202
11786	0.00164844
11787	0.0017057
11788	0.00176375
11789	0.00182252
11790	0.00188197
11791	0.00194202
11792	0.00200262
11793	0.00206371
11794	0.00212524
11795	0.00218713
11796	0.00224933
11797	0.00231178
11798	0.00237442
11799	0.00243718
11800	0.0025
11801	0.00256282
11802	0.00262558
11803	0.00268822
11804	0.00275067
11805	0.00281287
11806	0.00287476
11807	0.00293629
11808	0.00299738
11809	0.00305798
11810	0.00311803
11811	0.00317748
11812	0.00323625
11813	0.0032943
11814	0.00335156
11815	0.00340798
11816	0.00346351
11817	0.00351808
11818	0.00357165
11819	0.00362417
11820	0.00367557
11821	0.00372581
11822	0.00377485
11823	0.00382262
11824	0.00386909
11825	0.00391421
11826	0.00395794
11827	0.00400022
11828	0.00404103
11829	0.00408031
11830	0.00411803
11831	0.00415416
11832	0.00418866
11833	0.00422148
11834	0.00425261
11835	0.00428201
11836	0.00430965
11837	0.00433551
11838	0.00435955
11839	0.00438176
11840	0.00440211
11841	0.00442059
11842	0.00443717
11843	0.00445183
11844	0.00446457
11845	0.00447538
11846	0.00448423
11847	0.00449112
11848	0.00449605
11849	0.00449901
11850	0.0045
11851	0.00449901
11852	0.00449605
11853	0.00449112
11854	0.00448423
11855	0.00447538
11856	0.00446457
11857	0.00445183
11858	0.00443717
11859	0.00442059
11860	0.00440211
11861	0.00438176
11862	0.00435955
11863	0.00433551
11864	0.00430965
11865	0.00428201
11866	0.00425261
11867	0.00422148
11868	0.00418866
11869	0.00415416
11870	0.00411803
11871	0.00408031
11872	0.00404103
11873	0.00400022
11874	0.00395794
11875	0.00391421
11876	0.00386909
11877	0.00382262
11878	0.00377485
11879	0.00372581
11880	0.00367557
11881	0.00362417
11882	0.00357165
11883	0.00351808
11884	0.00346351
11885	0.00340798
11886	0.00335156
11887	0.0032943
11888	0.00323625
11889	0.00317748
11890	0.00311803
11891	0.00305798
11892	0.00299738
11893	0.00293629
11894	0.00287476
11895	0.00281287
11896	0.00275067
11897	0.00268822
11898	0.00262558
11899	0.00256282
11900	0.0025
11901	0.00243718
11902	0.00237442
11903	0.00231178
11904	0.00224933
11905	0.00218713
11906	0.00212524
11907	0.00206371
11908	0.00200262
11909	0.00194202
11910	0.00188197
11911	0.00182252
11912	0.00176375
11913	0.0017057
11914	0.00164844
11915	0.00159202
11916	0.00153649
11917	0.00148192
11918	0.00142835
11919	0.00137583
11920	0.00132443
11921	0.00127419
11922	0.00122515
11923	0.00117738
11924	0.00113091
11925	0.00108579
11926	0.00104206
11927	0.000999778
11928	0.000958974
11929	0.00091969
11930	0.000881966
11931	0.000845839
11932	0.000811344
11933	0.000778516
11934	0.000747387
11935	0.000717987
11936	0.000690346
11937	0.000664491
11938	0.000640447
11939	0.000618238
11940	0.000597887
11941	0.000579413
11942	0.000562834
11943	0.000548166
11944	0.000535425
11945	0.000524623
11946	0.000515771
11947	0.000508876
11948	0.000503947
11949	0.000500987
11950	0.0005
11951	0.000500987
11952	0.000503947
11953	0.000508876
11954	0.000515771
11955	0.000524623
11956	0.000535425
11957	0.000548166
11958	0.000562834
11959	0.000579413
11960	0.000597887
11961	0.000618238
11962	0.000640447
11963	0.000664491
11964	0.000690346
11965	0.000717987
11966	0.000747387
11967	0.000778516
11968	0.000811344
11969	0.000845839
11970	0.000881966
11971	0.00091969
11972	0.000958974
11973	0.000999778
11974	0.00104206
11975	0.00108579
11976	0.00113091
11977	0.00117738
11978	0.00122515
11979	0.00127419
11980	0.00132443
11981	0.00137583
11982	0.00142835
11983	0.00148192
11984	0.00153649
11985	0.00159202
11986	0.00164844
11987	0.0017057
11988	0.00176375
11989	0.00182252
11990	0.00188197
11991	0.00194202
11992	0.00200262
11993	0.00206371
11994	0.00212524
11995	0.00218713
11996	0.00224933
11997	0.00231178
11998	0.00237442
11999	0.00243718
12000	0.0025
12001	0.00256282
12002	0.00262558
12003	0.00268822
12004	0.00275067
12005	0.00281287
12006	0.00287476
12007	0.00293629
12008	0.00299738
12009	0.00305798
12010	0.00311803
12011	0.00317748
12012	0.00323625
12013	0.0032943
12014	0.00335156
12015	0.00340798
12016	0.00346351
12017	0.00351808
12018	0.00357165
12019	0.00362417
12020	0.00367557
12021	0.00372581
12022	0.00377485
12023	0.00382262
12024	0.00386909
12025	0.00391421
12026	0.00395794
12027	0.00400022
12028	0.00404103
12029	0.00408031
12030	0.00411803
12031	0.00415416
12032	0.00418866
12033	0.00422148
12034	0.00425261
12035	0.00428201
12036	0.00430965
12037	0.00433551
12038	0.00435955
12039	0.00438176
12040	0.00440211
12041	0.00442059
12042	0.00443717
12043	0.00445183
12044	0.00446457
12045	0.00447538
12046	0.00448423
12047	0.00449112
12048	0.00449605
12049	0.00449901
12050	0.0045
12051	0.00449901
12052	0.00449605
12053	0.00449112
12054	0.00448423
12055	0.00447538
12056	0.00446457
12057	0.00445183
12058	0.00443717
12059	0.00442059
12060	0.00440211
12061	0.00438176
12062	0.00435955
12063	0.00433551
12064	0.00430965
12065	0.00428201
12066	0.00425261
12067	0.00422148
12068	0.00418866
12069	0.00415416
12070	0.00411803
12071	0.00408031
12072	0.00404103
12073	0.00400022
12074	0.00395794
12075	0.00391421
12076	0.00386909
12077	0.00382262
12078	0.00377485
12079	0.00372581
12080	0.00367557
12081	0.00362417
12082	0.00357165
12083	0.00351808
12084	0.00346351
12085	0.00340798
12086	0.00335156
12087	0.0032943
12088	0.00323625
12089	0.00317748
12090	0.00311803
12091	0.00305798
12092	0.00299738
12093	0.00293629
12094	0.00287476
12095	0.00281287
12096	0.00275067
12097	0.00268822
12098	0.00262558
12099	0.00256282
12100	0.0025
12101	0.00243718
12102	0.00237442
12103	0.00231178
12104	0.00224933
12105	0.00218713
12106	0.00212524
12107	0.00206371
12108	0.00200262
12109	0.00194202
12110	0.00188197
12111	0.00182252
12112	0.00176375
12113	0.0017057
12114	0.00164844
12115	0.00159202
12116	0.00153649
12117	0.00148192
12118	0.00142835
12119	0.00137583
12120	0.00132443
12121	0.00127419
12122	0.00122515
12123	0.00117738
12124	0.00113091
12125	0.00108579
12126	0.00104206
12127	0.000999778
12128	0.000958974
12129	0.00091969
12130	0.000881966
12131	0.000845839
12132	0.000811344
12133	0.000778516
12134	0.000747387
12135	0.000717987
12136	0.000690346
12137	0.000664491
12138	0.000640447
12139	0.000618238
12140	0.000597887
12141	0.000579413
12142	0.000562834
12143	0.000548166
12144	0.000535425
12145	0.000524623
12146	0.000515771
12147	0.000508876
12148	0.000503947
12149	0.000500987
12150	0.0005
12151	0.000500987
12152	0.000503947
12153	0.000508876
12154	0.000515771
12155	0.000524623
12156	0.000535425
12157	0.000548166
12158	0.000562834
12159	0.000579413
12160	0.000597887
12161	0.000618238
12162	0.000640447
12163	0.000664491
12164	0.000690346
12165	0.000717987
12166	0.000747387
12167	0.000778516
12168	0.000811344
12169	0.000845839
12170	0.000881966
12171	0.00091969
12172	0.000958974
12173	0.000999778
12174	0.00104206
12175	0.00108579
12176	0.00113091
12177	0.00117738
12178	0.00122515
12179	0.00127419
12180	0.00132443
12181	0.00137583
12182	0.00142835
12183	0.00148192
12184	0.00153649
12185	0.00159202
12186	0.00164844
12187	0.0017057
12188	0.00176375
12189	0.00182252
12190	0.00188197
12191	0.00194202
12192	0.00200262
12193	0.00206371
12194	0.00212524
12195	0.00218713
12196	0.00224933
12197	0.00231178
12198	0.00237442
12199	0.00243718
12200	0.0025
12201	0.00256282
12202	0.00262558
12203	0.00268822
12204	0.00275067
12205	0.00281287
12206	0.00287476
12207	0.00293629
12208	0.00299738
12209	0.00305798
12210	0.00311803
12211	0.00317748
12212	0.00323625
12213	0.0032943
12214	0.00335156
12215	0.00340798
12216	0.00346351
12217	0.00351808
12218	0.00357165
12219	0.00362417
12220	0.00367557
12221	0.00372581
12222	0.00377485
12223	0.00382262
12224	0.00386909
12225	0.00391421
12226	0.00395794
12227	0.00400022
12228	0.00404103
12229	0.00408031
12230	0.00411803
12231	0.00415416
12232	0.00418866
12233	0.00422148
12234	0.00425261
12235	0.00428201
12236	0.00430965
12237	0.00433551
12238	0.00435955
12239	0.00438176
12240	0.00440211
12241	0.00442059
12242	0.00443717
12243	0.00445183
12244	0.00446457
12245	0.00447538
12246	0.00448423
12247	0.00449112
12248	0.00449605
12249	0.00449901
12250	0.0045
12251	0.00449901
12252	0.00449605
12253	0.00449112
12254	0.00448423
12255	0.00447538
12256	0.00446457
12257	0.00445183
12258	0.00443717
12259	0.00442059
12260	0.00440211
12261	0.00438176
12262	0.00435955
12263	0.00433551
12264	0.00430965
12265	0.00428201
12266	0.00425261
12267	0.00422148
12268	0.00418866
12269	0.00415416
12270	0.00411803
12271	0.00408031
12272	0.00404103
12273	0.00400022
12274	0.00395794
12275	0.00391421
12276	0.00386909
12277	0.00382262
12278	0.00377485
12279	0.00372581
12280	0.00367557
12281	0.00362417
12282	0.00357165
12283	0.00351808
12284	0.00346351
12285	0.00340798
12286	0.00335156
12287	0.0032943
12288	0.00323625
12289	0.00317748
12290	0.00311803
12291	0.00305798
12292	0.00299738
12293	0.00293629
12294	0.00287476
12295	0.00281287
12296	0.00275067
12297	0.00268822
12298	0.00262558
12299	0.00256282
12300	0.0025
12301	0.00243718
12302	0.00237442
12303	0.00231178
12304	0.00224933
12305	0.00218713
12306	0.00212524
12307	0.00206371
12308	0.00200262
12309	0.00194202
12310	0.00188197
12311	0.00182252
12312	0.00176375
12313	0.0017057
12314	0.00164844
12315	0.00159202
12316	0.00153649
12317	0.00148192
12318	0.00142835
12319	0.00137583
12320	0.00132443
12321	0.00127419
12322	0.00122515
12323	0.00117738
12324	0.00113091
12325	0.00108579
12326	0.00104206
12327	0.000999778
12328	0.000958974
12329	0.00091969
12330	0.000881966
12331	0.000845839
12332	0.000811344
12333	0.000778516
12334	0.000747387
12335	0.000717987
12336	0.000690346
12337	0.000664491
12338	0.000640447
12339	0.000618238
12340	0.000597887
12341	0.000579413
12342	0.000562834
12343	0.000548166
12344	0.000535425
12345	0.000524623
12346	0.000515771
12347	0.000508876
12348	0.000503947
12349	0.000500987
12350	0.0005
12351	0.000500987
12352	0.000503947
12353	0.000508876
12354	0.000515771
12355	0.000524623
12356	0.000535425
12357	0.000548166
12358	0.000562834
12359	0.000579413
12360	0.000597887
12361	0.000618238
12362	0.000640447
12363	0.000664491
12364	0.000690346
12365	0.000717987
12366	0.000747387
12367	0.000778516
12368	0.000811344
12369	0.000845839
12370	0.000881966
12371	0.00091969
12372	0.000958974
12373	0.000999778
12374	0.00104206
12375	0.00108579
12376	0.00113091
12377	0.00117738
12378	0.00122515
12379	0.00127419
12380	0.00132443
12381	0.00137583
12382	0.00142835
12383	0.00148192
12384	0.00153649
12385	0.00159202
12386	0.00164844
12387	0.0017057
12388	0.00176375
12389	0.00182252
12390	0.00188197
12391	0.00194202
12392	0.00200262
12393	0.00206371
12394	0.00212524
12395	0.00218713
12396	0.00224933
12397	0.00231178
12398	0.00237442
12399	0.00243718
12400	0.0025
12401	0.00256282
12402	0.00262558
12403	0.00268822
12404	0.00275067
12405	0.00281287
12406	0.00287476
12407	0.00293629
12408	0.00299738
12409	0.00305798
12410	0.00311803
12411	0.00317748
12412	0.00323625
12413	0.0032943
12414	0.00335156
12415	0.00340798
12416	0.00346351
12417	0.00351808
12418	0.00357165
12419	0.00362417
12420	0.00367557
12421	0.00372581
12422	0.00377485
12423	0.00382262
12424	0.00386909
12425	0.00391421
12426	0.00395794
12427	0.00400022
12428	0.00404103
12429	0.00408031
12430	0.00411803
12431	0.00415416
12432	0.00418866
12433	0.00422148
12434	0.00425261
12435	0.00428201
12436	0.00430965
12437	0.00433551
12438	0.00435955
12439	0.00438176
12440	0.00440211
12441	0.00442059
12442	0.00443717
12443	0.00445183
12444	0.00446457
12445	0.00447538
12446	0.00448423
12447	0.00449112
12448	0.00449605
12449	0.00449901
12450	0.0045
12451	0.00449901
12452	0.00449605
12453	0.00449112
12454	0.00448423
12455	0.00447538
12456	0.00446457
12457	0.00445183
12458	0.00443717
12459	0.00442059
12460	0.00440211
12461	0.00438176
12462	0.00435955
12463	0.00433551
12464	0.00430965
12465	0.00428201
12466	0.00425261
12467	0.00422148
12468	0.00418866
12469	0.00415416
12470	0.00411803
12471	0.00408031
12472	0.00404103
12473	0.00400022
12474	0.00395794
12475	0.00391421
12476	0.00386909
12477	0.00382262
12478	0.00377485
12479	0.00372581
12480	0.00367557
12481	0.00362417
12482	0.00357165
12483	0.00351808
12484	0.00346351
12485	0.00340798
12486	0.00335156
12487	0.0032943
12488	0.00323625
12489	0.00317748
12490	0.00311803
12491	0.00305798
12492	0.00299738
12493	0.00293629
12494	0.00287476
12495	0.00281287
12496	0.00275067
12497	0.00268822
12498	0.00262558
12499	0.00256282
12500	0.0025
12501	0.00243718
12502	0.00237442
12503	0.00231178
12504	0.00224933
12505	0.00218713
12506	0.00212524
12507	0.00206371
12508	0.00200262
12509	0.00194202
12510	0.00188197
12511	0.00182252
12512	0.00176375
12513	0.0017057
12514	0.00164844
12515	0.00159202
12516	0.00153649
12517	0.00148192
12518	0.00142835
12519	0.00137583
12520	0.00132443
12521	0.00127419
12522	0.00122515
12523	0.00117738
12524	0.00113091
12525	0.00108579
12526	0.00104206
12527	0.000999778
12528	0.000958974
12529	0.00091969
12530	0.000881966
12531	0.000845839
12532	0.000811344
12533	0.000778516
12534	0.000747387
12535	0.000717987
12536	0.000690346
12537	0.000664491
12538	0.000640447
12539	0.000618238
12540	0.000597887
12541	0.000579413
12542	0.000562834
12543	0.000548166
12544	0.000535425
12545	0.000524623
12546	0.000515771
12547	0.000508876
12548	0.000503947
12549	0.000500987
12550	0.0005
12551	0.000500987
12552	0.000503947
12553	0.000508876
12554	0.000515771
12555	0.000524623
12556	0.000535425
12557	0.000548166
12558	0.000562834
12559	0.000579413
12560	0.000597887
12561	0.000618238
12562	0.000640447
12563	0.000664491
12564	0.000690346
12565	0.000717987
12566	0.000747387
12567	0.000778516
12568	0.000811344
12569	0.000845839
12570	0.000881966
12571	0.00091969
12572	0.000958974
12573	0.000999778
12574	0.00104206
12575	0.00108579
12576	0.00113091
12577	0.00117738
12578	0.00122515
12579	0.00127419
12580	0.00132443
12581	0.00137583
12582	0.00142835
12583	0.00148192
12584	0.00153649
12585	0.00159202
12586	0.00164844
12587	0.0017057
12588	0.00176375
12589	0.00182252
12590	0.00188197
12591	0.00194202
12592	0.00200262
12593	0.00206371
12594	0.00212524
12595	0.00218713
12596	0.00224933
12597	0.00231178
12598	0.00237442
12599	0.00243718
12600	0.0025
12601	0.00256282
12602	0.00262558
12603	0.00268822
12604	0.00275067
12605	0.00281287
12606	0.00287476
12607	0.00293629
12608	0.00299738
12609	0.00305798
12610	0.00311803
12611	0.00317748
12612	0.00323625
12613	0.0032943
12614	0.00335156
12615	0.00340798
12616	0.00346351
12617	0.00351808
12618	0.00357165
12619	0.00362417
12620	0.00367557
12621	0.00372581
12622	0.00377485
12623	0.00382262
12624	0.00386909
12625	0.00391421
12626	0.00395794
12627	0.00400022
12628	0.00404103
12629	0.00408031
12630	0.00411803
12631	0.00415416
12632	0.00418866
12633	0.00422148
12634	0.00425261
12635	0.00428201
12636	0.00430965
12637	0.00433551
12638	0.00435955
12639	0.00438176
12640	0.00440211
12641	0.00442059
12642	0.00443717
12643	0.00445183
12644	0.00446457
12645	0.00447538
12646	0.00448423
12647	0.00449112
12648	0.00449605
12649	0.00449901
12650	0.0045
12651	0.00449901
12652	0.00449605
12653	0.00449112
12654	0.00448423
12655	0.00447538
12656	0.00446457
12657	0.00445183
12658	0.00443717
12659	0.00442059
12660	0.00440211
12661	0.00438176
12662	0.00435955
12663	0.00433551
12664	0.00430965
12665	0.00428201
12666	0.00425261
12667	0.00422148
12668	0.00418866
12669	0.00415416
12670	0.00411803
12671	0.00408031
12672	0.00404103
12673	0.00400022
12674	0.00395794
12675	0.00391421
12676	0.00386909
12677	0.00382262
12678	0.00377485
12679	0.00372581
12680	0.00367557
12681	0.00362417
12682	0.00357165
12683	0.00351808
12684	0.00346351
12685	0.00340798
12686	0.00335156
12687	0.0032943
12688	0.00323625
12689	0.00317748
12690	0.00311803
12691	0.00305798
12692	0.00299738
12693	0.00293629
12694	0.00287476
12695	0.00281287
12696	0.00275067
12697	0.00268822
12698	0.00262558
12699	0.00256282
12700	0.0025
12701	0.00243718
12702	0.00237442
12703	0.00231178
12704	0.00224933
12705	0.00218713
12706	0.00212524
12707	0.00206371
12708	0.00200262
12709	0.00194202
12710	0.00188197
12711	0.00182252
12712	0.00176375
12713	0.0017057
12714	0.00164844
12715	0.00159202
12716	0.00153649
12717	0.00148192
12718	0.00142835
12719	0.00137583
12720	0.00132443
12721	0.00127419
12722	0.00122515
12723	0.00117738
12724	0.00113091
12725	0.00108579
12726	0.00104206
12727	0.000999778
12728	0.000958974
12729	0.00091969
12730	0.000881966
12731	0.000845839
12732	0.000811344
12733	0.000778516
12734	0.000747387
12735	0.000717987
12736	0.000690346
12737	0.000664491
12738	0.000640447
12739	0.000618238
12740	0.000597887
12741	0.000579413
12742	0.000562834
12743	0.000548166
12744	0.000535425
12745	0.000524623
12746	0.000515771
12747	0.000508876
12748	0.000503947
12749	0.000500987
12750	0.0005
12751	0.000500987
12752	0.000503947
12753	0.000508876
12754	0.000515771
12755	0.000524623
12756	0.000535425
12757	0.000548166
12758	0.000562834
12759	0.000579413
12760	0.000597887
12761	0.000618238
12762	0.000640447
12763	0.000664491
12764	0.000690346
12765	0.000717987
12766	0.000747387
12767	0.000778516
12768	0.000811344
12769	0.000845839
12770	0.000881966
12771	0.00091969
12772	0.000958974
12773	0.000999778
12774	0.00104206
12775	0.00108579
12776	0.00113091
12777	0.00117738
12778	0.00122515
12779	0.00127419
12780	0.00132443
12781	0.00137583
12782	0.00142835
12783	0.00148192
12784	0.00153649
12785	0.00159202
12786	0.00164844
12787	0.0017057
12788	0.00176375
12789	0.00182252
12790	0.00188197
12791	0.00194202
12792	0.00200262
12793	0.00206371
12794	0.00212524
12795	0.00218713
12796	0.00224933
12797	0.00231178
12798	0.00237442
12799	0.00243718
12800	0.0025
12801	0.00256282
12802	0.00262558
12803	0.00268822
12804	0.00275067
12805	0.00281287
12806	0.00287476
12807	0.00293629
12808	0.00299738
12809	0.00305798
12810	0.00311803
12811	0.00317748
12812	0.00323625
12813	0.0032943
12814	0.00335156
12815	0.00340798
12816	0.00346351
12817	0.00351808
12818	0.00357165
12819	0.00362417
12820	0.00367557
12821	0.00372581
12822	0.00377485
12823	0.00382262
12824	0.00386909
12825	0.00391421
12826	0.00395794
12827	0.00400022
12828	0.00404103
12829	0.00408031
12830	0.00411803
12831	0.00415416
12832	0.00418866
12833	0.00422148
12834	0.00425261
12835	0.00428201
12836	0.00430965
12837	0.00433551
12838	0.00435955
12839	0.00438176
12840	0.00440211
12841	0.00442059
12842	0.00443717
12843	0.00445183
12844	0.00446457
12845	0.00447538
12846	0.00448423
12847	0.00449112
12848	0.00449605
12849	0.00449901
12850	0.0045
12851	0.00449901
12852	0.00449605
12853	0.00449112
12854	0.00448423
12855	0.00447538
12856	0.00446457
12857	0.00445183
12858	0.00443717
12859	0.00442059
12860	0.00440211
12861	0.00438176
12862	0.00435955
12863	0.00433551
12864	0.00430965
12865	0.00428201
12866	0.00425261
12867	0.00422148
12868	0.00418866
12869	0.00415416
12870	0.00411803
12871	0.00408031
12872	0.00404103
12873	0.00400022
12874	0.00395794
12875	0.00391421
12876	0.00386909
12877	0.00382262
12878	0.00377485
12879	0.00372581
12880	0.00367557
12881	0.00362417
12882	0.00357165
12883	0.00351808
12884	0.00346351
12885	0.00340798
12886	0.00335156
12887	0.0032943
12888	0.00323625
12889	0.00317748
12890	0.00311803
12891	0.00305798
12892	0.00299738
12893	0.00293629
12894	0.00287476
12895	0.00281287
12896	0.00275067
12897	0.00268822
12898	0.00262558
12899	0.00256282
12900	0.0025
12901	0.00243718
12902	0.00237442
12903	0.00231178
12904	0.00224933
12905	0.00218713
12906	0.00212524
12907	0.00206371
12908	0.00200262
12909	0.00194202
12910	0.00188197
12911	0.00182252
12912	0.00176375
12913	0.0017057
12914	0.00164844
12915	0.00159202
12916	0.00153649
12917	0.00148192
12918	0.00142835
12919	0.00137583
12920	0.00132443
12921	0.00127419
12922	0.00122515
12923	0.00117738
12924	0.00113091
12925	0.00108579
12926	0.00104206
12927	0.000999778
12928	0.000958974
12929	0.00091969
12930	0.000881966
12931	0.000845839
12932	0.000811344
12933	0.000778516
12934	0.000747387
12935	0.000717987
12936	0.000690346
12937	0.000664491
12938	0.000640447
12939	0.000618238
12940	0.000597887
12941	0.000579413
12942	0.000562834
12943	0.000548166
12944	0.000535425
12945	0.000524623
12946	0.000515771
12947	0.000508876
12948	0.000503947
12949	0.000500987
12950	0.0005
12951	0.000500987
12952	0.000503947
12953	0.000508876
12954	0.000515771
12955	0.000524623
12956	0.000535425
12957	0.000548166
12958	0.000562834
12959	0.000579413
12960	0.000597887
12961	0.000618238
12962	0.000640447
12963	0.000664491
12964	0.000690346
12965	0.000717987
12966	0.000747387
12967	0.000778516
12968	0.000811344
12969	0.000845839
12970	0.000881966
12971	0.00091969
12972	0.000958974
12973	0.000999778
12974	0.00104206
12975	0.00108579
12976	0.00113091
12977	0.00117738
12978	0.00122515
12979	0.00127419
12980	0.00132443
12981	0.00137583
12982	0.00142835
12983	0.00148192
12984	0.00153649
12985	0.00159202
12986	0.00164844
12987	0.0017057
12988	0.00176375
12989	0.00182252
12990	0.00188197
12991	0.00194202
12992	0.00200262
12993	0.00206371
12994	0.00212524
12995	0.00218713
12996	0.00224933
12997	0.00231178
12998	0.00237442
12999	0.00243718
13000	0.0025
13001	0.00256282
13002	0.00262558
13003	0.00268822
13004	0.00275067
13005	0.00281287
13006	0.00287476
13007	0.00293629
13008	0.00299738
13009	0.00305798
13010	0.00311803
13011	0.00317748
13012	0.00323625
13013	0.0032943
13014	0.00335156
13015	0.00340798
13016	0.00346351
13017	0.00351808
13018	0.00357165
13019	0.00362417
13020	0.00367557
13021	0.00372581
13022	0.00377485
13023	0.00382262
13024	0.00386909
13025	0.00391421
13026	0.00395794
13027	0.00400022
13028	0.00404103
13029	0.00408031
13030	0.00411803
13031	0.00415416
13032	0.00418866
13033	0.00422148
13034	0.00425261
13035	0.00428201
13036	0.00430965
13037	0.00433551
13038	0.00435955
13039	0.00438176
13040	0.00440211
13041	0.00442059
13042	0.00443717
13043	0.00445183
13044	0.00446457
13045	0.00447538
13046	0.00448423
13047	0.00449112
13048	0.00449605
13049	0.00449901
13050	0.0045
13051	0.00449901
13052	0.00449605
13053	0.00449112
13054	0.00448423
13055	0.00447538
13056	0.00446457
13057	0.00445183
13058	0.00443717
13059	0.00442059
13060	0.00440211
13061	0.00438176
13062	0.00435955
13063	0.00433551
13064	0.00430965
13065	0.00428201
13066	0.00425261
13067	0.00422148
13068	0.00418866
13069	0.00415416
13070	0.00411803
13071	0.00408031
13072	0.00404103
13073	0.00400022
13074	0.00395794
13075	0.00391421
13076	0.00386909
13077	0.00382262
13078	0.00377485
13079	0.00372581
13080	0.00367557
13081	0.00362417
13082	0.00357165
13083	0.00351808
13084	0.00346351
13085	0.00340798
13086	0.00335156
13087	0.0032943
13088	0.00323625
13089	0.00317748
13090	0.00311803
13091	0.00305798
13092	0.00299738
13093	0.00293629
13094	0.00287476
13095	0.00281287
13096	0.00275067
13097	0.00268822
13098	0.00262558
13099	0.00256282
13100	0.0025
13101	0.00243718
13102	0.00237442
13103	0.00231178
13104	0.00224933
13105	0.00218713
13106	0.00212524
13107	0.00206371
13108	0.00200262
13109	0.00194202
13110	0.00188197
13111	0.00182252
13112	0.00176375
13113	0.0017057
13114	0.00164844
13115	0.00159202
13116	0.00153649
13117	0.00148192
13118	0.00142835
13119	0.00137583
13120	0.00132443
13121	0.00127419
13122	0.00122515
13123	0.00117738
13124	0.00113091
13125	0.00108579
13126	0.00104206
13127	0.000999778
13128	0.000958974
13129	0.00091969
13130	0.000881966
13131	0.000845839
13132	0.000811344
13133	0.000778516
13134	0.000747387
13135	0.000717987
13136	0.000690346
13137	0.000664491
13138	0.000640447
13139	0.000618238
13140	0.000597887
13141	0.000579413
13142	0.000562834
13143	0.000548166
13144	0.000535425
13145	0.000524623
13146	0.000515771
13147	0.000508876
13148	0.000503947
13149	0.000500987
13150	0.0005
13151	0.000500987
13152	0.000503947
13153	0.000508876
13154	0.000515771
13155	0.000524623
13156	0.000535425
13157	0.000548166
13158	0.000562834
13159	0.000579413
13160	0.000597887
13161	0.000618238
13162	0.000640447
13163	0.000664491
13164	0.000690346
13165	0.000717987
13166	0.000747387
13167	0.000778516
13168	0.000811344
13169	0.000845839
13170	0.000881966
13171	0.00091969
13172	0.000958974
13173	0.000999778
13174	0.00104206
13175	0.00108579
13176	0.00113091
13177	0.00117738
13178	0.00122515
13179	0.00127419
13180	0.00132443
13181	0.00137583
13182	0.00142835
13183	0.00148192
13184	0.00153649
13185	0.00159202
13186	0.00164844
13187	0.0017057
13188	0.00176375
13189	0.00182252
13190	0.00188197
13191	0.00194202
13192	0.00200262
13193	0.00206371
13194	0.00212524
13195	0.00218713
13196	0.00224933
13197	0.00231178
13198	0.00237442
13199	0.00243718
13200	0.0025
13201	0.00256282
13202	0.00262558
13203	0.00268822
13204	0.00275067
13205	0.00281287
13206	0.00287476
13207	0.00293629
13208	0.00299738
13209	0.00305798
13210	0.00311803
13211	0.00317748
13212	0.00323625
13213	0.0032943
13214	0.00335156
13215	0.00340798
13216	0.00346351
13217	0.00351808
13218	0.00357165
13219	0.00362417
13220	0.00367557
13221	0.00372581
13222	0.00377485
13223	0.00382262
13224	0.00386909
13225	0.00391421
13226	0.00395794
13227	0.00400022
13228	0.00404103
13229	0.00408031
13230	0.00411803
13231	0.00415416
13232	0.00418866
13233	0.00422148
13234	0.00425261
13235	0.00428201
13236	0.00430965
13237	0.00433551
13238	0.00435955
13239	0.00438176
13240	0.00440211
13241	0.00442059
13242	0.00443717
13243	0.00445183
13244	0.00446457
13245	0.00447538
13246	0.00448423
13247	0.00449112
13248	0.00449605
13249	0.00449901
13250	0.0045
13251	0.00449901
13252	0.00449605
13253	0.00449112
13254	0.00448423
13255	0.00447538
13256	0.00446457
13257	0.00445183
13258	0.00443717
13259	0.00442059
13260	0.00440211
13261	0.00438176
13262	0.00435955
13263	0.00433551
13264	0.00430965
13265	0.00428201
13266	0.00425261
13267	0.00422148
13268	0.00418866
13269	0.00415416
13270	0.00411803
13271	0.00408031
13272	0.00404103
13273	0.00400022
13274	0.00395794
13275	0.00391421
13276	0.00386909
13277	0.00382262
13278	0.00377485
13279	0.00372581
13280	0.00367557
13281	0.00362417
13282	0.00357165
13283	0.00351808
13284	0.00346351
13285	0.00340798
13286	0.00335156
13287	0.0032943
13288	0.00323625
13289	0.00317748
13290	0.00311803
13291	0.00305798
13292	0.00299738
13293	0.00293629
13294	0.00287476
13295	0.00281287
13296	0.00275067
13297	0.00268822
13298	0.00262558
13299	0.00256282
13300	0.0025
13301	0.00243718
13302	0.00237442
13303	0.00231178
13304	0.00224933
13305	0.00218713
13306	0.00212524
13307	0.00206371
13308	0.00200262
13309	0.00194202
13310	0.00188197
13311	0.00182252
13312	0.00176375
13313	0.0017057
13314	0.00164844
13315	0.00159202
13316	0.00153649
13317	0.00148192
13318	0.00142835
13319	0.00137583
13320	0.00132443
13321	0.00127419
13322	0.00122515
13323	0.00117738
13324	0.00113091
13325	0.00108579
13326	0.00104206
13327	0.000999778
13328	0.000958974
13329	0.00091969
13330	0.000881966
13331	0.000845839
13332	0.000811344
13333	0.000778516
13334	0.000747387
13335	0.000717987
13336	0.000690346
13337	0.000664491
13338	0.000640447
13339	0.000618238
13340	0.000597887
13341	0.000579413
13342	0.000562834
13343	0.000548166
13344	0.000535425
13345	0.000524623
13346	0.000515771
13347	0.000508876
13348	0.000503947
13349	0.000500987
13350	0.0005
13351	0.000500987
13352	0.000503947
13353	0.000508876
13354	0.000515771
13355	0.000524623
13356	0.000535425
13357	0.000548166
13358	0.000562834
13359	0.000579413
13360	0.000597887
13361	0.000618238
13362	0.000640447
13363	0.000664491
13364	0.000690346
13365	0.000717987
13366	0.000747387
13367	0.000778516
13368	0.000811344
13369	0.000845839
13370	0.000881966
13371	0.00091969
13372	0.000958974
13373	0.000999778
13374	0.00104206
13375	0.00108579
13376	0.00113091
13377	0.00117738
13378	0.00122515
13379	0.00127419
13380	0.00132443
13381	0.00137583
13382	0.00142835
13383	0.00148192
13384	0.00153649
13385	0.00159202
13386	0.00164844
13387	0.0017057
13388	0.00176375
13389	0.00182252
13390	0.00188197
13391	0.00194202
13392	0.00200262
13393	0.00206371
13394	0.00212524
13395	0.00218713
13396	0.00224933
13397	0.00231178
13398	0.00237442
13399	0.00243718
13400	0.0025
13401	0.00256282
13402	0.00262558
13403	0.00268822
13404	0.00275067
13405	0.00281287
13406	0.00287476
13407	0.00293629
13408	0.00299738
13409	0.00305798
13410	0.00311803
13411	0.00317748
13412	0.00323625
13413	0.0032943
13414	0.00335156
13415	0.00340798
13416	0.00346351
13417	0.00351808
13418	0.00357165
13419	0.00362417
13420	0.00367557
13421	0.00372581
13422	0.00377485
13423	0.00382262
13424	0.00386909
13425	0.00391421
13426	0.00395794
13427	0.00400022
13428	0.00404103
13429	0.00408031
13430	0.00411803
13431	0.00415416
13432	0.00418866
13433	0.00422148
13434	0.00425261
13435	0.00428201
13436	0.00430965
13437	0.00433551
13438	0.00435955
13439	0.00438176
13440	0.00440211
13441	0.00442059
13442	0.00443717
13443	0.00445183
13444	0.00446457
13445	0.00447538
13446	0.00448423
13447	0.00449112
13448	0.00449605
13449	0.00449901
13450	0.0045
13451	0.00449901
13452	0.00449605
13453	0.00449112
13454	0.00448423
13455	0.00447538
13456	0.00446457
13457	0.00445183
13458	0.00443717
13459	0.00442059
13460	0.00440211
13461	0.00438176
13462	0.00435955
13463	0.00433551
13464	0.00430965
13465	0.00428201
13466	0.00425261
13467	0.00422148
13468	0.00418866
13469	0.00415416
13470	0.00411803
13471	0.00408031
13472	0.00404103
13473	0.00400022
13474	0.00395794
13475	0.00391421
13476	0.00386909
13477	0.00382262
13478	0.00377485
13479	0.00372581
13480	0.00367557
13481	0.00362417
13482	0.00357165
13483	0.00351808
13484	0.00346351
13485	0.00340798
13486	0.00335156
13487	0.0032943
13488	0.00323625
13489	0.00317748
13490	0.00311803
13491	0.00305798
13492	0.00299738
13493	0.00293629
13494	0.00287476
13495	0.00281287
13496	0.00275067
13497	0.00268822
13498	0.00262558
13499	0.00256282
13500	0.0025
13501	0.00243718
13502	0.00237442
13503	0.00231178
13504	0.00224933
13505	0.00218713
13506	0.00212524
13507	0.00206371
13508	0.00200262
13509	0.00194202
13510	0.00188197
13511	0.00182252
13512	0.00176375
13513	0.0017057
13514	0.00164844
13515	0.00159202
13516	0.00153649
13517	0.00148192
13518	0.00142835
13519	0.00137583
13520	0.00132443
13521	0.00127419
13522	0.00122515
13523	0.00117738
13524	0.00113091
13525	0.00108579
13526	0.00104206
13527	0.000999778
13528	0.000958974
13529	0.00091969
13530	0.000881966
13531	0.000845839
13532	0.000811344
13533	0.000778516
13534	0.000747387
13535	0.000717987
13536	0.000690346
13537	0.000664491
13538	0.000640447
13539	0.000618238
13540	0.000597887
13541	0.000579413
13542	0.000562834
13543	0.000548166
13544	0.000535425
13545	0.000524623
13546	0.000515771
13547	0.000508876
13548	0.000503947
13549	0.000500987
13550	0.0005
13551	0.000500987
13552	0.000503947
13553	0.000508876
13554	0.000515771
13555	0.000524623
13556	0.000535425
13557	0.000548166
13558	0.000562834
13559	0.000579413
13560	0.000597887
13561	0.000618238
13562	0.000640447
13563	0.000664491
13564	0.000690346
13565	0.000717987
13566	0.000747387
13567	0.000778516
13568	0.000811344
13569	0.000845839
13570	0.000881966
13571	0.00091969
13572	0.000958974
13573	0.000999778
13574	0.00104206
13575	0.00108579
13576	0.00113091
13577	0.00117738
13578	0.00122515
13579	0.00127419
13580	0.00132443
13581	0.00137583
13582	0.00142835
13583	0.00148192
13584	0.00153649
13585	0.00159202
13586	0.00164844
13587	0.0017057
13588	0.00176375
13589	0.00182252
13590	0.00188197
13591	0.00194202
13592	0.00200262
13593	0.00206371
13594	0.00212524
13595	0.00218713
13596	0.00224933
13597	0.00231178
13598	0.00237442
13599	0.00243718
13600	0.0025
13601	0.00256282
13602	0.00262558
13603	0.00268822
13604	0.00275067
13605	0.00281287
13606	0.00287476
13607	0.00293629
13608	0.00299738
13609	0.00305798
13610	0.00311803
13611	0.00317748
13612	0.00323625
13613	0.0032943
13614	0.00335156
13615	0.00340798
13616	0.00346351
13617	0.00351808
13618	0.00357165
13619	0.00362417
13620	0.00367557
13621	0.00372581
13622	0.00377485
13623	0.00382262
13624	0.00386909
13625	0.00391421
13626	0.00395794
13627	0.00400022
13628	0.00404103
13629	0.00408031
13630	0.00411803
13631	0.00415416
13632	0.00418866
13633	0.00422148
13634	0.00425261
13635	0.00428201
13636	0.00430965
13637	0.00433551
13638	0.00435955
13639	0.00438176
13640	0.00440211
13641	0.00442059
13642	0.00443717
13643	0.00445183
13644	0.00446457
13645	0.00447538
13646	0.00448423
13647	0.00449112
13648	0.00449605
13649	0.00449901
13650	0.0045
13651	0.00449901
13652	0.00449605
13653	0.00449112
13654	0.00448423
13655	0.00447538
13656	0.00446457
13657	0.00445183
13658	0.00443717
13659	0.00442059
13660	0.00440211
13661	0.00438176
13662	0.00435955
13663	0.00433551
13664	0.00430965
13665	0.00428201
13666	0.00425261
13667	0.00422148
13668	0.00418866
13669	0.00415416
13670	0.00411803
13671	0.00408031
13672	0.00404103
13673	0.00400022
13674	0.00395794
13675	0.00391421
13676	0.00386909
13677	0.00382262
13678	0.00377485
13679	0.00372581
13680	0.00367557
13681	0.00362417
13682	0.00357165
13683	0.00351808
13684	0.00346351
13685	0.00340798
13686	0.00335156
13687	0.0032943
13688	0.00323625
13689	0.00317748
13690	0.00311803
13691	0.00305798
13692	0.00299738
13693	0.00293629
13694	0.00287476
13695	0.00281287
13696	0.00275067
13697	0.00268822
13698	0.00262558
13699	0.00256282
13700	0.0025
13701	0.00243718
13702	0.00237442
13703	0.00231178
13704	0.00224933
13705	0.00218713
13706	0.00212524
13707	0.00206371
13708	0.00200262
13709	0.00194202
13710	0.00188197
13711	0.00182252
13712	0.00176375
13713	0.0017057
13714	0.00164844
13715	0.00159202
13716	0.00153649
13717	0.00148192
13718	0.00142835
13719	0.00137583
13720	0.00132443
13721	0.00127419
13722	0.00122515
13723	0.00117738
13724	0.00113091
13725	0.00108579
13726	0.00104206
13727	0.000999778
13728	0.000958974
13729	0.00091969
13730	0.000881966
13731	0.000845839
13732	0.000811344
13733	0.000778516
13734	0.000747387
13735	0.000717987
13736	0.000690346
13737	0.000664491
13738	0.000640447
13739	0.000618238
13740	0.000597887
13741	0.000579413
13742	0.000562834
13743	0.000548166
13744	0.000535425
13745	0.000524623
13746	0.000515771
13747	0.000508876
13748	0.000503947
13749	0.000500987
13750	0.0005
13751	0.000500987
13752	0.000503947
13753	0.000508876
13754	0.000515771
13755	0.000524623
13756	0.000535425
13757	0.000548166
13758	0.000562834
13759	0.000579413
13760	0.000597887
13761	0.000618238
13762	0.000640447
13763	0.000664491
13764	0.000690346
13765	0.000717987
13766	0.000747387
13767	0.000778516
13768	0.000811344
13769	0.000845839
13770	0.000881966
13771	0.00091969
13772	0.000958974
13773	0.000999778
13774	0.00104206
13775	0.00108579
13776	0.00113091
13777	0.00117738
13778	0.00122515
13779	0.00127419
13780	0.00132443
13781	0.00137583
13782	0.00142835
13783	0.00148192
13784	0.00153649
13785	0.00159202
13786	0.00164844
13787	0.0017057
13788	0.00176375
13789	0.00182252
13790	0.00188197
13791	0.00194202
13792	0.00200262
13793	0.00206371
13794	0.00212524
13795	0.00218713
13796	0.00224933
13797	0.00231178
13798	0.00237442
13799	0.00243718
13800	0.0025
13801	0.00256282
13802	0.00262558
13803	0.00268822
13804	0.00275067
13805	0.00281287
13806	0.00287476
13807	0.00293629
13808	0.00299738
13809	0.00305798
13810	0.00311803
13811	0.00317748
13812	0.00323625
13813	0.0032943
13814	0.00335156
13815	0.00340798
13816	0.00346351
13817	0.00351808
13818	0.00357165
13819	0.00362417
13820	0.00367557
13821	0.00372581
13822	0.00377485
13823	0.00382262
13824	0.00386909
13825	0.00391421
13826	0.00395794
13827	0.00400022
13828	0.00404103
13829	0.00408031
13830	0.00411803
13831	0.00415416
13832	0.00418866
13833	0.00422148
13834	0.00425261
13835	0.00428201
13836	0.00430965
13837	0.00433551
13838	0.00435955
13839	0.00438176
13840	0.00440211
13841	0.00442059
13842	0.00443717
13843	0.00445183
13844	0.00446457
13845	0.00447538
13846	0.00448423
13847	0.00449112
13848	0.00449605
13849	0.00449901
13850	0.0045
13851	0.00449901
13852	0.00449605
13853	0.00449112
13854	0.00448423
13855	0.00447538
13856	0.00446457
13857	0.00445183
13858	0.00443717
13859	0.00442059
13860	0.00440211
13861	0.00438176
13862	0.00435955
13863	0.00433551
13864	0.00430965
13865	0.00428201
13866	0.00425261
13867	0.00422148
13868	0.00418866
13869	0.00415416
13870	0.00411803
13871	0.00408031
13872	0.00404103
13873	0.00400022
13874	0.00395794
13875	0.00391421
13876	0.00386909
13877	0.00382262
13878	0.00377485
13879	0.00372581
13880	0.00367557
13881	0.00362417
13882	0.00357165
13883	0.00351808
13884	0.00346351
13885	0.00340798
13886	0.00335156
13887	0.0032943
13888	0.00323625
13889	0.00317748
13890	0.00311803
13891	0.00305798
13892	0.00299738
13893	0.00293629
13894	0.00287476
13895	0.00281287
13896	0.00275067
13897	0.00268822
13898	0.00262558
13899	0.00256282
13900	0.0025
13901	0.00243718
13902	0.00237442
13903	0.00231178
13904	0.00224933
13905	0.00218713
13906	0.00212524
13907	0.00206371
13908	0.00200262
13909	0.00194202
13910	0.00188197
13911	0.00182252
13912	0.00176375
13913	0.0017057
13914	0.00164844
13915	0.00159202
13916	0.00153649
13917	0.00148192
13918	0.00142835
13919	0.00137583
13920	0.00132443
13921	0.00127419
13922	0.00122515
13923	0.00117738
13924	0.00113091
13925	0.00108579
13926	0.00104206
13927	0.000999778
13928	0.000958974
13929	0.00091969
13930	0.000881966
13931	0.000845839
13932	0.000811344
13933	0.000778516
13934	0.000747387
13935	0.000717987
13936	0.000690346
13937	0.000664491
13938	0.000640447
13939	0.000618238
13940	0.000597887
13941	0.000579413
13942	0.000562834
13943	0.000548166
13944	0.000535425
13945	0.000524623
13946	0.000515771
13947	0.000508876
13948	0.000503947
13949	0.000500987
13950	0.0005
13951	0.000500987
13952	0.000503947
13953	0.000508876
13954	0.000515771
13955	0.000524623
13956	0.000535425
13957	0.000548166
13958	0.000562834
13959	0.000579413
13960	0.000597887
13961	0.000618238
13962	0.000640447
13963	0.000664491
13964	0.000690346
13965	0.000717987
13966	0.000747387
13967	0.000778516
13968	0.000811344
13969	0.000845839
13970	0.000881966
13971	0.00091969
13972	0.000958974
13973	0.000999778
13974	0.00104206
13975	0.00108579
13976	0.00113091
13977	0.00117738
13978	0.00122515
13979	0.00127419
13980	0.00132443
13981	0.00137583
13982	0.00142835
13983	0.00148192
13984	0.00153649
13985	0.00159202
13986	0.00164844
13987	0.0017057
13988	0.00176375
13989	0.00182252
13990	0.00188197
13991	0.00194202
13992	0.00200262
13993	0.00206371
13994	0.00212524
13995	0.00218713
13996	0.00224933
13997	0.00231178
13998	0.00237442
13999	0.00243718
14000	0.0025
14001	0.00256282
14002	0.00262558
14003	0.00268822
14004	0.00275067
14005	0.00281287
14006	0.00287476
14007	0.00293629
14008	0.00299738
14009	0.00305798
14010	0.00311803
14011	0.00317748
14012	0.00323625
14013	0.0032943
14014	0.00335156
14015	0.00340798
14016	0.00346351
14017	0.00351808
14018	0.00357165
14019	0.00362417
14020	0.00367557
14021	0.00372581
14022	0.00377485
14023	0.00382262
14024	0.00386909
14025	0.00391421
14026	0.00395794
14027	0.00400022
14028	0.00404103
14029	0.00408031
14030	0.00411803
14031	0.00415416
14032	0.00418866
14033	0.00422148
14034	0.00425261
14035	0.00428201
14036	0.00430965
14037	0.00433551
14038	0.00435955
14039	0.00438176
14040	0.00440211
14041	0.00442059
14042	0.00443717
14043	0.00445183
14044	0.00446457
14045	0.00447538
14046	0.00448423
14047	0.00449112
14048	0.00449605
14049	0.00449901
14050	0.0045
14051	0.00449901
14052	0.00449605
14053	0.00449112
14054	0.00448423
14055	0.00447538
14056	0.00446457
14057	0.00445183
14058	0.00443717
14059	0.00442059
14060	0.00440211
14061	0.00438176
14062	0.00435955
14063	0.00433551
14064	0.00430965
14065	0.00428201
14066	0.00425261
14067	0.00422148
14068	0.00418866
14069	0.00415416
14070	0.00411803
14071	0.00408031
14072	0.00404103
14073	0.00400022
14074	0.00395794
14075	0.00391421
14076	0.00386909
14077	0.00382262
14078	0.00377485
14079	0.00372581
14080	0.00367557
14081	0.00362417
14082	0.00357165
14083	0.00351808
14084	0.00346351
14085	0.00340798
14086	0.00335156
14087	0.0032943
14088	0.00323625
14089	0.00317748
14090	0.00311803
14091	0.00305798
14092	0.00299738
14093	0.00293629
14094	0.00287476
14095	0.00281287
14096	0.00275067
14097	0.00268822
14098	0.00262558
14099	0.00256282
14100	0.0025
14101	0.00243718
14102	0.00237442
14103	0.00231178
14104	0.00224933
14105	0.00218713
14106	0.00212524
14107	0.00206371
14108	0.00200262
14109	0.00194202
14110	0.00188197
14111	0.00182252
14112	0.00176375
14113	0.0017057
14114	0.00164844
14115	0.00159202
14116	0.00153649
14117	0.00148192
14118	0.00142835
14119	0.00137583
14120	0.00132443
14121	0.00127419
14122	0.00122515
14123	0.00117738
14124	0.00113091
14125	0.00108579
14126	0.00104206
14127	0.000999778
14128	0.000958974
14129	0.00091969
14130	0.000881966
14131	0.000845839
14132	0.000811344
14133	0.000778516
14134	0.000747387
14135	0.000717987
14136	0.000690346
14137	0.000664491
14138	0.000640447
14139	0.000618238
14140	0.000597887
14141	0.000579413
14142	0.000562834
14143	0.000548166
14144	0.000535425
14145	0.000524623
14146	0.000515771
14147	0.000508876
14148	0.000503947
14149	0.000500987
14150	0.0005
14151	0.000500987
14152	0.000503947
14153	0.000508876
14154	0.000515771
14155	0.000524623
14156	0.000535425
14157	0.000548166
14158	0.000562834
14159	0.000579413
14160	0.000597887
14161	0.000618238
14162	0.000640447
14163	0.000664491
14164	0.000690346
14165	0.000717987
14166	0.000747387
14167	0.000778516
14168	0.000811344
14169	0.000845839
14170	0.000881966
14171	0.00091969
14172	0.000958974
14173	0.000999778
14174	0.00104206
14175	0.00108579
14176	0.00113091
14177	0.00117738
14178	0.00122515
14179	0.00127419
14180	0.00132443
14181	0.00137583
14182	0.00142835
14183	0.00148192
14184	0.00153649
14185	0.00159202
14186	0.00164844
14187	0.0017057
14188	0.00176375
14189	0.00182252
14190	0.00188197
14191	0.00194202
14192	0.00200262
14193	0.00206371
14194	0.00212524
14195	0.00218713
14196	0.00224933
14197	0.00231178
14198	0.00237442
14199	0.00243718
14200	0.0025
14201	0.00256282
14202	0.00262558
14203	0.00268822
14204	0.00275067
14205	0.00281287
14206	0.00287476
14207	0.00293629
14208	0.00299738
14209	0.00305798
14210	0.00311803
14211	0.00317748
14212	0.00323625
14213	0.0032943
14214	0.00335156
14215	0.00340798
14216	0.00346351
14217	0.00351808
14218	0.00357165
14219	0.00362417
14220	0.00367557
14221	0.00372581
14222	0.00377485
14223	0.00382262
14224	0.00386909
14225	0.00391421
14226	0.00395794
14227	0.00400022
14228	0.00404103
14229	0.00408031
14230	0.00411803
14231	0.00415416
14232	0.00418866
14233	0.00422148
14234	0.00425261
14235	0.00428201
14236	0.00430965
14237	0.00433551
14238	0.00435955
14239	0.00438176
14240	0.00440211
14241	0.00442059
14242	0.00443717
14243	0.00445183
14244	0.00446457
14245	0.00447538
14246	0.00448423
14247	0.00449112
14248	0.00449605
14249	0.00449901
14250	0.0045
14251	0.00449901
14252	0.00449605
14253	0.00449112
14254	0.00448423
14255	0.00447538
14256	0.00446457
14257	0.00445183
14258	0.00443717
14259	0.00442059
14260	0.00440211
14261	0.00438176
14262	0.00435955
14263	0.00433551
14264	0.00430965
14265	0.00428201
14266	0.00425261
14267	0.00422148
14268	0.00418866
14269	0.00415416
14270	0.00411803
14271	0.00408031
14272	0.00404103
14273	0.00400022
14274	0.00395794
14275	0.00391421
14276	0.00386909
14277	0.00382262
14278	0.00377485
14279	0.00372581
14280	0.00367557
14281	0.00362417
14282	0.00357165
14283	0.00351808
14284	0.00346351
14285	0.00340798
14286	0.00335156
14287	0.0032943
14288	0.00323625
14289	0.00317748
14290	0.00311803
14291	0.00305798
14292	0.00299738
14293	0.00293629
14294	0.00287476
14295	0.00281287
14296	0.00275067
14297	0.00268822
14298	0.00262558
14299	0.00256282
14300	0.0025
14301	0.00243718
14302	0.00237442
14303	0.00231178
14304	0.00224933
14305	0.00218713
14306	0.00212524
14307	0.00206371
14308	0.00200262
14309	0.00194202
14310	0.00188197
14311	0.00182252
14312	0.00176375
14313	0.0017057
14314	0.00164844
14315	0.00159202
14316	0.00153649
14317	0.00148192
14318	0.00142835
14319	0.00137583
14320	0.00132443
14321	0.00127419
14322	0.00122515
14323	0.00117738
14324	0.00113091
14325	0.00108579
14326	0.00104206
14327	0.000999778
14328	0.000958974
14329	0.00091969
14330	0.000881966
14331	0.000845839
14332	0.000811344
14333	0.000778516
14334	0.000747387
14335	0.000717987
14336	0.000690346
14337	0.000664491
14338	0.000640447
14339	0.000618238
14340	0.000597887
14341	0.000579413
14342	0.000562834
14343	0.000548166
14344	0.000535425
14345	0.000524623
14346	0.000515771
14347	0.000508876
14348	0.000503947
14349	0.000500987
14350	0.0005
14351	0.000500987
14352	0.000503947
14353	0.000508876
14354	0.000515771
14355	0.000524623
14356	0.000535425
14357	0.000548166
14358	0.000562834
14359	0.000579413
14360	0.000597887
14361	0.000618238
14362	0.000640447
14363	0.000664491
14364	0.000690346
14365	0.000717987
14366	0.000747387
14367	0.000778516
14368	0.000811344
14369	0.000845839
14370	0.000881966
14371	0.00091969
14372	0.000958974
14373	0.000999778
14374	0.00104206
14375	0.00108579
14376	0.00113091
14377	0.00117738
14378	0.00122515
14379	0.00127419
14380	0.00132443
14381	0.00137583
14382	0.00142835
14383	0.00148192
14384	0.00153649
14385	0.00159202
14386	0.00164844
14387	0.0017057
14388	0.00176375
14389	0.00182252
14390	0.00188197
14391	0.00194202
14392	0.00200262
14393	0.00206371
14394	0.00212524
14395	0.00218713
14396	0.00224933
14397	0.00231178
14398	0.00237442
14399	0.00243718
14400	0.0025
14401	0.00256282
14402	0.00262558
14403	0.00268822
14404	0.00275067
14405	0.00281287
14406	0.00287476
14407	0.00293629
14408	0.00299738
14409	0.00305798
14410	0.00311803
14411	0.00317748
14412	0.00323625
14413	0.0032943
14414	0.00335156
14415	0.00340798
14416	0.00346351
14417	0.00351808
14418	0.00357165
14419	0.00362417
14420	0.00367557
14421	0.00372581
14422	0.00377485
14423	0.00382262
14424	0.00386909
14425	0.00391421
14426	0.00395794
14427	0.00400022
14428	0.00404103
14429	0.00408031
14430	0.00411803
14431	0.00415416
14432	0.00418866
14433	0.00422148
14434	0.00425261
14435	0.00428201
14436	0.00430965
14437	0.00433551
14438	0.00435955
14439	0.00438176
14440	0.00440211
14441	0.00442059
14442	0.00443717
14443	0.00445183
14444	0.00446457
14445	0.00447538
14446	0.00448423
14447	0.00449112
14448	0.00449605
14449	0.00449901
14450	0.0045
14451	0.00449901
14452	0.00449605
14453	0.00449112
14454	0.00448423
14455	0.00447538
14456	0.00446457
14457	0.00445183
14458	0.00443717
14459	0.00442059
14460	0.00440211
14461	0.00438176
14462	0.00435955
14463	0.00433551
14464	0.00430965
14465	0.00428201
14466	0.00425261
14467	0.00422148
14468	0.00418866
14469	0.00415416
14470	0.00411803
14471	0.00408031
14472	0.00404103
14473	0.00400022
14474	0.00395794
14475	0.00391421
14476	0.00386909
14477	0.00382262
14478	0.00377485
14479	0.00372581
14480	0.00367557
14481	0.00362417
14482	0.00357165
14483	0.00351808
14484	0.00346351
14485	0.00340798
14486	0.00335156
14487	0.0032943
14488	0.00323625
14489	0.00317748
14490	0.00311803
14491	0.00305798
14492	0.00299738
14493	0.00293629
14494	0.00287476
14495	0.00281287
14496	0.00275067
14497	0.00268822
14498	0.00262558
14499	0.00256282
14500	0.0025
14501	0.00243718
14502	0.00237442
14503	0.00231178
14504	0.00224933
14505	0.00218713
14506	0.00212524
14507	0.00206371
14508	0.00200262
14509	0.00194202
14510	0.00188197
14511	0.00182252
14512	0.00176375
14513	0.0017057
14514	0.00164844
14515	0.00159202
14516	0.00153649
14517	0.00148192
14518	0.00142835
14519	0.00137583
14520	0.00132443
14521	0.00127419
14522	0.00122515
14523	0.00117738
14524	0.00113091
14525	0.00108579
14526	0.00104206
14527	0.000999778
14528	0.000958974
14529	0.00091969
14530	0.000881966
14531	0.000845839
14532	0.000811344
14533	0.000778516
14534	0.000747387
14535	0.000717987
14536	0.000690346
14537	0.000664491
14538	0.000640447
14539	0.000618238
14540	0.000597887
14541	0.000579413
14542	0.000562834
14543	0.000548166
14544	0.000535425
14545	0.000524623
14546	0.000515771
14547	0.000508876
14548	0.000503947
14549	0.000500987
14550	0.0005
14551	0.000500987
14552	0.000503947
14553	0.000508876
14554	0.000515771
14555	0.000524623
14556	0.000535425
14557	0.000548166
14558	0.000562834
14559	0.000579413
14560	0.000597887
14561	0.000618238
14562	0.000640447
14563	0.000664491
14564	0.000690346
14565	0.000717987
14566	0.000747387
14567	0.000778516
14568	0.000811344
14569	0.000845839
14570	0.000881966
14571	0.00091969
14572	0.000958974
14573	0.000999778
14574	0.00104206
14575	0.00108579
14576	0.00113091
14577	0.00117738
14578	0.00122515
14579	0.00127419
14580	0.00132443
14581	0.00137583
14582	0.00142835
14583	0.00148192
14584	0.00153649
14585	0.00159202
14586	0.00164844
14587	0.0017057
14588	0.00176375
14589	0.00182252
14590	0.00188197
14591	0.00194202
14592	0.00200262
14593	0.00206371
14594	0.00212524
14595	0.00218713
14596	0.00224933
14597	0.00231178
14598	0.00237442
14599	0.00243718
14600	0.0025
14601	0.00256282
14602	0.00262558
14603	0.00268822
14604	0.00275067
14605	0.00281287
14606	0.00287476
14607	0.00293629
14608	0.00299738
14609	0.00305798
14610	0.00311803
14611	0.00317748
14612	0.00323625
14613	0.0032943
14614	0.00335156
14615	0.00340798
14616	0.00346351
14617	0.00351808
14618	0.00357165
14619	0.00362417
14620	0.00367557
14621	0.00372581
14622	0.00377485
14623	0.00382262
14624	0.00386909
14625	0.00391421
14626	0.00395794
14627	0.00400022
14628	0.00404103
14629	0.00408031
14630	0.00411803
14631	0.00415416
14632	0.00418866
14633	0.00422148
14634	0.00425261
14635	0.00428201
14636	0.00430965
14637	0.00433551
14638	0.00435955
14639	0.00438176
14640	0.00440211
14641	0.00442059
14642	0.00443717
14643	0.00445183
14644	0.00446457
14645	0.00447538
14646	0.00448423
14647	0.00449112
14648	0.00449605
14649	0.00449901
14650	0.0045
14651	0.00449901
14652	0.00449605
14653	0.00449112
14654	0.00448423
14655	0.00447538
14656	0.00446457
14657	0.00445183
14658	0.00443717
14659	0.00442059
14660	0.00440211
14661	0.00438176
14662	0.00435955
14663	0.00433551
14664	0.00430965
14665	0.00428201
14666	0.00425261
14667	0.00422148
14668	0.00418866
14669	0.00415416
14670	0.00411803
14671	0.00408031
14672	0.00404103
14673	0.00400022
14674	0.00395794
14675	0.00391421
14676	0.00386909
14677	0.00382262
14678	0.00377485
14679	0.00372581
14680	0.00367557
14681	0.00362417
14682	0.00357165
14683	0.00351808
14684	0.00346351
14685	0.00340798
14686	0.00335156
14687	0.0032943
14688	0.00323625
14689	0.00317748
14690	0.00311803
14691	0.00305798
14692	0.00299738
14693	0.00293629
14694	0.00287476
14695	0.00281287
14696	0.00275067
14697	0.00268822
14698	0.00262558
14699	0.00256282
14700	0.0025
14701	0.00243718
14702	0.00237442
14703	0.00231178
14704	0.00224933
14705	0.00218713
14706	0.00212524
14707	0.00206371
14708	0.00200262
14709	0.00194202
14710	0.00188197
14711	0.00182252
14712	0.00176375
14713	0.0017057
14714	0.00164844
14715	0.00159202
14716	0.00153649
14717	0.00148192
14718	0.00142835
14719	0.00137583
14720	0.00132443
14721	0.00127419
14722	0.00122515
14723	0.00117738
14724	0.00113091
14725	0.00108579
14726	0.00104206
14727	0.000999778
14728	0.000958974
14729	0.00091969
14730	0.000881966
14731	0.000845839
14732	0.000811344
14733	0.000778516
14734	0.000747387
14735	0.000717987
14736	0.000690346
14737	0.000664491
14738	0.000640447
14739	0.000618238
14740	0.000597887
14741	0.000579413
14742	0.000562834
14743	0.000548166
14744	0.000535425
14745	0.000524623
14746	0.000515771
14747	0.000508876
14748	0.000503947
14749	0.000500987
14750	0.0005
14751	0.000500987
14752	0.000503947
14753	0.000508876
14754	0.000515771
14755	0.000524623
14756	0.000535425
14757	0.000548166
14758	0.000562834
14759	0.000579413
14760	0.000597887
14761	0.000618238
14762	0.000640447
14763	0.000664491
14764	0.000690346
14765	0.000717987
14766	0.000747387
14767	0.000778516
14768	0.000811344
14769	0.000845839
14770	0.000881966
14771	0.00091969
14772	0.000958974
14773	0.000999778
14774	0.00104206
14775	0.00108579
14776	0.00113091
14777	0.00117738
14778	0.00122515
14779	0.00127419
14780	0.00132443
14781	0.00137583
14782	0.00142835
14783	0.00148192
14784	0.00153649
14785	0.00159202
14786	0.00164844
14787	0.0017057
14788	0.00176375
14789	0.00182252
14790	0.00188197
14791	0.00194202
14792	0.00200262
14793	0.00206371
14794	0.00212524
14795	0.00218713
14796	0.00224933
14797	0.00231178
14798	0.00237442
14799	0.00243718
14800	0.0025
14801	0.00256282
14802	0.00262558
14803	0.00268822
14804	0.00275067
14805	0.00281287
14806	0.00287476
14807	0.00293629
14808	0.00299738
14809	0.00305798
14810	0.00311803
14811	0.00317748
14812	0.00323625
14813	0.0032943
14814	0.00335156
14815	0.00340798
14816	0.00346351
14817	0.00351808
14818	0.00357165
14819	0.00362417
14820	0.00367557
14821	0.00372581
14822	0.00377485
14823	0.00382262
14824	0.00386909
14825	0.00391421
14826	0.00395794
14827	0.00400022
14828	0.00404103
14829	0.00408031
14830	0.00411803
14831	0.00415416
14832	0.00418866
14833	0.00422148
14834	0.00425261
14835	0.00428201
14836	0.00430965
14837	0.00433551
14838	0.00435955
14839	0.00438176
14840	0.00440211
14841	0.00442059
14842	0.00443717
14843	0.00445183
14844	0.00446457
14845	0.00447538
14846	0.00448423
14847	0.00449112
14848	0.00449605
14849	0.00449901
14850	0.0045
14851	0.00449901
14852	0.00449605
14853	0.00449112
14854	0.00448423
14855	0.00447538
14856	0.00446457
14857	0.00445183
14858	0.00443717
14859	0.00442059
14860	0.00440211
14861	0.00438176
14862	0.00435955
14863	0.00433551
14864	0.00430965
14865	0.00428201
14866	0.00425261
14867	0.00422148
14868	0.00418866
14869	0.00415416
14870	0.00411803
14871	0.00408031
14872	0.00404103
14873	0.00400022
14874	0.00395794
14875	0.00391421
14876	0.00386909
14877	0.00382262
14878	0.00377485
14879	0.00372581
14880	0.00367557
14881	0.00362417
14882	0.00357165
14883	0.00351808
14884	0.00346351
14885	0.00340798
14886	0.00335156
14887	0.0032943
14888	0.00323625
14889	0.00317748
14890	0.00311803
14891	0.00305798
14892	0.00299738
14893	0.00293629
14894	0.00287476
14895	0.00281287
14896	0.00275067
14897	0.00268822
14898	0.00262558
14899	0.00256282
14900	0.0025
14901	0.00243718
14902	0.00237442
14903	0.00231178
14904	0.00224933
14905	0.00218713
14906	0.00212524
14907	0.00206371
14908	0.00200262
14909	0.00194202
14910	0.00188197
14911	0.00182252
14912	0.00176375
14913	0.0017057
14914	0.00164844
14915	0.00159202
14916	0.00153649
14917	0.00148192
14918	0.00142835
14919	0.00137583
14920	0.00132443
14921	0.00127419
14922	0.00122515
14923	0.00117738
14924	0.00113091
14925	0.00108579
14926	0.00104206
14927	0.000999778
14928	0.000958974
14929	0.00091969
14930	0.000881966
14931	0.000845839
14932	0.000811344
14933	0.000778516
14934	0.000747387
14935	0.000717987
14936	0.000690346
14937	0.000664491
14938	0.000640447
14939	0.000618238
14940	0.000597887
14941	0.000579413
14942	0.000562834
14943	0.000548166
14944	0.000535425
14945	0.000524623
14946	0.000515771
14947	0.000508876
14948	0.000503947
14949	0.000500987
14950	0.0005
14951	0.000500987
14952	0.000503947
14953	0.000508876
14954	0.000515771
14955	0.000524623
14956	0.000535425
14957	0.000548166
14958	0.000562834
14959	0.000579413
14960	0.000597887
14961	0.000618238
14962	0.000640447
14963	0.000664491
14964	0.000690346
14965	0.000717987
14966	0.000747387
14967	0.000778516
14968	0.000811344
14969	0.000845839
14970	0.000881966
14971	0.00091969
14972	0.000958974
14973	0.000999778
14974	0.00104206
14975	0.00108579
14976	0.00113091
14977	0.00117738
14978	0.00122515
14979	0.00127419
14980	0.00132443
14981	0.00137583
14982	0.00142835
14983	0.00148192
14984	0.00153649
14985	0.00159202
14986	0.00164844
14987	0.0017057
14988	0.00176375
14989	0.00182252
14990	0.00188197
14991	0.00194202
14992	0.00200262
14993	0.00206371
14994	0.00212524
14995	0.00218713
14996	0.00224933
14997	0.00231178
14998	0.00237442
14999	0.00243718
15000	0.0025
15001	0.00256282
15002	0.00262558
15003	0.00268822
15004	0.00275067
15005	0.00281287
15006	0.00287476
15007	0.00293629
15008	0.00299738
15009	0.00305798
15010	0.00311803
15011	0.00317748
15012	0.00323625
15013	0.0032943
15014	0.00335156
15015	0.00340798
15016	0.00346351
15017	0.00351808
15018	0.00357165
15019	0.00362417
15020	0.00367557
15021	0.00372581
15022	0.00377485
15023	0.00382262
15024	0.00386909
15025	0.00391421
15026	0.00395794
15027	0.00400022
15028	0.00404103
15029	0.00408031
15030	0.00411803
15031	0.00415416
15032	0.00418866
15033	0.00422148
15034	0.00425261
15035	0.00428201
15036	0.00430965
15037	0.00433551
15038	0.00435955
15039	0.00438176
15040	0.00440211
15041	0.00442059
15042	0.00443717
15043	0.00445183
15044	0.00446457
15045	0.00447538
15046	0.00448423
15047	0.00449112
15048	0.00449605
15049	0.00449901
15050	0.0045
15051	0.00449901
15052	0.00449605
15053	0.00449112
15054	0.00448423
15055	0.00447538
15056	0.00446457
15057	0.00445183
15058	0.00443717
15059	0.00442059
15060	0.00440211
15061	0.00438176
15062	0.00435955
15063	0.00433551
15064	0.00430965
15065	0.00428201
15066	0.00425261
15067	0.00422148
15068	0.00418866
15069	0.00415416
15070	0.00411803
15071	0.00408031
15072	0.00404103
15073	0.00400022
15074	0.00395794
15075	0.00391421
15076	0.00386909
15077	0.00382262
15078	0.00377485
15079	0.00372581
15080	0.00367557
15081	0.00362417
15082	0.00357165
15083	0.00351808
15084	0.00346351
15085	0.00340798
15086	0.00335156
15087	0.0032943
15088	0.00323625
15089	0.00317748
15090	0.00311803
15091	0.00305798
15092	0.00299738
15093	0.00293629
15094	0.00287476
15095	0.00281287
15096	0.00275067
15097	0.00268822
15098	0.00262558
15099	0.00256282
15100	0.0025
15101	0.00243718
15102	0.00237442
15103	0.00231178
15104	0.00224933
15105	0.00218713
15106	0.00212524
15107	0.00206371
15108	0.00200262
15109	0.00194202
15110	0.00188197
15111	0.00182252
15112	0.00176375
15113	0.0017057
15114	0.00164844
15115	0.00159202
15116	0.00153649
15117	0.00148192
15118	0.00142835
15119	0.00137583
15120	0.00132443
15121	0.00127419
15122	0.00122515
15123	0.00117738
15124	0.00113091
15125	0.00108579
15126	0.00104206
15127	0.000999778
15128	0.000958974
15129	0.00091969
15130	0.000881966
15131	0.000845839
15132	0.000811344
15133	0.000778516
15134	0.000747387
15135	0.000717987
15136	0.000690346
15137	0.000664491
15138	0.000640447
15139	0.000618238
15140	0.000597887
15141	0.000579413
15142	0.000562834
15143	0.000548166
15144	0.000535425
15145	0.000524623
15146	0.000515771
15147	0.000508876
15148	0.000503947
15149	0.000500987
15150	0.0005
15151	0.000500987
15152	0.000503947
15153	0.000508876
15154	0.000515771
15155	0.000524623
15156	0.000535425
15157	0.000548166
15158	0.000562834
15159	0.000579413
15160	0.000597887
15161	0.000618238
15162	0.000640447
15163	0.000664491
15164	0.000690346
15165	0.000717987
15166	0.000747387
15167	0.000778516
15168	0.000811344
15169	0.000845839
15170	0.000881966
15171	0.00091969
15172	0.000958974
15173	0.000999778
15174	0.00104206
15175	0.00108579
15176	0.00113091
15177	0.00117738
15178	0.00122515
15179	0.00127419
15180	0.00132443
15181	0.00137583
15182	0.00142835
15183	0.00148192
15184	0.00153649
15185	0.00159202
15186	0.00164844
15187	0.0017057
15188	0.00176375
15189	0.00182252
15190	0.00188197
15191	0.00194202
15192	0.00200262
15193	0.00206371
15194	0.00212524
15195	0.00218713
15196	0.00224933
15197	0.00231178
15198	0.00237442
15199	0.00243718
15200	0.0025
15201	0.00256282
15202	0.00262558
15203	0.00268822
15204	0.00275067
15205	0.00281287
15206	0.00287476
15207	0.00293629
15208	0.00299738
15209	0.00305798
15210	0.00311803
15211	0.00317748
15212	0.00323625
15213	0.0032943
15214	0.00335156
15215	0.00340798
15216	0.00346351
15217	0.00351808
15218	0.00357165
15219	0.00362417
15220	0.00367557
15221	0.00372581
15222	0.00377485
15223	0.00382262
15224	0.00386909
15225	0.00391421
15226	0.00395794
15227	0.00400022
15228	0.00404103
15229	0.00408031
15230	0.00411803
15231	0.00415416
15232	0.00418866
15233	0.00422148
15234	0.00425261
15235	0.00428201
15236	0.00430965
15237	0.00433551
15238	0.00435955
15239	0.00438176
15240	0.00440211
15241	0.00442059
15242	0.00443717
15243	0.00445183
15244	0.00446457
15245	0.00447538
15246	0.00448423
15247	0.00449112
15248	0.00449605
15249	0.00449901
15250	0.0045
15251	0.00449901
15252	0.00449605
15253	0.00449112
15254	0.00448423
15255	0.00447538
15256	0.00446457
15257	0.00445183
15258	0.00443717
15259	0.00442059
15260	0.00440211
15261	0.00438176
15262	0.00435955
15263	0.00433551
15264	0.00430965
15265	0.00428201
15266	0.00425261
15267	0.00422148
15268	0.00418866
15269	0.00415416
15270	0.00411803
15271	0.00408031
15272	0.00404103
15273	0.00400022
15274	0.00395794
15275	0.00391421
15276	0.00386909
15277	0.00382262
15278	0.00377485
15279	0.00372581
15280	0.00367557
15281	0.00362417
15282	0.00357165
15283	0.00351808
15284	0.00346351
15285	0.00340798
15286	0.00335156
15287	0.0032943
15288	0.00323625
15289	0.00317748
15290	0.00311803
15291	0.00305798
15292	0.00299738
15293	0.00293629
15294	0.00287476
15295	0.00281287
15296	0.00275067
15297	0.00268822
15298	0.00262558
15299	0.00256282
15300	0.0025
15301	0.00243718
15302	0.00237442
15303	0.00231178
15304	0.00224933
15305	0.00218713
15306	0.00212524
15307	0.00206371
15308	0.00200262
15309	0.00194202
15310	0.00188197
15311	0.00182252
15312	0.00176375
15313	0.0017057
15314	0.00164844
15315	0.00159202
15316	0.00153649
15317	0.00148192
15318	0.00142835
15319	0.00137583
15320	0.00132443
15321	0.00127419
15322	0.00122515
15323	0.00117738
15324	0.00113091
15325	0.00108579
15326	0.00104206
15327	0.000999778
15328	0.000958974
15329	0.00091969
15330	0.000881966
15331	0.000845839
15332	0.000811344
15333	0.000778516
15334	0.000747387
15335	0.000717987
15336	0.000690346
15337	0.000664491
15338	0.000640447
15339	0.000618238
15340	0.000597887
15341	0.000579413
15342	0.000562834
15343	0.000548166
15344	0.000535425
15345	0.000524623
15346	0.000515771
15347	0.000508876
15348	0.000503947
15349	0.000500987
15350	0.0005
15351	0.000500987
15352	0.000503947
15353	0.000508876
15354	0.000515771
15355	0.000524623
15356	0.000535425
15357	0.000548166
15358	0.000562834
15359	0.000579413
15360	0.000597887
15361	0.000618238
15362	0.000640447
15363	0.000664491
15364	0.000690346
15365	0.000717987
15366	0.000747387
15367	0.000778516
15368	0.000811344
15369	0.000845839
15370	0.000881966
15371	0.00091969
15372	0.000958974
15373	0.000999778
15374	0.00104206
15375	0.00108579
15376	0.00113091
15377	0.00117738
15378	0.00122515
15379	0.00127419
15380	0.00132443
15381	0.00137583
15382	0.00142835
15383	0.00148192
15384	0.00153649
15385	0.00159202
15386	0.00164844
15387	0.0017057
15388	0.00176375
15389	0.00182252
15390	0.00188197
15391	0.00194202
15392	0.00200262
15393	0.00206371
15394	0.00212524
15395	0.00218713
15396	0.00224933
15397	0.00231178
15398	0.00237442
15399	0.00243718
15400	0.0025
15401	0.00256282
15402	0.00262558
15403	0.00268822
15404	0.00275067
15405	0.00281287
15406	0.00287476
15407	0.00293629
15408	0.00299738
15409	0.00305798
15410	0.00311803
15411	0.00317748
15412	0.00323625
15413	0.0032943
15414	0.00335156
15415	0.00340798
15416	0.00346351
15417	0.00351808
15418	0.00357165
15419	0.00362417
15420	0.00367557
15421	0.00372581
15422	0.00377485
15423	0.00382262
15424	0.00386909
15425	0.00391421
15426	0.00395794
15427	0.00400022
15428	0.00404103
15429	0.00408031
15430	0.00411803
15431	0.00415416
15432	0.00418866
15433	0.00422148
15434	0.00425261
15435	0.00428201
15436	0.00430965
15437	0.00433551
15438	0.00435955
15439	0.00438176
15440	0.00440211
15441	0.00442059
15442	0.00443717
15443	0.00445183
15444	0.00446457
15445	0.00447538
15446	0.00448423
15447	0.00449112
15448	0.00449605
15449	0.00449901
15450	0.0045
15451	0.00449901
15452	0.00449605
15453	0.00449112
15454	0.00448423
15455	0.00447538
15456	0.00446457
15457	0.00445183
15458	0.00443717
15459	0.00442059
15460	0.00440211
15461	0.00438176
15462	0.00435955
15463	0.00433551
15464	0.00430965
15465	0.00428201
15466	0.00425261
15467	0.00422148
15468	0.00418866
15469	0.00415416
15470	0.00411803
15471	0.00408031
15472	0.00404103
15473	0.00400022
15474	0.00395794
15475	0.00391421
15476	0.00386909
15477	0.00382262
15478	0.00377485
15479	0.00372581
15480	0.00367557
15481	0.00362417
15482	0.00357165
15483	0.00351808
15484	0.00346351
15485	0.00340798
15486	0.00335156
15487	0.0032943
15488	0.00323625
15489	0.00317748
15490	0.00311803
15491	0.00305798
15492	0.00299738
15493	0.00293629
15494	0.00287476
15495	0.00281287
15496	0.00275067
15497	0.00268822
15498	0.00262558
15499	0.00256282
15500	0.0025
15501	0.00243718
15502	0.00237442
15503	0.00231178
15504	0.00224933
15505	0.00218713
15506	0.00212524
15507	0.00206371
15508	0.00200262
15509	0.00194202
15510	0.00188197
15511	0.00182252
15512	0.00176375
15513	0.0017057
15514	0.00164844
15515	0.00159202
15516	0.00153649
15517	0.00148192
15518	0.00142835
15519	0.00137583
15520	0.00132443
15521	0.00127419
15522	0.00122515
15523	0.00117738
15524	0.00113091
15525	0.00108579
15526	0.00104206
15527	0.000999778
15528	0.000958974
15529	0.00091969
15530	0.000881966
15531	0.000845839
15532	0.000811344
15533	0.000778516
15534	0.000747387
15535	0.000717987
15536	0.000690346
15537	0.000664491
15538	0.000640447
15539	0.000618238
15540	0.000597887
15541	0.000579413
15542	0.000562834
15543	0.000548166
15544	0.000535425
15545	0.000524623
15546	0.000515771
15547	0.000508876
15548	0.000503947
15549	0.000500987
15550	0.0005
15551	0.000500987
15552	0.000503947
15553	0.000508876
15554	0.000515771
15555	0.000524623
15556	0.000535425
15557	0.000548166
15558	0.000562834
15559	0.000579413
15560	0.000597887
15561	0.000618238
15562	0.000640447
15563	0.000664491
15564	0.000690346
15565	0.000717987
15566	0.000747387
15567	0.000778516
15568	0.000811344
15569	0.000845839
15570	0.000881966
15571	0.00091969
15572	0.000958974
15573	0.000999778
15574	0.00104206
15575	0.00108579
15576	0.00113091
15577	0.00117738
15578	0.00122515
15579	0.00127419
15580	0.00132443
15581	0.00137583
15582	0.00142835
15583	0.00148192
15584	0.00153649
15585	0.00159202
15586	0.00164844
15587	0.0017057
15588	0.00176375
15589	0.00182252
15590	0.00188197
15591	0.00194202
15592	0.00200262
15593	0.00206371
15594	0.00212524
15595	0.00218713
15596	0.00224933
15597	0.00231178
15598	0.00237442
15599	0.00243718
15600	0.0025
15601	0.00256282
15602	0.00262558
15603	0.00268822
15604	0.00275067
15605	0.00281287
15606	0.00287476
15607	0.00293629
15608	0.00299738
15609	0.00305798
15610	0.00311803
15611	0.00317748
15612	0.00323625
15613	0.0032943
15614	0.00335156
15615	0.00340798
15616	0.00346351
15617	0.00351808
15618	0.00357165
15619	0.00362417
15620	0.00367557
15621	0.00372581
15622	0.00377485
15623	0.00382262
15624	0.00386909
15625	0.00391421
15626	0.00395794
15627	0.00400022
15628	0.00404103
15629	0.00408031
15630	0.00411803
15631	0.00415416
15632	0.00418866
15633	0.00422148
15634	0.00425261
15635	0.00428201
15636	0.00430965
15637	0.00433551
15638	0.00435955
15639	0.00438176
15640	0.00440211
15641	0.00442059
15642	0.00443717
15643	0.00445183
15644	0.00446457
15645	0.00447538
15646	0.00448423
15647	0.00449112
15648	0.00449605
15649	0.00449901
15650	0.0045
15651	0.00449901
15652	0.00449605
15653	0.00449112
15654	0.00448423
15655	0.00447538
15656	0.00446457
15657	0.00445183
15658	0.00443717
15659	0.00442059
15660	0.00440211
15661	0.00438176
15662	0.00435955
15663	0.00433551
15664	0.00430965
15665	0.00428201
15666	0.00425261
15667	0.00422148
15668	0.00418866
15669	0.00415416
15670	0.00411803
15671	0.00408031
15672	0.00404103
15673	0.00400022
15674	0.00395794
15675	0.00391421
15676	0.00386909
15677	0.00382262
15678	0.00377485
15679	0.00372581
15680	0.00367557
15681	0.00362417
15682	0.00357165
15683	0.00351808
15684	0.00346351
15685	0.00340798
15686	0.00335156
15687	0.0032943
15688	0.00323625
15689	0.00317748
15690	0.00311803
15691	0.00305798
15692	0.00299738
15693	0.00293629
15694	0.00287476
15695	0.00281287
15696	0.00275067
15697	0.00268822
15698	0.00262558
15699	0.00256282
15700	0.0025
15701	0.00243718
15702	0.00237442
15703	0.00231178
15704	0.00224933
15705	0.00218713
15706	0.00212524
15707	0.00206371
15708	0.00200262
15709	0.00194202
15710	0.00188197
15711	0.00182252
15712	0.00176375
15713	0.0017057
15714	0.00164844
15715	0.00159202
15716	0.00153649
15717	0.00148192
15718	0.00142835
15719	0.00137583
15720	0.00132443
15721	0.00127419
15722	0.00122515
15723	0.00117738
15724	0.00113091
15725	0.00108579
15726	0.00104206
15727	0.000999778
15728	0.000958974
15729	0.00091969
15730	0.000881966
15731	0.000845839
15732	0.000811344
15733	0.000778516
15734	0.000747387
15735	0.000717987
15736	0.000690346
15737	0.000664491
15738	0.000640447
15739	0.000618238
15740	0.000597887
15741	0.000579413
15742	0.000562834
15743	0.000548166
15744	0.000535425
15745	0.000524623
15746	0.000515771
15747	0.000508876
15748	0.000503947
15749	0.000500987
15750	0.0005
15751	0.000500987
15752	0.000503947
15753	0.000508876
15754	0.000515771
15755	0.000524623
15756	0.000535425
15757	0.000548166
15758	0.000562834
15759	0.000579413
15760	0.000597887
15761	0.000618238
15762	0.000640447
15763	0.000664491
15764	0.000690346
15765	0.000717987
15766	0.000747387
15767	0.000778516
15768	0.000811344
15769	0.000845839
15770	0.000881966
15771	0.00091969
15772	0.000958974
15773	0.000999778
15774	0.00104206
15775	0.00108579
15776	0.00113091
15777	0.00117738
15778	0.00122515
15779	0.00127419
15780	0.00132443
15781	0.00137583
15782	0.00142835
15783	0.00148192
15784	0.00153649
15785	0.00159202
15786	0.00164844
15787	0.0017057
15788	0.00176375
15789	0.00182252
15790	0.00188197
15791	0.00194202
15792	0.00200262
15793	0.00206371
15794	0.00212524
15795	0.00218713
15796	0.00224933
15797	0.00231178
15798	0.00237442
15799	0.00243718
15800	0.0025
15801	0.00256282
15802	0.00262558
15803	0.00268822
15804	0.00275067
15805	0.00281287
15806	0.00287476
15807	0.00293629
15808	0.00299738
15809	0.00305798
15810	0.00311803
15811	0.00317748
15812	0.00323625
15813	0.0032943
15814	0.00335156
15815	0.00340798
15816	0.00346351
15817	0.00351808
15818	0.00357165
15819	0.00362417
15820	0.00367557
15821	0.00372581
15822	0.00377485
15823	0.00382262
15824	0.00386909
15825	0.00391421
15826	0.00395794
15827	0.00400022
15828	0.00404103
15829	0.00408031
15830	0.00411803
15831	0.00415416
15832	0.00418866
15833	0.00422148
15834	0.00425261
15835	0.00428201
15836	0.00430965
15837	0.00433551
15838	0.00435955
15839	0.00438176
15840	0.00440211
15841	0.00442059
15842	0.00443717
15843	0.00445183
15844	0.00446457
15845	0.00447538
15846	0.00448423
15847	0.00449112
15848	0.00449605
15849	0.00449901
15850	0.0045
15851	0.00449901
15852	0.00449605
15853	0.00449112
15854	0.00448423
15855	0.00447538
15856	0.00446457
15857	0.00445183
15858	0.00443717
15859	0.00442059
15860	0.00440211
15861	0.00438176
15862	0.00435955
15863	0.00433551
15864	0.00430965
15865	0.00428201
15866	0.00425261
15867	0.00422148
15868	0.00418866
15869	0.00415416
15870	0.00411803
15871	0.00408031
15872	0.00404103
15873	0.00400022
15874	0.00395794
15875	0.00391421
15876	0.00386909
15877	0.00382262
15878	0.00377485
15879	0.00372581
15880	0.00367557
15881	0.00362417
15882	0.00357165
15883	0.00351808
15884	0.00346351
15885	0.00340798
15886	0.00335156
15887	0.0032943
15888	0.00323625
15889	0.00317748
15890	0.00311803
15891	0.00305798
15892	0.00299738
15893	0.00293629
15894	0.00287476
15895	0.00281287
15896	0.00275067
15897	0.00268822
15898	0.00262558
15899	0.00256282
15900	0.0025
15901	0.00243718
15902	0.00237442
15903	0.00231178
15904	0.00224933
15905	0.00218713
15906	0.00212524
15907	0.00206371
15908	0.00200262
15909	0.00194202
15910	0.00188197
15911	0.00182252
15912	0.00176375
15913	0.0017057
15914	0.00164844
15915	0.00159202
15916	0.00153649
15917	0.00148192
15918	0.00142835
15919	0.00137583
15920	0.00132443
15921	0.00127419
15922	0.00122515
15923	0.00117738
15924	0.00113091
15925	0.00108579
15926	0.00104206
15927	0.000999778
15928	0.000958974
15929	0.00091969
15930	0.000881966
15931	0.000845839
15932	0.000811344
15933	0.000778516
15934	0.000747387
15935	0.000717987
15936	0.000690346
15937	0.000664491
15938	0.000640447
15939	0.000618238
15940	0.000597887
15941	0.000579413
15942	0.000562834
15943	0.000548166
15944	0.000535425
15945	0.000524623
15946	0.000515771
15947	0.000508876
15948	0.000503947
15949	0.000500987
15950	0.0005
15951	0.000500987
15952	0.000503947
15953	0.000508876
15954	0.000515771
15955	0.000524623
15956	0.000535425
15957	0.000548166
15958	0.000562834
15959	0.000579413
15960	0.000597887
15961	0.000618238
15962	0.000640447
15963	0.000664491
15964	0.000690346
15965	0.000717987
15966	0.000747387
15967	0.000778516
15968	0.000811344
15969	0.000845839
15970	0.000881966
15971	0.00091969
15972	0.000958974
15973	0.000999778
15974	0.00104206
15975	0.00108579
15976	0.00113091
15977	0.00117738
15978	0.00122515
15979	0.00127419
15980	0.00132443
15981	0.00137583
15982	0.00142835
15983	0.00148192
15984	0.00153649
15985	0.00159202
15986	0.00164844
15987	0.0017057
15988	0.00176375
15989	0.00182252
15990	0.00188197
15991	0.00194202
15992	0.00200262
15993	0.00206371
15994	0.00212524
15995	0.00218713
15996	0.00224933
15997	0.00231178
15998	0.00237442
15999	0.00243718
16000	0.0025
16001	0.00256282
16002	0.00262558
16003	0.00268822
16004	0.00275067
16005	0.00281287
16006	0.00287476
16007	0.00293629
16008	0.00299738
16009	0.00305798
16010	0.00311803
16011	0.00317748
16012	0.00323625
16013	0.0032943
16014	0.00335156
16015	0.00340798
16016	0.00346351
16017	0.00351808
16018	0.00357165
16019	0.00362417
16020	0.00367557
16021	0.00372581
16022	0.00377485
16023	0.00382262
16024	0.00386909
16025	0.00391421
16026	0.00395794
16027	0.00400022
16028	0.00404103
16029	0.00408031
16030	0.00411803
16031	0.00415416
16032	0.00418866
16033	0.00422148
16034	0.00425261
16035	0.00428201
16036	0.00430965
16037	0.00433551
16038	0.00435955
16039	0.00438176
16040	0.00440211
16041	0.00442059
16042	0.00443717
16043	0.00445183
16044	0.00446457
16045	0.00447538
16046	0.00448423
16047	0.00449112
16048	0.00449605
16049	0.00449901
16050	0.0045
16051	0.00449901
16052	0.00449605
16053	0.00449112
16054	0.00448423
16055	0.00447538
16056	0.00446457
16057	0.00445183
16058	0.00443717
16059	0.00442059
16060	0.00440211
16061	0.00438176
16062	0.00435955
16063	0.00433551
16064	0.00430965
16065	0.00428201
16066	0.00425261
16067	0.00422148
16068	0.00418866
16069	0.00415416
16070	0.00411803
16071	0.00408031
16072	0.00404103
16073	0.00400022
16074	0.00395794
16075	0.00391421
16076	0.00386909
16077	0.00382262
16078	0.00377485
16079	0.00372581
16080	0.00367557
16081	0.00362417
16082	0.00357165
16083	0.00351808
16084	0.00346351
16085	0.00340798
16086	0.00335156
16087	0.0032943
16088	0.00323625
16089	0.00317748
16090	0.00311803
16091	0.00305798
16092	0.00299738
16093	0.00293629
16094	0.00287476
16095	0.00281287
16096	0.00275067
16097	0.00268822
16098	0.00262558
16099	0.00256282
16100	0.0025
16101	0.00243718
16102	0.00237442
16103	0.00231178
16104	0.00224933
16105	0.00218713
16106	0.00212524
16107	0.00206371
16108	0.00200262
16109	0.00194202
16110	0.00188197
16111	0.00182252
16112	0.00176375
16113	0.0017057
16114	0.00164844
16115	0.00159202
16116	0.00153649
16117	0.00148192
16118	0.00142835
16119	0.00137583
16120	0.00132443
16121	0.00127419
16122	0.00122515
16123	0.00117738
16124	0.00113091
16125	0.00108579
16126	0.00104206
16127	0.000999778
16128	0.000958974
16129	0.00091969
16130	0.000881966
16131	0.000845839
16132	0.000811344
16133	0.000778516
16134	0.000747387
16135	0.000717987
16136	0.000690346
16137	0.000664491
16138	0.000640447
16139	0.000618238
16140	0.000597887
16141	0.000579413
16142	0.000562834
16143	0.000548166
16144	0.000535425
16145	0.000524623
16146	0.000515771
16147	0.000508876
16148	0.000503947
16149	0.000500987
16150	0.0005
16151	0.000500987
16152	0.000503947
16153	0.000508876
16154	0.000515771
16155	0.000524623
16156	0.000535425
16157	0.000548166
16158	0.000562834
16159	0.000579413
16160	0.000597887
16161	0.000618238
16162	0.000640447
16163	0.000664491
16164	0.000690346
16165	0.000717987
16166	0.000747387
16167	0.000778516
16168	0.000811344
16169	0.000845839
16170	0.000881966
16171	0.00091969
16172	0.000958974
16173	0.000999778
16174	0.00104206
16175	0.00108579
16176	0.00113091
16177	0.00117738
16178	0.00122515
16179	0.00127419
16180	0.00132443
16181	0.00137583
16182	0.00142835
16183	0.00148192
16184	0.00153649
16185	0.00159202
16186	0.00164844
16187	0.0017057
16188	0.00176375
16189	0.00182252
16190	0.00188197
16191	0.00194202
16192	0.00200262
16193	0.00206371
16194	0.00212524
16195	0.00218713
16196	0.00224933
16197	0.00231178
16198	0.00237442
16199	0.00243718
16200	0.0025
16201	0.00256282
16202	0.00262558
16203	0.00268822
16204	0.00275067
16205	0.00281287
16206	0.00287476
16207	0.00293629
16208	0.00299738
16209	0.00305798
16210	0.00311803
16211	0.00317748
16212	0.00323625
16213	0.0032943
16214	0.00335156
16215	0.00340798
16216	0.00346351
16217	0.00351808
16218	0.00357165
16219	0.00362417
16220	0.00367557
16221	0.00372581
16222	0.00377485
16223	0.00382262
16224	0.00386909
16225	0.00391421
16226	0.00395794
16227	0.00400022
16228	0.00404103
16229	0.00408031
16230	0.00411803
16231	0.00415416
16232	0.00418866
16233	0.00422148
16234	0.00425261
16235	0.00428201
16236	0.00430965
16237	0.00433551
16238	0.00435955
16239	0.00438176
16240	0.00440211
16241	0.00442059
16242	0.00443717
16243	0.00445183
16244	0.00446457
16245	0.00447538
16246	0.00448423
16247	0.00449112
16248	0.00449605
16249	0.00449901
16250	0.0045
16251	0.00449901
16252	0.00449605
16253	0.00449112
16254	0.00448423
16255	0.00447538
16256	0.00446457
16257	0.00445183
16258	0.00443717
16259	0.00442059
16260	0.00440211
16261	0.00438176
16262	0.00435955
16263	0.00433551
16264	0.00430965
16265	0.00428201
16266	0.00425261
16267	0.00422148
16268	0.00418866
16269	0.00415416
16270	0.00411803
16271	0.00408031
16272	0.00404103
16273	0.00400022
16274	0.00395794
16275	0.00391421
16276	0.00386909
16277	0.00382262
16278	0.00377485
16279	0.00372581
16280	0.00367557
16281	0.00362417
16282	0.00357165
16283	0.00351808
16284	0.00346351
16285	0.00340798
16286	0.00335156
16287	0.0032943
16288	0.00323625
16289	0.00317748
16290	0.00311803
16291	0.00305798
16292	0.00299738
16293	0.00293629
16294	0.00287476
16295	0.00281287
16296	0.00275067
16297	0.00268822
16298	0.00262558
16299	0.00256282
16300	0.0025
16301	0.00243718
16302	0.00237442
16303	0.00231178
16304	0.00224933
16305	0.00218713
16306	0.00212524
16307	0.00206371
16308	0.00200262
16309	0.00194202
16310	0.00188197
16311	0.00182252
16312	0.00176375
16313	0.0017057
16314	0.00164844
16315	0.00159202
16316	0.00153649
16317	0.00148192
16318	0.00142835
16319	0.00137583
16320	0.00132443
16321	0.00127419
16322	0.00122515
16323	0.00117738
16324	0.00113091
16325	0.00108579
16326	0.00104206
16327	0.000999778
16328	0.000958974
16329	0.00091969
16330	0.000881966
16331	0.000845839
16332	0.000811344
16333	0.000778516
16334	0.000747387
16335	0.000717987
16336	0.000690346
16337	0.000664491
16338	0.000640447
16339	0.000618238
16340	0.000597887
16341	0.000579413
16342	0.000562834
16343	0.000548166
16344	0.000535425
16345	0.000524623
16346	0.000515771
16347	0.000508876
16348	0.000503947
16349	0.000500987
16350	0.0005
16351	0.000500987
16352	0.000503947
16353	0.000508876
16354	0.000515771
16355	0.000524623
16356	0.000535425
16357	0.000548166
16358	0.000562834
16359	0.000579413
16360	0.000597887
16361	0.000618238
16362	0.000640447
16363	0.000664491
16364	0.000690346
16365	0.000717987
16366	0.000747387
16367	0.000778516
16368	0.000811344
16369	0.000845839
16370	0.000881966
16371	0.00091969
16372	0.000958974
16373	0.000999778
16374	0.00104206
16375	0.00108579
16376	0.00113091
16377	0.00117738
16378	0.00122515
16379	0.00127419
16380	0.00132443
16381	0.00137583
16382	0.00142835
16383	0.00148192
16384	0.00153649
16385	0.00159202
16386	0.00164844
16387	0.0017057
16388	0.00176375
16389	0.00182252
16390	0.00188197
16391	0.00194202
16392	0.00200262
16393	0.00206371
16394	0.00212524
16395	0.00218713
16396	0.00224933
16397	0.00231178
16398	0.00237442
16399	0.00243718
16400	0.0025
16401	0.00256282
16402	0.00262558
16403	0.00268822
16404	0.00275067
16405	0.00281287
16406	0.00287476
16407	0.00293629
16408	0.00299738
16409	0.00305798
16410	0.00311803
16411	0.00317748
16412	0.00323625
16413	0.0032943
16414	0.00335156
16415	0.00340798
16416	0.00346351
16417	0.00351808
16418	0.00357165
16419	0.00362417
16420	0.00367557
16421	0.00372581
16422	0.00377485
16423	0.00382262
16424	0.00386909
16425	0.00391421
16426	0.00395794
16427	0.00400022
16428	0.00404103
16429	0.00408031
16430	0.00411803
16431	0.00415416
16432	0.00418866
16433	0.00422148
16434	0.00425261
16435	0.00428201
16436	0.00430965
16437	0.00433551
16438	0.00435955
16439	0.00438176
16440	0.00440211
16441	0.00442059
16442	0.00443717
16443	0.00445183
16444	0.00446457
16445	0.00447538
16446	0.00448423
16447	0.00449112
16448	0.00449605
16449	0.00449901
16450	0.0045
16451	0.00449901
16452	0.00449605
16453	0.00449112
16454	0.00448423
16455	0.00447538
16456	0.00446457
16457	0.00445183
16458	0.00443717
16459	0.00442059
16460	0.00440211
16461	0.00438176
16462	0.00435955
16463	0.00433551
16464	0.00430965
16465	0.00428201
16466	0.00425261
16467	0.00422148
16468	0.00418866
16469	0.00415416
16470	0.00411803
16471	0.00408031
16472	0.00404103
16473	0.00400022
16474	0.00395794
16475	0.00391421
16476	0.00386909
16477	0.00382262
16478	0.00377485
16479	0.00372581
16480	0.00367557
16481	0.00362417
16482	0.00357165
16483	0.00351808
16484	0.00346351
16485	0.00340798
16486	0.00335156
16487	0.0032943
16488	0.00323625
16489	0.00317748
16490	0.00311803
16491	0.00305798
16492	0.00299738
16493	0.00293629
16494	0.00287476
16495	0.00281287
16496	0.00275067
16497	0.00268822
16498	0.00262558
16499	0.00256282
16500	0.0025
16501	0.00243718
16502	0.00237442
16503	0.00231178
16504	0.00224933
16505	0.00218713
16506	0.00212524
16507	0.00206371
16508	0.00200262
16509	0.00194202
16510	0.00188197
16511	0.00182252
16512	0.00176375
16513	0.0017057
16514	0.00164844
16515	0.00159202
16516	0.00153649
16517	0.00148192
16518	0.00142835
16519	0.00137583
16520	0.00132443
16521	0.00127419
16522	0.00122515
16523	0.00117738
16524	0.00113091
16525	0.00108579
16526	0.00104206
16527	0.000999778
16528	0.000958974
16529	0.00091969
16530	0.000881966
16531	0.000845839
16532	0.000811344
16533	0.000778516
16534	0.000747387
16535	0.000717987
16536	0.000690346
16537	0.000664491
16538	0.000640447
16539	0.000618238
16540	0.000597887
16541	0.000579413
16542	0.000562834
16543	0.000548166
16544	0.000535425
16545	0.000524623
16546	0.000515771
16547	0.000508876
16548	0.000503947
16549	0.000500987
16550	0.0005
16551	0.000500987
16552	0.000503947
16553	0.000508876
16554	0.000515771
16555	0.000524623
16556	0.000535425
16557	0.000548166
16558	0.000562834
16559	0.000579413
16560	0.000597887
16561	0.000618238
16562	0.000640447
16563	0.000664491
16564	0.000690346
16565	0.000717987
16566	0.000747387
16567	0.000778516
16568	0.000811344
16569	0.000845839
16570	0.000881966
16571	0.00091969
16572	0.000958974
16573	0.000999778
16574	0.00104206
16575	0.00108579
16576	0.00113091
16577	0.00117738
16578	0.00122515
16579	0.00127419
16580	0.00132443
16581	0.00137583
16582	0.00142835
16583	0.00148192
16584	0.00153649
16585	0.00159202
16586	0.00164844
16587	0.0017057
16588	0.00176375
16589	0.00182252
16590	0.00188197
16591	0.00194202
16592	0.00200262
16593	0.00206371
16594	0.00212524
16595	0.00218713
16596	0.00224933
16597	0.00231178
16598	0.00237442
16599	0.00243718
16600	0.0025
16601	0.00256282
16602	0.00262558
16603	0.00268822
16604	0.00275067
16605	0.00281287
16606	0.00287476
16607	0.00293629
16608	0.00299738
16609	0.00305798
16610	0.00311803
16611	0.00317748
16612	0.00323625
16613	0.0032943
16614	0.00335156
16615	0.00340798
16616	0.00346351
16617	0.00351808
16618	0.00357165
16619	0.00362417
16620	0.00367557
16621	0.00372581
16622	0.00377485
16623	0.00382262
16624	0.00386909
16625	0.00391421
16626	0.00395794
16627	0.00400022
16628	0.00404103
16629	0.00408031
16630	0.00411803
16631	0.00415416
16632	0.00418866
16633	0.00422148
16634	0.00425261
16635	0.00428201
16636	0.00430965
16637	0.00433551
16638	0.00435955
16639	0.00438176
16640	0.00440211
16641	0.00442059
16642	0.00443717
16643	0.00445183
16644	0.00446457
16645	0.00447538
16646	0.00448423
16647	0.00449112
16648	0.00449605
16649	0.00449901
16650	0.0045
16651	0.00449901
16652	0.00449605
16653	0.00449112
16654	0.00448423
16655	0.00447538
16656	0.00446457
16657	0.00445183
16658	0.00443717
16659	0.00442059
16660	0.00440211
16661	0.00438176
16662	0.00435955
16663	0.00433551
16664	0.00430965
16665	0.00428201
16666	0.00425261
16667	0.00422148
16668	0.00418866
16669	0.00415416
16670	0.00411803
16671	0.00408031
16672	0.00404103
16673	0.00400022
16674	0.00395794
16675	0.00391421
16676	0.00386909
16677	0.00382262
16678	0.00377485
16679	0.00372581
16680	0.00367557
16681	0.00362417
16682	0.00357165
16683	0.00351808
16684	0.00346351
16685	0.00340798
16686	0.00335156
16687	0.0032943
16688	0.00323625
16689	0.00317748
16690	0.00311803
16691	0.00305798
16692	0.00299738
16693	0.00293629
16694	0.00287476
16695	0.00281287
16696	0.00275067
16697	0.00268822
16698	0.00262558
16699	0.00256282
16700	0.0025
16701	0.00243718
16702	0.00237442
16703	0.00231178
16704	0.00224933
16705	0.00218713
16706	0.00212524
16707	0.00206371
16708	0.00200262
16709	0.00194202
16710	0.00188197
16711	0.00182252
16712	0.00176375
16713	0.0017057
16714	0.00164844
16715	0.00159202
16716	0.00153649
16717	0.00148192
16718	0.00142835
16719	0.00137583
16720	0.00132443
16721	0.00127419
16722	0.00122515
16723	0.00117738
16724	0.00113091
16725	0.00108579
16726	0.00104206
16727	0.000999778
16728	0.000958974
16729	0.00091969
16730	0.000881966
16731	0.000845839
16732	0.000811344
16733	0.000778516
16734	0.000747387
16735	0.000717987
16736	0.000690346
16737	0.000664491
16738	0.000640447
16739	0.000618238
16740	0.000597887
16741	0.000579413
16742	0.000562834
16743	0.000548166
16744	0.000535425
16745	0.000524623
16746	0.000515771
16747	0.000508876
16748	0.000503947
16749	0.000500987
16750	0.0005
16751	0.000500987
16752	0.000503947
16753	0.000508876
16754	0.000515771
16755	0.000524623
16756	0.000535425
16757	0.000548166
16758	0.000562834
16759	0.000579413
16760	0.000597887
16761	0.000618238
16762	0.000640447
16763	0.000664491
16764	0.000690346
16765	0.000717987
16766	0.000747387
16767	0.000778516
16768	0.000811344
16769	0.000845839
16770	0.000881966
16771	0.00091969
16772	0.000958974
16773	0.000999778
16774	0.00104206
16775	0.00108579
16776	0.00113091
16777	0.00117738
16778	0.00122515
16779	0.00127419
16780	0.00132443
16781	0.00137583
16782	0.00142835
16783	0.00148192
16784	0.00153649
16785	0.00159202
16786	0.00164844
16787	0.0017057
16788	0.00176375
16789	0.00182252
16790	0.00188197
16791	0.00194202
16792	0.00200262
16793	0.00206371
16794	0.00212524
16795	0.00218713
16796	0.00224933
16797	0.00231178
16798	0.00237442
16799	0.00243718
16800	0.0025
16801	0.00256282
16802	0.00262558
16803	0.00268822
16804	0.00275067
16805	0.00281287
16806	0.00287476
16807	0.00293629
16808	0.00299738
16809	0.00305798
16810	0.00311803
16811	0.00317748
16812	0.00323625
16813	0.0032943
16814	0.00335156
16815	0.00340798
16816	0.00346351
16817	0.00351808
16818	0.00357165
16819	0.00362417
16820	0.00367557
16821	0.00372581
16822	0.00377485
16823	0.00382262
16824	0.00386909
16825	0.00391421
16826	0.00395794
16827	0.00400022
16828	0.00404103
16829	0.00408031
16830	0.00411803
16831	0.00415416
16832	0.00418866
16833	0.00422148
16834	0.00425261
16835	0.00428201
16836	0.00430965
16837	0.00433551
16838	0.00435955
16839	0.00438176
16840	0.00440211
16841	0.00442059
16842	0.00443717
16843	0.00445183
16844	0.00446457
16845	0.00447538
16846	0.00448423
16847	0.00449112
16848	0.00449605
16849	0.00449901
16850	0.0045
16851	0.00449901
16852	0.00449605
16853	0.00449112
16854	0.00448423
16855	0.00447538
16856	0.00446457
16857	0.00445183
16858	0.00443717
16859	0.00442059
16860	0.00440211
16861	0.00438176
16862	0.00435955
16863	0.00433551
16864	0.00430965
16865	0.00428201
16866	0.00425261
16867	0.00422148
16868	0.00418866
16869	0.00415416
16870	0.00411803
16871	0.00408031
16872	0.00404103
16873	0.00400022
16874	0.00395794
16875	0.00391421
16876	0.00386909
16877	0.00382262
16878	0.00377485
16879	0.00372581
16880	0.00367557
16881	0.00362417
16882	0.00357165
16883	0.00351808
16884	0.00346351
16885	0.00340798
16886	0.00335156
16887	0.0032943
16888	0.00323625
16889	0.00317748
16890	0.00311803
16891	0.00305798
16892	0.00299738
16893	0.00293629
16894	0.00287476
16895	0.00281287
16896	0.00275067
16897	0.00268822
16898	0.00262558
16899	0.00256282
16900	0.0025
16901	0.00243718
16902	0.00237442
16903	0.00231178
16904	0.00224933
16905	0.00218713
16906	0.00212524
16907	0.00206371
16908	0.00200262
16909	0.00194202
16910	0.00188197
16911	0.00182252
16912	0.00176375
16913	0.0017057
16914	0.00164844
16915	0.00159202
16916	0.00153649
16917	0.00148192
16918	0.00142835
16919	0.00137583
16920	0.00132443
16921	0.00127419
16922	0.00122515
16923	0.00117738
16924	0.00113091
16925	0.00108579
16926	0.00104206
16927	0.000999778
16928	0.000958974
16929	0.00091969
16930	0.000881966
16931	0.000845839
16932	0.000811344
16933	0.000778516
16934	0.000747387
16935	0.000717987
16936	0.000690346
16937	0.000664491
16938	0.000640447
16939	0.000618238
16940	0.000597887
16941	0.000579413
16942	0.000562834
16943	0.000548166
16944	0.000535425
16945	0.000524623
16946	0.000515771
16947	0.000508876
16948	0.000503947
16949	0.000500987
16950	0.0005
16951	0.000500987
16952	0.000503947
16953	0.000508876
16954	0.000515771
16955	0.000524623
16956	0.000535425
16957	0.000548166
16958	0.000562834
16959	0.000579413
16960	0.000597887
16961	0.000618238
16962	0.000640447
16963	0.000664491
16964	0.000690346
16965	0.000717987
16966	0.000747387
16967	0.000778516
16968	0.000811344
16969	0.000845839
16970	0.000881966
16971	0.00091969
16972	0.000958974
16973	0.000999778
16974	0.00104206
16975	0.00108579
16976	0.00113091
16977	0.00117738
16978	0.00122515
16979	0.00127419
16980	0.00132443
16981	0.00137583
16982	0.00142835
16983	0.00148192
16984	0.00153649
16985	0.00159202
16986	0.00164844
16987	0.0017057
16988	0.00176375
16989	0.00182252
16990	0.00188197
16991	0.00194202
16992	0.00200262
16993	0.00206371
16994	0.00212524
16995	0.00218713
16996	0.00224933
16997	0.00231178
16998	0.00237442
16999	0.00243718
17000	0.0025
17001	0.00256282
17002	0.00262558
17003	0.00268822
17004	0.00275067
17005	0.00281287
17006	0.00287476
17007	0.00293629
17008	0.00299738
17009	0.00305798
17010	0.00311803
17011	0.00317748
17012	0.00323625
17013	0.0032943
17014	0.00335156
17015	0.00340798
17016	0.00346351
17017	0.00351808
17018	0.00357165
17019	0.00362417
17020	0.00367557
17021	0.00372581
17022	0.00377485
17023	0.00382262
17024	0.00386909
17025	0.00391421
17026	0.00395794
17027	0.00400022
17028	0.00404103
17029	0.00408031
17030	0.00411803
17031	0.00415416
17032	0.00418866
17033	0.00422148
17034	0.00425261
17035	0.00428201
17036	0.00430965
17037	0.00433551
17038	0.00435955
17039	0.00438176
17040	0.00440211
17041	0.00442059
17042	0.00443717
17043	0.00445183
17044	0.00446457
17045	0.00447538
17046	0.00448423
17047	0.00449112
17048	0.00449605
17049	0.00449901
17050	0.0045
17051	0.00449901
17052	0.00449605
17053	0.00449112
17054	0.00448423
17055	0.00447538
17056	0.00446457
17057	0.00445183
17058	0.00443717
17059	0.00442059
17060	0.00440211
17061	0.00438176
17062	0.00435955
17063	0.00433551
17064	0.00430965
17065	0.00428201
17066	0.00425261
17067	0.00422148
17068	0.00418866
17069	0.00415416
17070	0.00411803
17071	0.00408031
17072	0.00404103
17073	0.00400022
17074	0.00395794
17075	0.00391421
17076	0.00386909
17077	0.00382262
17078	0.00377485
17079	0.00372581
17080	0.00367557
17081	0.00362417
17082	0.00357165
17083	0.00351808
17084	0.00346351
17085	0.00340798
17086	0.00335156
17087	0.0032943
17088	0.00323625
17089	0.00317748
17090	0.00311803
17091	0.00305798
17092	0.00299738
17093	0.00293629
17094	0.00287476
17095	0.00281287
17096	0.00275067
17097	0.00268822
17098	0.00262558
17099	0.00256282
17100	0.0025
17101	0.00243718
17102	0.00237442
17103	0.00231178
17104	0.00224933
17105	0.00218713
17106	0.00212524
17107	0.00206371
17108	0.00200262
17109	0.00194202
17110	0.00188197
17111	0.00182252
17112	0.00176375
17113	0.0017057
17114	0.00164844
17115	0.00159202
17116	0.00153649
17117	0.00148192
17118	0.00142835
17119	0.00137583
17120	0.00132443
17121	0.00127419
17122	0.00122515
17123	0.00117738
17124	0.00113091
17125	0.00108579
17126	0.00104206
17127	0.000999778
17128	0.000958974
17129	0.00091969
17130	0.000881966
17131	0.000845839
17132	0.000811344
17133	0.000778516
17134	0.000747387
17135	0.000717987
17136	0.000690346
17137	0.000664491
17138	0.000640447
17139	0.000618238
17140	0.000597887
17141	0.000579413
17142	0.000562834
17143	0.000548166
17144	0.000535425
17145	0.000524623
17146	0.000515771
17147	0.000508876
17148	0.000503947
17149	0.000500987
17150	0.0005
17151	0.000500987
17152	0.000503947
17153	0.000508876
17154	0.000515771
17155	0.000524623
17156	0.000535425
17157	0.000548166
17158	0.000562834
17159	0.000579413
17160	0.000597887
17161	0.000618238
17162	0.000640447
17163	0.000664491
17164	0.000690346
17165	0.000717987
17166	0.000747387
17167	0.000778516
17168	0.000811344
17169	0.000845839
17170	0.000881966
17171	0.00091969
17172	0.000958974
17173	0.000999778
17174	0.00104206
17175	0.00108579
17176	0.00113091
17177	0.00117738
17178	0.00122515
17179	0.00127419
17180	0.00132443
17181	0.00137583
17182	0.00142835
17183	0.00148192
17184	0.00153649
17185	0.00159202
17186	0.00164844
17187	0.0017057
17188	0.00176375
17189	0.00182252
17190	0.00188197
17191	0.00194202
17192	0.00200262
17193	0.00206371
17194	0.00212524
17195	0.00218713
17196	0.00224933
17197	0.00231178
17198	0.00237442
17199	0.00243718
17200	0.0025
17201	0.00256282
17202	0.00262558
17203	0.00268822
17204	0.00275067
17205	0.00281287
17206	0.00287476
17207	0.00293629
17208	0.00299738
17209	0.00305798
17210	0.00311803
17211	0.00317748
17212	0.00323625
17213	0.0032943
17214	0.00335156
17215	0.00340798
17216	0.00346351
17217	0.00351808
17218	0.00357165
17219	0.00362417
17220	0.00367557
17221	0.00372581
17222	0.00377485
17223	0.00382262
17224	0.00386909
17225	0.00391421
17226	0.00395794
17227	0.00400022
17228	0.00404103
17229	0.00408031
17230	0.00411803
17231	0.00415416
17232	0.00418866
17233	0.00422148
17234	0.00425261
17235	0.00428201
17236	0.00430965
17237	0.00433551
17238	0.00435955
17239	0.00438176
17240	0.00440211
17241	0.00442059
17242	0.00443717
17243	0.00445183
17244	0.00446457
17245	0.00447538
17246	0.00448423
17247	0.00449112
17248	0.00449605
17249	0.00449901
17250	0.0045
17251	0.00449901
17252	0.00449605
17253	0.00449112
17254	0.00448423
17255	0.00447538
17256	0.00446457
17257	0.00445183
17258	0.00443717
17259	0.00442059
17260	0.00440211
17261	0.00438176
17262	0.00435955
17263	0.00433551
17264	0.00430965
17265	0.00428201
17266	0.00425261
17267	0.00422148
17268	0.00418866
17269	0.00415416
17270	0.00411803
17271	0.00408031
17272	0.00404103
17273	0.00400022
17274	0.00395794
17275	0.00391421
17276	0.00386909
17277	0.00382262
17278	0.00377485
17279	0.00372581
17280	0.00367557
17281	0.00362417
17282	0.00357165
17283	0.00351808
17284	0.00346351
17285	0.00340798
17286	0.00335156
17287	0.0032943
17288	0.00323625
17289	0.00317748
17290	0.00311803
17291	0.00305798
17292	0.00299738
17293	0.00293629
17294	0.00287476
17295	0.00281287
17296	0.00275067
17297	0.00268822
17298	0.00262558
17299	0.00256282
17300	0.0025
17301	0.00243718
17302	0.00237442
17303	0.00231178
17304	0.00224933
17305	0.00218713
17306	0.00212524
17307	0.00206371
17308	0.00200262
17309	0.00194202
17310	0.00188197
17311	0.00182252
17312	0.00176375
17313	0.0017057
17314	0.00164844
17315	0.00159202
17316	0.00153649
17317	0.00148192
17318	0.00142835
17319	0.00137583
17320	0.00132443
17321	0.00127419
17322	0.00122515
17323	0.00117738
17324	0.00113091
17325	0.00108579
17326	0.00104206
17327	0.000999778
17328	0.000958974
17329	0.00091969
17330	0.000881966
17331	0.000845839
17332	0.000811344
17333	0.000778516
17334	0.000747387
17335	0.000717987
17336	0.000690346
17337	0.000664491
17338	0.000640447
17339	0.000618238
17340	0.000597887
17341	0.000579413
17342	0.000562834
17343	0.000548166
17344	0.000535425
17345	0.000524623
17346	0.000515771
17347	0.000508876
17348	0.000503947
17349	0.000500987
17350	0.0005
17351	0.000500987
17352	0.000503947
17353	0.000508876
17354	0.000515771
17355	0.000524623
17356	0.000535425
17357	0.000548166
17358	0.000562834
17359	0.000579413
17360	0.000597887
17361	0.000618238
17362	0.000640447
17363	0.000664491
17364	0.000690346
17365	0.000717987
17366	0.000747387
17367	0.000778516
17368	0.000811344
17369	0.000845839
17370	0.000881966
17371	0.00091969
17372	0.000958974
17373	0.000999778
17374	0.00104206
17375	0.00108579
17376	0.00113091
17377	0.00117738
17378	0.00122515
17379	0.00127419
17380	0.00132443
17381	0.00137583
17382	0.00142835
17383	0.00148192
17384	0.00153649
17385	0.00159202
17386	0.00164844
17387	0.0017057
17388	0.00176375
17389	0.00182252
17390	0.00188197
17391	0.00194202
17392	0.00200262
17393	0.00206371
17394	0.00212524
17395	0.00218713
17396	0.00224933
17397	0.00231178
17398	0.00237442
17399	0.00243718
17400	0.0025
17401	0.00256282
17402	0.00262558
17403	0.00268822
17404	0.00275067
17405	0.00281287
17406	0.00287476
17407	0.00293629
17408	0.00299738
17409	0.00305798
17410	0.00311803
17411	0.00317748
17412	0.00323625
17413	0.0032943
17414	0.00335156
17415	0.00340798
17416	0.00346351
17417	0.00351808
17418	0.00357165
17419	0.00362417
17420	0.00367557
17421	0.00372581
17422	0.00377485
17423	0.00382262
17424	0.00386909
17425	0.00391421
17426	0.00395794
17427	0.00400022
17428	0.00404103
17429	0.00408031
17430	0.00411803
17431	0.00415416
17432	0.00418866
17433	0.00422148
17434	0.00425261
17435	0.00428201
17436	0.00430965
17437	0.00433551
17438	0.00435955
17439	0.00438176
17440	0.00440211
17441	0.00442059
17442	0.00443717
17443	0.00445183
17444	0.00446457
17445	0.00447538
17446	0.00448423
17447	0.00449112
17448	0.00449605
17449	0.00449901
17450	0.0045
17451	0.00449901
17452	0.00449605
17453	0.00449112
17454	0.00448423
17455	0.00447538
17456	0.00446457
17457	0.00445183
17458	0.00443717
17459	0.00442059
17460	0.00440211
17461	0.00438176
17462	0.00435955
17463	0.00433551
17464	0.00430965
17465	0.00428201
17466	0.00425261
17467	0.00422148
17468	0.00418866
17469	0.00415416
17470	0.00411803
17471	0.00408031
17472	0.00404103
17473	0.00400022
17474	0.00395794
17475	0.00391421
17476	0.00386909
17477	0.00382262
17478	0.00377485
17479	0.00372581
17480	0.00367557
17481	0.00362417
17482	0.00357165
17483	0.00351808
17484	0.00346351
17485	0.00340798
17486	0.00335156
17487	0.0032943
17488	0.00323625
17489	0.00317748
17490	0.00311803
17491	0.00305798
17492	0.00299738
17493	0.00293629
17494	0.00287476
17495	0.00281287
17496	0.00275067
17497	0.00268822
17498	0.00262558
17499	0.00256282
17500	0.0025
17501	0.00243718
17502	0.00237442
17503	0.00231178
17504	0.00224933
17505	0.00218713
17506	0.00212524
17507	0.00206371
17508	0.00200262
17509	0.00194202
17510	0.00188197
17511	0.00182252
17512	0.00176375
17513	0.0017057
17514	0.00164844
17515	0.00159202
17516	0.00153649
17517	0.00148192
17518	0.00142835
17519	0.00137583
17520	0.00132443
17521	0.00127419
17522	0.00122515
17523	0.00117738
17524	0.00113091
17525	0.00108579
17526	0.00104206
17527	0.000999778
17528	0.000958974
17529	0.00091969
17530	0.000881966
17531	0.000845839
17532	0.000811344
17533	0.000778516
17534	0.000747387
17535	0.000717987
17536	0.000690346
17537	0.000664491
17538	0.000640447
17539	0.000618238
17540	0.000597887
17541	0.000579413
17542	0.000562834
17543	0.000548166
17544	0.000535425
17545	0.000524623
17546	0.000515771
17547	0.000508876
17548	0.000503947
17549	0.000500987
17550	0.0005
17551	0.000500987
17552	0.000503947
17553	0.000508876
17554	0.000515771
17555	0.000524623
17556	0.000535425
17557	0.000548166
17558	0.000562834
17559	0.000579413
17560	0.000597887
17561	0.000618238
17562	0.000640447
17563	0.000664491
17564	0.000690346
17565	0.000717987
17566	0.000747387
17567	0.000778516
17568	0.000811344
17569	0.000845839
17570	0.000881966
17571	0.00091969
17572	0.000958974
17573	0.000999778
17574	0.00104206
17575	0.00108579
17576	0.00113091
17577	0.00117738
17578	0.00122515
17579	0.00127419
17580	0.00132443
17581	0.00137583
17582	0.00142835
17583	0.00148192
17584	0.00153649
17585	0.00159202
17586	0.00164844
17587	0.0017057
17588	0.00176375
17589	0.00182252
17590	0.00188197
17591	0.00194202
17592	0.00200262
17593	0.00206371
17594	0.00212524
17595	0.00218713
17596	0.00224933
17597	0.00231178
17598	0.00237442
17599	0.00243718
17600	0.0025
17601	0.00256282
17602	0.00262558
17603	0.00268822
17604	0.00275067
17605	0.00281287
17606	0.00287476
17607	0.00293629
17608	0.00299738
17609	0.00305798
17610	0.00311803
17611	0.00317748
17612	0.00323625
17613	0.0032943
17614	0.00335156
17615	0.00340798
17616	0.00346351
17617	0.00351808
17618	0.00357165
17619	0.00362417
17620	0.00367557
17621	0.00372581
17622	0.00377485
17623	0.00382262
17624	0.00386909
17625	0.00391421
17626	0.00395794
17627	0.00400022
17628	0.00404103
17629	0.00408031
17630	0.00411803
17631	0.00415416
17632	0.00418866
17633	0.00422148
17634	0.00425261
17635	0.00428201
17636	0.00430965
17637	0.00433551
17638	0.00435955
17639	0.00438176
17640	0.00440211
17641	0.00442059
17642	0.00443717
17643	0.00445183
17644	0.00446457
17645	0.00447538
17646	0.00448423
17647	0.00449112
17648	0.00449605
17649	0.00449901
17650	0.0045
17651	0.00449901
17652	0.00449605
17653	0.00449112
17654	0.00448423
17655	0.00447538
17656	0.00446457
17657	0.00445183
17658	0.00443717
17659	0.00442059
17660	0.00440211
17661	0.00438176
17662	0.00435955
17663	0.00433551
17664	0.00430965
17665	0.00428201
17666	0.00425261
17667	0.00422148
17668	0.00418866
17669	0.00415416
17670	0.00411803
17671	0.00408031
17672	0.00404103
17673	0.00400022
17674	0.00395794
17675	0.00391421
17676	0.00386909
17677	0.00382262
17678	0.00377485
17679	0.00372581
17680	0.00367557
17681	0.00362417
17682	0.00357165
17683	0.00351808
17684	0.00346351
17685	0.00340798
17686	0.00335156
17687	0.0032943
17688	0.00323625
17689	0.00317748
17690	0.00311803
17691	0.00305798
17692	0.00299738
17693	0.00293629
17694	0.00287476
17695	0.00281287
17696	0.00275067
17697	0.00268822
17698	0.00262558
17699	0.00256282
17700	0.0025
17701	0.00243718
17702	0.00237442
17703	0.00231178
17704	0.00224933
17705	0.00218713
17706	0.00212524
17707	0.00206371
17708	0.00200262
17709	0.00194202
17710	0.00188197
17711	0.00182252
17712	0.00176375
17713	0.0017057
17714	0.00164844
17715	0.00159202
17716	0.00153649
17717	0.00148192
17718	0.00142835
17719	0.00137583
17720	0.00132443
17721	0.00127419
17722	0.00122515
17723	0.00117738
17724	0.00113091
17725	0.00108579
17726	0.00104206
17727	0.000999778
17728	0.000958974
17729	0.00091969
17730	0.000881966
17731	0.000845839
17732	0.000811344
17733	0.000778516
17734	0.000747387
17735	0.000717987
17736	0.000690346
17737	0.000664491
17738	0.000640447
17739	0.000618238
17740	0.000597887
17741	0.000579413
17742	0.000562834
17743	0.000548166
17744	0.000535425
17745	0.000524623
17746	0.000515771
17747	0.000508876
17748	0.000503947
17749	0.000500987
17750	0.0005
17751	0.000500987
17752	0.000503947
17753	0.000508876
17754	0.000515771
17755	0.000524623
17756	0.000535425
17757	0.000548166
17758	0.000562834
17759	0.000579413
17760	0.000597887
17761	0.000618238
17762	0.000640447
17763	0.000664491
17764	0.000690346
17765	0.000717987
17766	0.000747387
17767	0.000778516
17768	0.000811344
17769	0.000845839
17770	0.000881966
17771	0.00091969
17772	0.000958974
17773	0.000999778
17774	0.00104206
17775	0.00108579
17776	0.00113091
17777	0.00117738
17778	0.00122515
17779	0.00127419
17780	0.00132443
17781	0.00137583
17782	0.00142835
17783	0.00148192
17784	0.00153649
17785	0.00159202
17786	0.00164844
17787	0.0017057
17788	0.00176375
17789	0.00182252
17790	0.00188197
17791	0.00194202
17792	0.00200262
17793	0.00206371
17794	0.00212524
17795	0.00218713
17796	0.00224933
17797	0.00231178
17798	0.00237442
17799	0.00243718
17800	0.0025
17801	0.00256282
17802	0.00262558
17803	0.00268822
17804	0.00275067
17805	0.00281287
17806	0.00287476
17807	0.00293629
17808	0.00299738
17809	0.00305798
17810	0.00311803
17811	0.00317748
17812	0.00323625
17813	0.0032943
17814	0.00335156
17815	0.00340798
17816	0.00346351
17817	0.00351808
17818	0.00357165
17819	0.00362417
17820	0.00367557
17821	0.00372581
17822	0.00377485
17823	0.00382262
17824	0.00386909
17825	0.00391421
17826	0.00395794
17827	0.00400022
17828	0.00404103
17829	0.00408031
17830	0.00411803
17831	0.00415416
17832	0.00418866
17833	0.00422148
17834	0.00425261
17835	0.00428201
17836	0.00430965
17837	0.00433551
17838	0.00435955
17839	0.00438176
17840	0.00440211
17841	0.00442059
17842	0.00443717
17843	0.00445183
17844	0.00446457
17845	0.00447538
17846	0.00448423
17847	0.00449112
17848	0.00449605
17849	0.00449901
17850	0.0045
17851	0.00449901
17852	0.00449605
17853	0.00449112
17854	0.00448423
17855	0.00447538
17856	0.00446457
17857	0.00445183
17858	0.00443717
17859	0.00442059
17860	0.00440211
17861	0.00438176
17862	0.00435955
17863	0.00433551
17864	0.00430965
17865	0.00428201
17866	0.00425261
17867	0.00422148
17868	0.00418866
17869	0.00415416
17870	0.00411803
17871	0.00408031
17872	0.00404103
17873	0.00400022
17874	0.00395794
17875	0.00391421
17876	0.00386909
17877	0.00382262
17878	0.00377485
17879	0.00372581
17880	0.00367557
17881	0.00362417
17882	0.00357165
17883	0.00351808
17884	0.00346351
17885	0.00340798
17886	0.00335156
17887	0.0032943
17888	0.00323625
17889	0.00317748
17890	0.00311803
17891	0.00305798
17892	0.00299738
17893	0.00293629
17894	0.00287476
17895	0.00281287
17896	0.00275067
17897	0.00268822
17898	0.00262558
17899	0.00256282
17900	0.0025
17901	0.00243718
17902	0.00237442
17903	0.00231178
17904	0.00224933
17905	0.00218713
17906	0.00212524
17907	0.00206371
17908	0.00200262
17909	0.00194202
17910	0.00188197
17911	0.00182252
17912	0.00176375
17913	0.0017057
17914	0.00164844
17915	0.00159202
17916	0.00153649
17917	0.00148192
17918	0.00142835
17919	0.00137583
17920	0.00132443
17921	0.00127419
17922	0.00122515
17923	0.00117738
17924	0.00113091
17925	0.00108579
17926	0.00104206
17927	0.000999778
17928	0.000958974
17929	0.00091969
17930	0.000881966
17931	0.000845839
17932	0.000811344
17933	0.000778516
17934	0.000747387
17935	0.000717987
17936	0.000690346
17937	0.000664491
17938	0.000640447
17939	0.000618238
17940	0.000597887
17941	0.000579413
17942	0.000562834
17943	0.000548166
17944	0.000535425
17945	0.000524623
17946	0.000515771
17947	0.000508876
17948	0.000503947
17949	0.000500987
17950	0.0005
17951	0.000500987
17952	0.000503947
17953	0.000508876
17954	0.000515771
17955	0.000524623
17956	0.000535425
17957	0.000548166
17958	0.000562834
17959	0.000579413
17960	0.000597887
17961	0.000618238
17962	0.000640447
17963	0.000664491
17964	0.000690346
17965	0.000717987
17966	0.000747387
17967	0.000778516
17968	0.000811344
17969	0.000845839
17970	0.000881966
17971	0.00091969
17972	0.000958974
17973	0.000999778
17974	0.00104206
17975	0.00108579
17976	0.00113091
17977	0.00117738
17978	0.00122515
17979	0.00127419
17980	0.00132443
17981	0.00137583
17982	0.00142835
17983	0.00148192
17984	0.00153649
17985	0.00159202
17986	0.00164844
17987	0.0017057
17988	0.00176375
17989	0.00182252
17990	0.00188197
17991	0.00194202
17992	0.00200262
17993	0.00206371
17994	0.00212524
17995	0.00218713
17996	0.00224933
17997	0.00231178
17998	0.00237442
17999	0.00243718
18000	0.0025
18001	0.00256282
18002	0.00262558
18003	0.00268822
18004	0.00275067
18005	0.00281287
18006	0.00287476
18007	0.00293629
18008	0.00299738
18009	0.00305798
18010	0.00311803
18011	0.00317748
18012	0.00323625
18013	0.0032943
18014	0.00335156
18015	0.00340798
18016	0.00346351
18017	0.00351808
18018	0.00357165
18019	0.00362417
18020	0.00367557
18021	0.00372581
18022	0.00377485
18023	0.00382262
18024	0.00386909
18025	0.00391421
18026	0.00395794
18027	0.00400022
18028	0.00404103
18029	0.00408031
18030	0.00411803
18031	0.00415416
18032	0.00418866
18033	0.00422148
18034	0.00425261
18035	0.00428201
18036	0.00430965
18037	0.00433551
18038	0.00435955
18039	0.00438176
18040	0.00440211
18041	0.00442059
18042	0.00443717
18043	0.00445183
18044	0.00446457
18045	0.00447538
18046	0.00448423
18047	0.00449112
18048	0.00449605
18049	0.00449901
18050	0.0045
18051	0.00449901
18052	0.00449605
18053	0.00449112
18054	0.00448423
18055	0.00447538
18056	0.00446457
18057	0.00445183
18058	0.00443717
18059	0.00442059
18060	0.00440211
18061	0.00438176
18062	0.00435955
18063	0.00433551
18064	0.00430965
18065	0.00428201
18066	0.00425261
18067	0.00422148
18068	0.00418866
18069	0.00415416
18070	0.00411803
18071	0.00408031
18072	0.00404103
18073	0.00400022
18074	0.00395794
18075	0.00391421
18076	0.00386909
18077	0.00382262
18078	0.00377485
18079	0.00372581
18080	0.00367557
18081	0.00362417
18082	0.00357165
18083	0.00351808
18084	0.00346351
18085	0.00340798
18086	0.00335156
18087	0.0032943
18088	0.00323625
18089	0.00317748
18090	0.00311803
18091	0.00305798
18092	0.00299738
18093	0.00293629
18094	0.00287476
18095	0.00281287
18096	0.00275067
18097	0.00268822
18098	0.00262558
18099	0.00256282
18100	0.0025
18101	0.00243718
18102	0.00237442
18103	0.00231178
18104	0.00224933
18105	0.00218713
18106	0.00212524
18107	0.00206371
18108	0.00200262
18109	0.00194202
18110	0.00188197
18111	0.00182252
18112	0.00176375
18113	0.0017057
18114	0.00164844
18115	0.00159202
18116	0.00153649
18117	0.00148192
18118	0.00142835
18119	0.00137583
18120	0.00132443
18121	0.00127419
18122	0.00122515
18123	0.00117738
18124	0.00113091
18125	0.00108579
18126	0.00104206
18127	0.000999778
18128	0.000958974
18129	0.00091969
18130	0.000881966
18131	0.000845839
18132	0.000811344
18133	0.000778516
18134	0.000747387
18135	0.000717987
18136	0.000690346
18137	0.000664491
18138	0.000640447
18139	0.000618238
18140	0.000597887
18141	0.000579413
18142	0.000562834
18143	0.000548166
18144	0.000535425
18145	0.000524623
18146	0.000515771
18147	0.000508876
18148	0.000503947
18149	0.000500987
18150	0.0005
18151	0.000500987
18152	0.000503947
18153	0.000508876
18154	0.000515771
18155	0.000524623
18156	0.000535425
18157	0.000548166
18158	0.000562834
18159	0.000579413
18160	0.000597887
18161	0.000618238
18162	0.000640447
18163	0.000664491
18164	0.000690346
18165	0.000717987
18166	0.000747387
18167	0.000778516
18168	0.000811344
18169	0.000845839
18170	0.000881966
18171	0.00091969
18172	0.000958974
18173	0.000999778
18174	0.00104206
18175	0.00108579
18176	0.00113091
18177	0.00117738
18178	0.00122515
18179	0.00127419
18180	0.00132443
18181	0.00137583
18182	0.00142835
18183	0.00148192
18184	0.00153649
18185	0.00159202
18186	0.00164844
18187	0.0017057
18188	0.00176375
18189	0.00182252
18190	0.00188197
18191	0.00194202
18192	0.00200262
18193	0.00206371
18194	0.00212524
18195	0.00218713
18196	0.00224933
18197	0.00231178
18198	0.00237442
18199	0.00243718
18200	0.0025
18201	0.00256282
18202	0.00262558
18203	0.00268822
18204	0.00275067
18205	0.00281287
18206	0.00287476
18207	0.00293629
18208	0.00299738
18209	0.00305798
18210	0.00311803
18211	0.00317748
18212	0.00323625
18213	0.0032943
18214	0.00335156
18215	0.00340798
18216	0.00346351
18217	0.00351808
18218	0.00357165
18219	0.00362417
18220	0.00367557
18221	0.00372581
18222	0.00377485
18223	0.00382262
18224	0.00386909
18225	0.00391421
18226	0.00395794
18227	0.00400022
18228	0.00404103
18229	0.00408031
18230	0.00411803
18231	0.00415416
18232	0.00418866
18233	0.00422148
18234	0.00425261
18235	0.00428201
18236	0.00430965
18237	0.00433551
18238	0.00435955
18239	0.00438176
18240	0.00440211
18241	0.00442059
18242	0.00443717
18243	0.00445183
18244	0.00446457
18245	0.00447538
18246	0.00448423
18247	0.00449112
18248	0.00449605
18249	0.00449901
18250	0.0045
18251	0.00449901
18252	0.00449605
18253	0.00449112
18254	0.00448423
18255	0.00447538
18256	0.00446457
18257	0.00445183
18258	0.00443717
18259	0.00442059
18260	0.00440211
18261	0.00438176
18262	0.00435955
18263	0.00433551
18264	0.00430965
18265	0.00428201
18266	0.00425261
18267	0.00422148
18268	0.00418866
18269	0.00415416
18270	0.00411803
18271	0.00408031
18272	0.00404103
18273	0.00400022
18274	0.00395794
18275	0.00391421
18276	0.00386909
18277	0.00382262
18278	0.00377485
18279	0.00372581
18280	0.00367557
18281	0.00362417
18282	0.00357165
18283	0.00351808
18284	0.00346351
18285	0.00340798
18286	0.00335156
18287	0.0032943
18288	0.00323625
18289	0.00317748
18290	0.00311803
18291	0.00305798
18292	0.00299738
18293	0.00293629
18294	0.00287476
18295	0.00281287
18296	0.00275067
18297	0.00268822
18298	0.00262558
18299	0.00256282
18300	0.0025
18301	0.00243718
18302	0.00237442
18303	0.00231178
18304	0.00224933
18305	0.00218713
18306	0.00212524
18307	0.00206371
18308	0.00200262
18309	0.00194202
18310	0.00188197
18311	0.00182252
18312	0.00176375
18313	0.0017057
18314	0.00164844
18315	0.00159202
18316	0.00153649
18317	0.00148192
18318	0.00142835
18319	0.00137583
18320	0.00132443
18321	0.00127419
18322	0.00122515
18323	0.00117738
18324	0.00113091
18325	0.00108579
18326	0.00104206
18327	0.000999778
18328	0.000958974
18329	0.00091969
18330	0.000881966
18331	0.000845839
18332	0.000811344
18333	0.000778516
18334	0.000747387
18335	0.000717987
18336	0.000690346
18337	0.000664491
18338	0.000640447
18339	0.000618238
18340	0.000597887
18341	0.000579413
18342	0.000562834
18343	0.000548166
18344	0.000535425
18345	0.000524623
18346	0.000515771
18347	0.000508876
18348	0.000503947
18349	0.000500987
18350	0.0005
18351	0.000500987
18352	0.000503947
18353	0.000508876
18354	0.000515771
18355	0.000524623
18356	0.000535425
18357	0.000548166
18358	0.000562834
18359	0.000579413
18360	0.000597887
18361	0.000618238
18362	0.000640447
18363	0.000664491
18364	0.000690346
18365	0.000717987
18366	0.000747387
18367	0.000778516
18368	0.000811344
18369	0.000845839
18370	0.000881966
18371	0.00091969
18372	0.000958974
18373	0.000999778
18374	0.00104206
18375	0.00108579
18376	0.00113091
18377	0.00117738
18378	0.00122515
18379	0.00127419
18380	0.00132443
18381	0.00137583
18382	0.00142835
18383	0.00148192
18384	0.00153649
18385	0.00159202
18386	0.00164844
18387	0.0017057
18388	0.00176375
18389	0.00182252
18390	0.00188197
18391	0.00194202
18392	0.00200262
18393	0.00206371
18394	0.00212524
18395	0.00218713
18396	0.00224933
18397	0.00231178
18398	0.00237442
18399	0.00243718
18400	0.0025
18401	0.00256282
18402	0.00262558
18403	0.00268822
18404	0.00275067
18405	0.00281287
18406	0.00287476
18407	0.00293629
18408	0.00299738
18409	0.00305798
18410	0.00311803
18411	0.00317748
18412	0.00323625
18413	0.0032943
18414	0.00335156
18415	0.00340798
18416	0.00346351
18417	0.00351808
18418	0.00357165
18419	0.00362417
18420	0.00367557
18421	0.00372581
18422	0.00377485
18423	0.00382262
18424	0.00386909
18425	0.00391421
18426	0.00395794
18427	0.00400022
18428	0.00404103
18429	0.00408031
18430	0.00411803
18431	0.00415416
18432	0.00418866
18433	0.00422148
18434	0.00425261
18435	0.00428201
18436	0.00430965
18437	0.00433551
18438	0.00435955
18439	0.00438176
18440	0.00440211
18441	0.00442059
18442	0.00443717
18443	0.00445183
18444	0.00446457
18445	0.00447538
18446	0.00448423
18447	0.00449112
18448	0.00449605
18449	0.00449901
18450	0.0045
18451	0.00449901
18452	0.00449605
18453	0.00449112
18454	0.00448423
18455	0.00447538
18456	0.00446457
18457	0.00445183
18458	0.00443717
18459	0.00442059
18460	0.00440211
18461	0.00438176
18462	0.00435955
18463	0.00433551
18464	0.00430965
18465	0.00428201
18466	0.00425261
18467	0.00422148
18468	0.00418866
18469	0.00415416
18470	0.00411803
18471	0.00408031
18472	0.00404103
18473	0.00400022
18474	0.00395794
18475	0.00391421
18476	0.00386909
18477	0.00382262
18478	0.00377485
18479	0.00372581
18480	0.00367557
18481	0.00362417
18482	0.00357165
18483	0.00351808
18484	0.00346351
18485	0.00340798
18486	0.00335156
18487	0.0032943
18488	0.00323625
18489	0.00317748
18490	0.00311803
18491	0.00305798
18492	0.00299738
18493	0.00293629
18494	0.00287476
18495	0.00281287
18496	0.00275067
18497	0.00268822
18498	0.00262558
18499	0.00256282
18500	0.0025
18501	0.00243718
18502	0.00237442
18503	0.00231178
18504	0.00224933
18505	0.00218713
18506	0.00212524
18507	0.00206371
18508	0.00200262
18509	0.00194202
18510	0.00188197
18511	0.00182252
18512	0.00176375
18513	0.0017057
18514	0.00164844
18515	0.00159202
18516	0.00153649
18517	0.00148192
18518	0.00142835
18519	0.00137583
18520	0.00132443
18521	0.00127419
18522	0.00122515
18523	0.00117738
18524	0.00113091
18525	0.00108579
18526	0.00104206
18527	0.000999778
18528	0.000958974
18529	0.00091969
18530	0.000881966
18531	0.000845839
18532	0.000811344
18533	0.000778516
18534	0.000747387
18535	0.000717987
18536	0.000690346
18537	0.000664491
18538	0.000640447
18539	0.000618238
18540	0.000597887
18541	0.000579413
18542	0.000562834
18543	0.000548166
18544	0.000535425
18545	0.000524623
18546	0.000515771
18547	0.000508876
18548	0.000503947
18549	0.000500987
18550	0.0005
18551	0.000500987
18552	0.000503947
18553	0.000508876
18554	0.000515771
18555	0.000524623
18556	0.000535425
18557	0.000548166
18558	0.000562834
18559	0.000579413
18560	0.000597887
18561	0.000618238
18562	0.000640447
18563	0.000664491
18564	0.000690346
18565	0.000717987
18566	0.000747387
18567	0.000778516
18568	0.000811344
18569	0.000845839
18570	0.000881966
18571	0.00091969
18572	0.000958974
18573	0.000999778
18574	0.00104206
18575	0.00108579
18576	0.00113091
18577	0.00117738
18578	0.00122515
18579	0.00127419
18580	0.00132443
18581	0.00137583
18582	0.00142835
18583	0.00148192
18584	0.00153649
18585	0.00159202
18586	0.00164844
18587	0.0017057
18588	0.00176375
18589	0.00182252
18590	0.00188197
18591	0.00194202
18592	0.00200262
18593	0.00206371
18594	0.00212524
18595	0.00218713
18596	0.00224933
18597	0.00231178
18598	0.00237442
18599	0.00243718
18600	0.0025
18601	0.00256282
18602	0.00262558
18603	0.00268822
18604	0.00275067
18605	0.00281287
18606	0.00287476
18607	0.00293629
18608	0.00299738
18609	0.00305798
18610	0.00311803
18611	0.00317748
18612	0.00323625
18613	0.0032943
18614	0.00335156
18615	0.00340798
18616	0.00346351
18617	0.00351808
18618	0.00357165
18619	0.00362417
18620	0.00367557
18621	0.00372581
18622	0.00377485
18623	0.00382262
18624	0.00386909
18625	0.00391421
18626	0.00395794
18627	0.00400022
18628	0.00404103
18629	0.00408031
18630	0.00411803
18631	0.00415416
18632	0.00418866
18633	0.00422148
18634	0.00425261
18635	0.00428201
18636	0.00430965
18637	0.00433551
18638	0.00435955
18639	0.00438176
18640	0.00440211
18641	0.00442059
18642	0.00443717
18643	0.00445183
18644	0.00446457
18645	0.00447538
18646	0.00448423
18647	0.00449112
18648	0.00449605
18649	0.00449901
18650	0.0045
18651	0.00449901
18652	0.00449605
18653	0.00449112
18654	0.00448423
18655	0.00447538
18656	0.00446457
18657	0.00445183
18658	0.00443717
18659	0.00442059
18660	0.00440211
18661	0.00438176
18662	0.00435955
18663	0.00433551
18664	0.00430965
18665	0.00428201
18666	0.00425261
18667	0.00422148
18668	0.00418866
18669	0.00415416
18670	0.00411803
18671	0.00408031
18672	0.00404103
18673	0.00400022
18674	0.00395794
18675	0.00391421
18676	0.00386909
18677	0.00382262
18678	0.00377485
18679	0.00372581
18680	0.00367557
18681	0.00362417
18682	0.00357165
18683	0.00351808
18684	0.00346351
18685	0.00340798
18686	0.00335156
18687	0.0032943
18688	0.00323625
18689	0.00317748
18690	0.00311803
18691	0.00305798
18692	0.00299738
18693	0.00293629
18694	0.00287476
18695	0.00281287
18696	0.00275067
18697	0.00268822
18698	0.00262558
18699	0.00256282
18700	0.0025
18701	0.00243718
18702	0.00237442
18703	0.00231178
18704	0.00224933
18705	0.00218713
18706	0.00212524
18707	0.00206371
18708	0.00200262
18709	0.00194202
18710	0.00188197
18711	0.00182252
18712	0.00176375
18713	0.0017057
18714	0.00164844
18715	0.00159202
18716	0.00153649
18717	0.00148192
18718	0.00142835
18719	0.00137583
18720	0.00132443
18721	0.00127419
18722	0.00122515
18723	0.00117738
18724	0.00113091
18725	0.00108579
18726	0.00104206
18727	0.000999778
18728	0.000958974
18729	0.00091969
18730	0.000881966
18731	0.000845839
18732	0.000811344
18733	0.000778516
18734	0.000747387
18735	0.000717987
18736	0.000690346
18737	0.000664491
18738	0.000640447
18739	0.000618238
18740	0.000597887
18741	0.000579413
18742	0.000562834
18743	0.000548166
18744	0.000535425
18745	0.000524623
18746	0.000515771
18747	0.000508876
18748	0.000503947
18749	0.000500987
18750	0.0005
18751	0.000500987
18752	0.000503947
18753	0.000508876
18754	0.000515771
18755	0.000524623
18756	0.000535425
18757	0.000548166
18758	0.000562834
18759	0.000579413
18760	0.000597887
18761	0.000618238
18762	0.000640447
18763	0.000664491
18764	0.000690346
18765	0.000717987
18766	0.000747387
18767	0.000778516
18768	0.000811344
18769	0.000845839
18770	0.000881966
18771	0.00091969
18772	0.000958974
18773	0.000999778
18774	0.00104206
18775	0.00108579
18776	0.00113091
18777	0.00117738
18778	0.00122515
18779	0.00127419
18780	0.00132443
18781	0.00137583
18782	0.00142835
18783	0.00148192
18784	0.00153649
18785	0.00159202
18786	0.00164844
18787	0.0017057
18788	0.00176375
18789	0.00182252
18790	0.00188197
18791	0.00194202
18792	0.00200262
18793	0.00206371
18794	0.00212524
18795	0.00218713
18796	0.00224933
18797	0.00231178
18798	0.00237442
18799	0.00243718
18800	0.0025
18801	0.00256282
18802	0.00262558
18803	0.00268822
18804	0.00275067
18805	0.00281287
18806	0.00287476
18807	0.00293629
18808	0.00299738
18809	0.00305798
18810	0.00311803
18811	0.00317748
18812	0.00323625
18813	0.0032943
18814	0.00335156
18815	0.00340798
18816	0.00346351
18817	0.00351808
18818	0.00357165
18819	0.00362417
18820	0.00367557
18821	0.00372581
18822	0.00377485
18823	0.00382262
18824	0.00386909
18825	0.00391421
18826	0.00395794
18827	0.00400022
18828	0.00404103
18829	0.00408031
18830	0.00411803
18831	0.00415416
18832	0.00418866
18833	0.00422148
18834	0.00425261
18835	0.00428201
18836	0.00430965
18837	0.00433551
18838	0.00435955
18839	0.00438176
18840	0.00440211
18841	0.00442059
18842	0.00443717
18843	0.00445183
18844	0.00446457
18845	0.00447538
18846	0.00448423
18847	0.00449112
18848	0.00449605
18849	0.00449901
18850	0.0045
18851	0.00449901
18852	0.00449605
18853	0.00449112
18854	0.00448423
18855	0.00447538
18856	0.00446457
18857	0.00445183
18858	0.00443717
18859	0.00442059
18860	0.00440211
18861	0.00438176
18862	0.00435955
18863	0.00433551
18864	0.00430965
18865	0.00428201
18866	0.00425261
18867	0.00422148
18868	0.00418866
18869	0.00415416
18870	0.00411803
18871	0.00408031
18872	0.00404103
18873	0.00400022
18874	0.00395794
18875	0.00391421
18876	0.00386909
18877	0.00382262
18878	0.00377485
18879	0.00372581
18880	0.00367557
18881	0.00362417
18882	0.00357165
18883	0.00351808
18884	0.00346351
18885	0.00340798
18886	0.00335156
18887	0.0032943
18888	0.00323625
18889	0.00317748
18890	0.00311803
18891	0.00305798
18892	0.00299738
18893	0.00293629
18894	0.00287476
18895	0.00281287
18896	0.00275067
18897	0.00268822
18898	0.00262558
18899	0.00256282
18900	0.0025
18901	0.00243718
18902	0.00237442
18903	0.00231178
18904	0.00224933
18905	0.00218713
18906	0.00212524
18907	0.00206371
18908	0.00200262
18909	0.00194202
18910	0.00188197
18911	0.00182252
18912	0.00176375
18913	0.0017057
18914	0.00164844
18915	0.00159202
18916	0.00153649
18917	0.00148192
18918	0.00142835
18919	0.00137583
18920	0.00132443
18921	0.00127419
18922	0.00122515
18923	0.00117738
18924	0.00113091
18925	0.00108579
18926	0.00104206
18927	0.000999778
18928	0.000958974
18929	0.00091969
18930	0.000881966
18931	0.000845839
18932	0.000811344
18933	0.000778516
18934	0.000747387
18935	0.000717987
18936	0.000690346
18937	0.000664491
18938	0.000640447
18939	0.000618238
18940	0.000597887
18941	0.000579413
18942	0.000562834
18943	0.000548166
18944	0.000535425
18945	0.000524623
18946	0.000515771
18947	0.000508876
18948	0.000503947
18949	0.000500987
18950	0.0005
18951	0.000500987
18952	0.000503947
18953	0.000508876
18954	0.000515771
18955	0.000524623
18956	0.000535425
18957	0.000548166
18958	0.000562834
18959	0.000579413
18960	0.000597887
18961	0.000618238
18962	0.000640447
18963	0.000664491
18964	0.000690346
18965	0.000717987
18966	0.000747387
18967	0.000778516
18968	0.000811344
18969	0.000845839
18970	0.000881966
18971	0.00091969
18972	0.000958974
18973	0.000999778
18974	0.00104206
18975	0.00108579
18976	0.00113091
18977	0.00117738
18978	0.00122515
18979	0.00127419
18980	0.00132443
18981	0.00137583
18982	0.00142835
18983	0.00148192
18984	0.00153649
18985	0.00159202
18986	0.00164844
18987	0.0017057
18988	0.00176375
18989	0.00182252
18990	0.00188197
18991	0.00194202
18992	0.00200262
18993	0.00206371
18994	0.00212524
18995	0.00218713
18996	0.00224933
18997	0.00231178
18998	0.00237442
18999	0.00243718
19000	0.0025
19001	0.00256282
19002	0.00262558
19003	0.00268822
19004	0.00275067
19005	0.00281287
19006	0.00287476
19007	0.00293629
19008	0.00299738
19009	0.00305798
19010	0.00311803
19011	0.00317748
19012	0.00323625
19013	0.0032943
19014	0.00335156
19015	0.00340798
19016	0.00346351
19017	0.00351808
19018	0.00357165
19019	0.00362417
19020	0.00367557
19021	0.00372581
19022	0.00377485
19023	0.00382262
19024	0.00386909
19025	0.00391421
19026	0.00395794
19027	0.00400022
19028	0.00404103
19029	0.00408031
19030	0.00411803
19031	0.00415416
19032	0.00418866
19033	0.00422148
19034	0.00425261
19035	0.00428201
19036	0.00430965
19037	0.00433551
19038	0.00435955
19039	0.00438176
19040	0.00440211
19041	0.00442059
19042	0.00443717
19043	0.00445183
19044	0.00446457
19045	0.00447538
19046	0.00448423
19047	0.00449112
19048	0.00449605
19049	0.00449901
19050	0.0045
19051	0.00449901
19052	0.00449605
19053	0.00449112
19054	0.00448423
19055	0.00447538
19056	0.00446457
19057	0.00445183
19058	0.00443717
19059	0.00442059
19060	0.00440211
19061	0.00438176
19062	0.00435955
19063	0.00433551
19064	0.00430965
19065	0.00428201
19066	0.00425261
19067	0.00422148
19068	0.00418866
19069	0.00415416
19070	0.00411803
19071	0.00408031
19072	0.00404103
19073	0.00400022
19074	0.00395794
19075	0.00391421
19076	0.00386909
19077	0.00382262
19078	0.00377485
19079	0.00372581
19080	0.00367557
19081	0.00362417
19082	0.00357165
19083	0.00351808
19084	0.00346351
19085	0.00340798
19086	0.00335156
19087	0.0032943
19088	0.00323625
19089	0.00317748
19090	0.00311803
19091	0.00305798
19092	0.00299738
19093	0.00293629
19094	0.00287476
19095	0.00281287
19096	0.00275067
19097	0.00268822
19098	0.00262558
19099	0.00256282
19100	0.0025
19101	0.00243718
19102	0.00237442
19103	0.00231178
19104	0.00224933
19105	0.00218713
19106	0.00212524
19107	0.00206371
19108	0.00200262
19109	0.00194202
19110	0.00188197
19111	0.00182252
19112	0.00176375
19113	0.0017057
19114	0.00164844
19115	0.00159202
19116	0.00153649
19117	0.00148192
19118	0.00142835
19119	0.00137583
19120	0.00132443
19121	0.00127419
19122	0.00122515
19123	0.00117738
19124	0.00113091
19125	0.00108579
19126	0.00104206
19127	0.000999778
19128	0.000958974
19129	0.00091969
19130	0.000881966
19131	0.000845839
19132	0.000811344
19133	0.000778516
19134	0.000747387
19135	0.000717987
19136	0.000690346
19137	0.000664491
19138	0.000640447
19139	0.000618238
19140	0.000597887
19141	0.000579413
19142	0.000562834
19143	0.000548166
19144	0.000535425
19145	0.000524623
19146	0.000515771
19147	0.000508876
19148	0.000503947
19149	0.000500987
19150	0.0005
19151	0.000500987
19152	0.000503947
19153	0.000508876
19154	0.000515771
19155	0.000524623
19156	0.000535425
19157	0.000548166
19158	0.000562834
19159	0.000579413
19160	0.000597887
19161	0.000618238
19162	0.000640447
19163	0.000664491
19164	0.000690346
19165	0.000717987
19166	0.000747387
19167	0.000778516
19168	0.000811344
19169	0.000845839
19170	0.000881966
19171	0.00091969
19172	0.000958974
19173	0.000999778
19174	0.00104206
19175	0.00108579
19176	0.00113091
19177	0.00117738
19178	0.00122515
19179	0.00127419
19180	0.00132443
19181	0.00137583
19182	0.00142835
19183	0.00148192
19184	0.00153649
19185	0.00159202
19186	0.00164844
19187	0.0017057
19188	0.00176375
19189	0.00182252
19190	0.00188197
19191	0.00194202
19192	0.00200262
19193	0.00206371
19194	0.00212524
19195	0.00218713
19196	0.00224933
19197	0.00231178
19198	0.00237442
19199	0.00243718
19200	0.0025
19201	0.00256282
19202	0.00262558
19203	0.00268822
19204	0.00275067
19205	0.00281287
19206	0.00287476
19207	0.00293629
19208	0.00299738
19209	0.00305798
19210	0.00311803
19211	0.00317748
19212	0.00323625
19213	0.0032943
19214	0.00335156
19215	0.00340798
19216	0.00346351
19217	0.00351808
19218	0.00357165
19219	0.00362417
19220	0.00367557
19221	0.00372581
19222	0.00377485
19223	0.00382262
19224	0.00386909
19225	0.00391421
19226	0.00395794
19227	0.00400022
19228	0.00404103
19229	0.00408031
19230	0.00411803
19231	0.00415416
19232	0.00418866
19233	0.00422148
19234	0.00425261
19235	0.00428201
19236	0.00430965
19237	0.00433551
19238	0.00435955
19239	0.00438176
19240	0.00440211
19241	0.00442059
19242	0.00443717
19243	0.00445183
19244	0.00446457
19245	0.00447538
19246	0.00448423
19247	0.00449112
19248	0.00449605
19249	0.00449901
19250	0.0045
19251	0.00449901
19252	0.00449605
19253	0.00449112
19254	0.00448423
19255	0.00447538
19256	0.00446457
19257	0.00445183
19258	0.00443717
19259	0.00442059
19260	0.00440211
19261	0.00438176
19262	0.00435955
19263	0.00433551
19264	0.00430965
19265	0.00428201
19266	0.00425261
19267	0.00422148
19268	0.00418866
19269	0.00415416
19270	0.00411803
19271	0.00408031
19272	0.00404103
19273	0.00400022
19274	0.00395794
19275	0.00391421
19276	0.00386909
19277	0.00382262
19278	0.00377485
19279	0.00372581
19280	0.00367557
19281	0.00362417
19282	0.00357165
19283	0.00351808
19284	0.00346351
19285	0.00340798
19286	0.00335156
19287	0.0032943
19288	0.00323625
19289	0.00317748
19290	0.00311803
19291	0.00305798
19292	0.00299738
19293	0.00293629
19294	0.00287476
19295	0.00281287
19296	0.00275067
19297	0.00268822
19298	0.00262558
19299	0.00256282
19300	0.0025
19301	0.00243718
19302	0.00237442
19303	0.00231178
19304	0.00224933
19305	0.00218713
19306	0.00212524
19307	0.00206371
19308	0.00200262
19309	0.00194202
19310	0.00188197
19311	0.00182252
19312	0.00176375
19313	0.0017057
19314	0.00164844
19315	0.00159202
19316	0.00153649
19317	0.00148192
19318	0.00142835
19319	0.00137583
19320	0.00132443
19321	0.00127419
19322	0.00122515
19323	0.00117738
19324	0.00113091
19325	0.00108579
19326	0.00104206
19327	0.000999778
19328	0.000958974
19329	0.00091969
19330	0.000881966
19331	0.000845839
19332	0.000811344
19333	0.000778516
19334	0.000747387
19335	0.000717987
19336	0.000690346
19337	0.000664491
19338	0.000640447
19339	0.000618238
19340	0.000597887
19341	0.000579413
19342	0.000562834
19343	0.000548166
19344	0.000535425
19345	0.000524623
19346	0.000515771
19347	0.000508876
19348	0.000503947
19349	0.000500987
19350	0.0005
19351	0.000500987
19352	0.000503947
19353	0.000508876
19354	0.000515771
19355	0.000524623
19356	0.000535425
19357	0.000548166
19358	0.000562834
19359	0.000579413
19360	0.000597887
19361	0.000618238
19362	0.000640447
19363	0.000664491
19364	0.000690346
19365	0.000717987
19366	0.000747387
19367	0.000778516
19368	0.000811344
19369	0.000845839
19370	0.000881966
19371	0.00091969
19372	0.000958974
19373	0.000999778
19374	0.00104206
19375	0.00108579
19376	0.00113091
19377	0.00117738
19378	0.00122515
19379	0.00127419
19380	0.00132443
19381	0.00137583
19382	0.00142835
19383	0.00148192
19384	0.00153649
19385	0.00159202
19386	0.00164844
19387	0.0017057
19388	0.00176375
19389	0.00182252
19390	0.00188197
19391	0.00194202
19392	0.00200262
19393	0.00206371
19394	0.00212524
19395	0.00218713
19396	0.00224933
19397	0.00231178
19398	0.00237442
19399	0.00243718
19400	0.0025
19401	0.00256282
19402	0.00262558
19403	0.00268822
19404	0.00275067
19405	0.00281287
19406	0.00287476
19407	0.00293629
19408	0.00299738
19409	0.00305798
19410	0.00311803
19411	0.00317748
19412	0.00323625
19413	0.0032943
19414	0.00335156
19415	0.00340798
19416	0.00346351
19417	0.00351808
19418	0.00357165
19419	0.00362417
19420	0.00367557
19421	0.00372581
19422	0.00377485
19423	0.00382262
19424	0.00386909
19425	0.00391421
19426	0.00395794
19427	0.00400022
19428	0.00404103
19429	0.00408031
19430	0.00411803
19431	0.00415416
19432	0.00418866
19433	0.00422148
19434	0.00425261
19435	0.00428201
19436	0.00430965
19437	0.00433551
19438	0.00435955
19439	0.00438176
19440	0.00440211
19441	0.00442059
19442	0.00443717
19443	0.00445183
19444	0.00446457
19445	0.00447538
19446	0.00448423
19447	0.00449112
19448	0.00449605
19449	0.00449901
19450	0.0045
19451	0.00449901
19452	0.00449605
19453	0.00449112
19454	0.00448423
19455	0.00447538
19456	0.00446457
19457	0.00445183
19458	0.00443717
19459	0.00442059
19460	0.00440211
19461	0.00438176
19462	0.00435955
19463	0.00433551
19464	0.00430965
19465	0.00428201
19466	0.00425261
19467	0.00422148
19468	0.00418866
19469	0.00415416
19470	0.00411803
19471	0.00408031
19472	0.00404103
19473	0.00400022
19474	0.00395794
19475	0.00391421
19476	0.00386909
19477	0.00382262
19478	0.00377485
19479	0.00372581
19480	0.00367557
19481	0.00362417
19482	0.00357165
19483	0.00351808
19484	0.00346351
19485	0.00340798
19486	0.00335156
19487	0.0032943
19488	0.00323625
19489	0.00317748
19490	0.00311803
19491	0.00305798
19492	0.00299738
19493	0.00293629
19494	0.00287476
19495	0.00281287
19496	0.00275067
19497	0.00268822
19498	0.00262558
19499	0.00256282
19500	0.0025
19501	0.00243718
19502	0.00237442
19503	0.00231178
19504	0.00224933
19505	0.00218713
19506	0.00212524
19507	0.00206371
19508	0.00200262
19509	0.00194202
19510	0.00188197
19511	0.00182252
19512	0.00176375
19513	0.0017057
19514	0.00164844
19515	0.00159202
19516	0.00153649
19517	0.00148192
19518	0.00142835
19519	0.00137583
19520	0.00132443
19521	0.00127419
19522	0.00122515
19523	0.00117738
19524	0.00113091
19525	0.00108579
19526	0.00104206
19527	0.000999778
19528	0.000958974
19529	0.00091969
19530	0.000881966
19531	0.000845839
19532	0.000811344
19533	0.000778516
19534	0.000747387
19535	0.000717987
19536	0.000690346
19537	0.000664491
19538	0.000640447
19539	0.000618238
19540	0.000597887
19541	0.000579413
19542	0.000562834
19543	0.000548166
19544	0.000535425
19545	0.000524623
19546	0.000515771
19547	0.000508876
19548	0.000503947
19549	0.000500987
19550	0.0005
19551	0.000500987
19552	0.000503947
19553	0.000508876
19554	0.000515771
19555	0.000524623
19556	0.000535425
19557	0.000548166
19558	0.000562834
19559	0.000579413
19560	0.000597887
19561	0.000618238
19562	0.000640447
19563	0.000664491
19564	0.000690346
19565	0.000717987
19566	0.000747387
19567	0.000778516
19568	0.000811344
19569	0.000845839
19570	0.000881966
19571	0.00091969
19572	0.000958974
19573	0.000999778
19574	0.00104206
19575	0.00108579
19576	0.00113091
19577	0.00117738
19578	0.00122515
19579	0.00127419
19580	0.00132443
19581	0.00137583
19582	0.00142835
19583	0.00148192
19584	0.00153649
19585	0.00159202
19586	0.00164844
19587	0.0017057
19588	0.00176375
19589	0.00182252
19590	0.00188197
19591	0.00194202
19592	0.00200262
19593	0.00206371
19594	0.00212524
19595	0.00218713
19596	0.00224933
19597	0.00231178
19598	0.00237442
19599	0.00243718
19600	0.0025
19601	0.00256282
19602	0.00262558
19603	0.00268822
19604	0.00275067
19605	0.00281287
19606	0.00287476
19607	0.00293629
19608	0.00299738
19609	0.00305798
19610	0.00311803
19611	0.00317748
19612	0.00323625
19613	0.0032943
19614	0.00335156
19615	0.00340798
19616	0.00346351
19617	0.00351808
19618	0.00357165
19619	0.00362417
19620	0.00367557
19621	0.00372581
19622	0.00377485
19623	0.00382262
19624	0.00386909
19625	0.00391421
19626	0.00395794
19627	0.00400022
19628	0.00404103
19629	0.00408031
19630	0.00411803
19631	0.00415416
19632	0.00418866
19633	0.00422148
19634	0.00425261
19635	0.00428201
19636	0.00430965
19637	0.00433551
19638	0.00435955
19639	0.00438176
19640	0.00440211
19641	0.00442059
19642	0.00443717
19643	0.00445183
19644	0.00446457
19645	0.00447538
19646	0.00448423
19647	0.00449112
19648	0.00449605
19649	0.00449901
19650	0.0045
19651	0.00449901
19652	0.00449605
19653	0.00449112
19654	0.00448423
19655	0.00447538
19656	0.00446457
19657	0.00445183
19658	0.00443717
19659	0.00442059
19660	0.00440211
19661	0.00438176
19662	0.00435955
19663	0.00433551
19664	0.00430965
19665	0.00428201
19666	0.00425261
19667	0.00422148
19668	0.00418866
19669	0.00415416
19670	0.00411803
19671	0.00408031
19672	0.00404103
19673	0.00400022
19674	0.00395794
19675	0.00391421
19676	0.00386909
19677	0.00382262
19678	0.00377485
19679	0.00372581
19680	0.00367557
19681	0.00362417
19682	0.00357165
19683	0.00351808
19684	0.00346351
19685	0.00340798
19686	0.00335156
19687	0.0032943
19688	0.00323625
19689	0.00317748
19690	0.00311803
19691	0.00305798
19692	0.00299738
19693	0.00293629
19694	0.00287476
19695	0.00281287
19696	0.00275067
19697	0.00268822
19698	0.00262558
19699	0.00256282
19700	0.0025
19701	0.00243718
19702	0.00237442
19703	0.00231178
19704	0.00224933
19705	0.00218713
19706	0.00212524
19707	0.00206371
19708	0.00200262
19709	0.00194202
19710	0.00188197
19711	0.00182252
19712	0.00176375
19713	0.0017057
19714	0.00164844
19715	0.00159202
19716	0.00153649
19717	0.00148192
19718	0.00142835
19719	0.00137583
19720	0.00132443
19721	0.00127419
19722	0.00122515
19723	0.00117738
19724	0.00113091
19725	0.00108579
19726	0.00104206
19727	0.000999778
19728	0.000958974
19729	0.00091969
19730	0.000881966
19731	0.000845839
19732	0.000811344
19733	0.000778516
19734	0.000747387
19735	0.000717987
19736	0.000690346
19737	0.000664491
19738	0.000640447
19739	0.000618238
19740	0.000597887
19741	0.000579413
19742	0.000562834
19743	0.000548166
19744	0.000535425
19745	0.000524623
19746	0.000515771
19747	0.000508876
19748	0.000503947
19749	0.000500987
19750	0.0005
19751	0.000500987
19752	0.000503947
19753	0.000508876
19754	0.000515771
19755	0.000524623
19756	0.000535425
19757	0.000548166
19758	0.000562834
19759	0.000579413
19760	0.000597887
19761	0.000618238
19762	0.000640447
19763	0.000664491
19764	0.000690346
19765	0.000717987
19766	0.000747387
19767	0.000778516
19768	0.000811344
19769	0.000845839
19770	0.000881966
19771	0.00091969
19772	0.000958974
19773	0.000999778
19774	0.00104206
19775	0.00108579
19776	0.00113091
19777	0.00117738
19778	0.00122515
19779	0.00127419
19780	0.00132443
19781	0.00137583
19782	0.00142835
19783	0.00148192
19784	0.00153649
19785	0.00159202
19786	0.00164844
19787	0.0017057
19788	0.00176375
19789	0.00182252
19790	0.00188197
19791	0.00194202
19792	0.00200262
19793	0.00206371
19794	0.00212524
19795	0.00218713
19796	0.00224933
19797	0.00231178
19798	0.00237442
19799	0.00243718
19800	0.0025
19801	0.00256282
19802	0.00262558
19803	0.00268822
19804	0.00275067
19805	0.00281287
19806	0.00287476
19807	0.00293629
19808	0.00299738
19809	0.00305798
19810	0.00311803
19811	0.00317748
19812	0.00323625
19813	0.0032943
19814	0.00335156
19815	0.00340798
19816	0.00346351
19817	0.00351808
19818	0.00357165
19819	0.00362417
19820	0.00367557
19821	0.00372581
19822	0.00377485
19823	0.00382262
19824	0.00386909
19825	0.00391421
19826	0.00395794
19827	0.00400022
19828	0.00404103
19829	0.00408031
19830	0.00411803
19831	0.00415416
19832	0.00418866
19833	0.00422148
19834	0.00425261
19835	0.00428201
19836	0.00430965
19837	0.00433551
19838	0.00435955
19839	0.00438176
19840	0.00440211
19841	0.00442059
19842	0.00443717
19843	0.00445183
19844	0.00446457
19845	0.00447538
19846	0.00448423
19847	0.00449112
19848	0.00449605
19849	0.00449901
19850	0.0045
19851	0.00449901
19852	0.00449605
19853	0.00449112
19854	0.00448423
19855	0.00447538
19856	0.00446457
19857	0.00445183
19858	0.00443717
19859	0.00442059
19860	0.00440211
19861	0.00438176
19862	0.00435955
19863	0.00433551
19864	0.00430965
19865	0.00428201
19866	0.00425261
19867	0.00422148
19868	0.00418866
19869	0.00415416
19870	0.00411803
19871	0.00408031
19872	0.00404103
19873	0.00400022
19874	0.00395794
19875	0.00391421
19876	0.00386909
19877	0.00382262
19878	0.00377485
19879	0.00372581
19880	0.00367557
19881	0.00362417
19882	0.00357165
19883	0.00351808
19884	0.00346351
19885	0.00340798
19886	0.00335156
19887	0.0032943
19888	0.00323625
19889	0.00317748
19890	0.00311803
19891	0.00305798
19892	0.00299738
19893	0.00293629
19894	0.00287476
19895	0.00281287
19896	0.00275067
19897	0.00268822
19898	0.00262558
19899	0.00256282
19900	0.0025
19901	0.00243718
19902	0.00237442
19903	0.00231178
19904	0.00224933
19905	0.00218713
19906	0.00212524
19907	0.00206371
19908	0.00200262
19909	0.00194202
19910	0.00188197
19911	0.00182252
19912	0.00176375
19913	0.0017057
19914	0.00164844
19915	0.00159202
19916	0.00153649
19917	0.00148192
19918	0.00142835
19919	0.00137583
19920	0.00132443
19921	0.00127419
19922	0.00122515
19923	0.00117738
19924	0.00113091
19925	0.00108579
19926	0.00104206
19927	0.000999778
19928	0.000958974
19929	0.00091969
19930	0.000881966
19931	0.000845839
19932	0.000811344
19933	0.000778516
19934	0.000747387
19935	0.000717987
19936	0.000690346
19937	0.000664491
19938	0.000640447
19939	0.000618238
19940	0.000597887
19941	0.000579413
19942	0.000562834
19943	0.000548166
19944	0.000535425
19945	0.000524623
19946	0.000515771
19947	0.000508876
19948	0.000503947
19949	0.000500987
19950	0.0005
19951	0.000500987
19952	0.000503947
19953	0.000508876
19954	0.000515771
19955	0.000524623
19956	0.000535425
19957	0.000548166
19958	0.000562834
19959	0.000579413
19960	0.000597887
19961	0.000618238
19962	0.000640447
19963	0.000664491
19964	0.000690346
19965	0.000717987
19966	0.000747387
19967	0.000778516
19968	0.000811344
19969	0.000845839
19970	0.000881966
19971	0.00091969
19972	0.000958974
19973	0.000999778
19974	0.00104206
19975	0.00108579
19976	0.00113091
19977	0.00117738
19978	0.00122515
19979	0.00127419
19980	0.00132443
19981	0.00137583
19982	0.00142835
19983	0.00148192
19984	0.00153649
19985	0.00159202
19986	0.00164844
19987	0.0017057
19988	0.00176375
19989	0.00182252
19990	0.00188197
19991	0.00194202
19992	0.00200262
19993	0.00206371
19994	0.00212524
19995	0.00218713
19996	0.00224933
19997	0.00231178
19998	0.00237442
19999	0.00243718
20000	0.0025
20001	0.00256282
20002	0.00262558
20003	0.00268822
20004	0.00275067
20005	0.00281287
20006	0.00287476
20007	0.00293629
20008	0.00299738
20009	0.00305798
20010	0.00311803
20011	0.00317748
20012	0.00323625
20013	0.0032943
20014	0.00335156
20015	0.00340798
20016	0.00346351
20017	0.00351808
20018	0.00357165
20019	0.00362417
20020	0.00367557
20021	0.00372581
20022	0.00377485
20023	0.00382262
20024	0.00386909
20025	0.00391421
20026	0.00395794
20027	0.00400022
20028	0.00404103
20029	0.00408031
20030	0.00411803
20031	0.00415416
20032	0.00418866
20033	0.00422148
20034	0.00425261
20035	0.00428201
20036	0.00430965
20037	0.00433551
20038	0.00435955
20039	0.00438176
20040	0.00440211
20041	0.00442059
20042	0.00443717
20043	0.00445183
20044	0.00446457
20045	0.00447538
20046	0.00448423
20047	0.00449112
20048	0.00449605
20049	0.00449901
20050	0.0045
20051	0.00449901
20052	0.00449605
20053	0.00449112
20054	0.00448423
20055	0.00447538
20056	0.00446457
20057	0.00445183
20058	0.00443717
20059	0.00442059
20060	0.00440211
20061	0.00438176
20062	0.00435955
20063	0.00433551
20064	0.00430965
20065	0.00428201
20066	0.00425261
20067	0.00422148
20068	0.00418866
20069	0.00415416
20070	0.00411803
20071	0.00408031
20072	0.00404103
20073	0.00400022
20074	0.00395794
20075	0.00391421
20076	0.00386909
20077	0.00382262
20078	0.00377485
20079	0.00372581
20080	0.00367557
20081	0.00362417
20082	0.00357165
20083	0.00351808
20084	0.00346351
20085	0.00340798
20086	0.00335156
20087	0.0032943
20088	0.00323625
20089	0.00317748
20090	0.00311803
20091	0.00305798
20092	0.00299738
20093	0.00293629
20094	0.00287476
20095	0.00281287
20096	0.00275067
20097	0.00268822
20098	0.00262558
20099	0.00256282
20100	0.0025
20101	0.00243718
20102	0.00237442
20103	0.00231178
20104	0.00224933
20105	0.00218713
20106	0.00212524
20107	0.00206371
20108	0.00200262
20109	0.00194202
20110	0.00188197
20111	0.00182252
20112	0.00176375
20113	0.0017057
20114	0.00164844
20115	0.00159202
20116	0.00153649
20117	0.00148192
20118	0.00142835
20119	0.00137583
20120	0.00132443
20121	0.00127419
20122	0.00122515
20123	0.00117738
20124	0.00113091
20125	0.00108579
20126	0.00104206
20127	0.000999778
20128	0.000958974
20129	0.00091969
20130	0.000881966
20131	0.000845839
20132	0.000811344
20133	0.000778516
20134	0.000747387
20135	0.000717987
20136	0.000690346
20137	0.000664491
20138	0.000640447
20139	0.000618238
20140	0.000597887
20141	0.000579413
20142	0.000562834
20143	0.000548166
20144	0.000535425
20145	0.000524623
20146	0.000515771
20147	0.000508876
20148	0.000503947
20149	0.000500987
20150	0.0005
20151	0.000500987
20152	0.000503947
20153	0.000508876
20154	0.000515771
20155	0.000524623
20156	0.000535425
20157	0.000548166
20158	0.000562834
20159	0.000579413
20160	0.000597887
20161	0.000618238
20162	0.000640447
20163	0.000664491
20164	0.000690346
20165	0.000717987
20166	0.000747387
20167	0.000778516
20168	0.000811344
20169	0.000845839
20170	0.000881966
20171	0.00091969
20172	0.000958974
20173	0.000999778
20174	0.00104206
20175	0.00108579
20176	0.00113091
20177	0.00117738
20178	0.00122515
20179	0.00127419
20180	0.00132443
20181	0.00137583
20182	0.00142835
20183	0.00148192
20184	0.00153649
20185	0.00159202
20186	0.00164844
20187	0.0017057
20188	0.00176375
20189	0.00182252
20190	0.00188197
20191	0.00194202
20192	0.00200262
20193	0.00206371
20194	0.00212524
20195	0.00218713
20196	0.00224933
20197	0.00231178
20198	0.00237442
20199	0.00243718
20200	0.0025
20201	0.00256282
20202	0.00262558
20203	0.00268822
20204	0.00275067
20205	0.00281287
20206	0.00287476
20207	0.00293629
20208	0.00299738
20209	0.00305798
20210	0.00311803
20211	0.00317748
20212	0.00323625
20213	0.0032943
20214	0.00335156
20215	0.00340798
20216	0.00346351
20217	0.00351808
20218	0.00357165
20219	0.00362417
20220	0.00367557
20221	0.00372581
20222	0.00377485
20223	0.00382262
20224	0.00386909
20225	0.00391421
20226	0.00395794
20227	0.00400022
20228	0.00404103
20229	0.00408031
20230	0.00411803
20231	0.00415416
20232	0.00418866
20233	0.00422148
20234	0.00425261
20235	0.00428201
20236	0.00430965
20237	0.00433551
20238	0.00435955
20239	0.00438176
20240	0.00440211
20241	0.00442059
20242	0.00443717
20243	0.00445183
20244	0.00446457
20245	0.00447538
20246	0.00448423
20247	0.00449112
20248	0.00449605
20249	0.00449901
20250	0.0045
20251	0.00449901
20252	0.00449605
20253	0.00449112
20254	0.00448423
20255	0.00447538
20256	0.00446457
20257	0.00445183
20258	0.00443717
20259	0.00442059
20260	0.00440211
20261	0.00438176
20262	0.00435955
20263	0.00433551
20264	0.00430965
20265	0.00428201
20266	0.00425261
20267	0.00422148
20268	0.00418866
20269	0.00415416
20270	0.00411803
20271	0.00408031
20272	0.00404103
20273	0.00400022
20274	0.00395794
20275	0.00391421
20276	0.00386909
20277	0.00382262
20278	0.00377485
20279	0.00372581
20280	0.00367557
20281	0.00362417
20282	0.00357165
20283	0.00351808
20284	0.00346351
20285	0.00340798
20286	0.00335156
20287	0.0032943
20288	0.00323625
20289	0.00317748
20290	0.00311803
20291	0.00305798
20292	0.00299738
20293	0.00293629
20294	0.00287476
20295	0.00281287
20296	0.00275067
20297	0.00268822
20298	0.00262558
20299	0.00256282
20300	0.0025
20301	0.00243718
20302	0.00237442
20303	0.00231178
20304	0.00224933
20305	0.00218713
20306	0.00212524
20307	0.00206371
20308	0.00200262
20309	0.00194202
20310	0.00188197
20311	0.00182252
20312	0.00176375
20313	0.0017057
20314	0.00164844
20315	0.00159202
20316	0.00153649
20317	0.00148192
20318	0.00142835
20319	0.00137583
20320	0.00132443
20321	0.00127419
20322	0.00122515
20323	0.00117738
20324	0.00113091
20325	0.00108579
20326	0.00104206
20327	0.000999778
20328	0.000958974
20329	0.00091969
20330	0.000881966
20331	0.000845839
20332	0.000811344
20333	0.000778516
20334	0.000747387
20335	0.000717987
20336	0.000690346
20337	0.000664491
20338	0.000640447
20339	0.000618238
20340	0.000597887
20341	0.000579413
20342	0.000562834
20343	0.000548166
20344	0.000535425
20345	0.000524623
20346	0.000515771
20347	0.000508876
20348	0.000503947
20349	0.000500987
20350	0.0005
20351	0.000500987
20352	0.000503947
20353	0.000508876
20354	0.000515771
20355	0.000524623
20356	0.000535425
20357	0.000548166
20358	0.000562834
20359	0.000579413
20360	0.000597887
20361	0.000618238
20362	0.000640447
20363	0.000664491
20364	0.000690346
20365	0.000717987
20366	0.000747387
20367	0.000778516
20368	0.000811344
20369	0.000845839
20370	0.000881966
20371	0.00091969
20372	0.000958974
20373	0.000999778
20374	0.00104206
20375	0.00108579
20376	0.00113091
20377	0.00117738
20378	0.00122515
20379	0.00127419
20380	0.00132443
20381	0.00137583
20382	0.00142835
20383	0.00148192
20384	0.00153649
20385	0.00159202
20386	0.00164844
20387	0.0017057
20388	0.00176375
20389	0.00182252
20390	0.00188197
20391	0.00194202
20392	0.00200262
20393	0.00206371
20394	0.00212524
20395	0.00218713
20396	0.00224933
20397	0.00231178
20398	0.00237442
20399	0.00243718
20400	0.0025
20401	0.00256282
20402	0.00262558
20403	0.00268822
20404	0.00275067
20405	0.00281287
20406	0.00287476
20407	0.00293629
20408	0.00299738
20409	0.00305798
20410	0.00311803
20411	0.00317748
20412	0.00323625
20413	0.0032943
20414	0.00335156
20415	0.00340798
20416	0.00346351
20417	0.00351808
20418	0.00357165
20419	0.00362417
20420	0.00367557
20421	0.00372581
20422	0.00377485
20423	0.00382262
20424	0.00386909
20425	0.00391421
20426	0.00395794
20427	0.00400022
20428	0.00404103
20429	0.00408031
20430	0.00411803
20431	0.00415416
20432	0.00418866
20433	0.00422148
20434	0.00425261
20435	0.00428201
20436	0.00430965
20437	0.00433551
20438	0.00435955
20439	0.00438176
20440	0.00440211
20441	0.00442059
20442	0.00443717
20443	0.00445183
20444	0.00446457
20445	0.00447538
20446	0.00448423
20447	0.00449112
20448	0.00449605
20449	0.00449901
20450	0.0045
20451	0.00449901
20452	0.00449605
20453	0.00449112
20454	0.00448423
20455	0.00447538
20456	0.00446457
20457	0.00445183
20458	0.00443717
20459	0.00442059
20460	0.00440211
20461	0.00438176
20462	0.00435955
20463	0.00433551
20464	0.00430965
20465	0.00428201
20466	0.00425261
20467	0.00422148
20468	0.00418866
20469	0.00415416
20470	0.00411803
20471	0.00408031
20472	0.00404103
20473	0.00400022
20474	0.00395794
20475	0.00391421
20476	0.00386909
20477	0.00382262
20478	0.00377485
20479	0.00372581
20480	0.00367557
20481	0.00362417
20482	0.00357165
20483	0.00351808
20484	0.00346351
20485	0.00340798
20486	0.00335156
20487	0.0032943
20488	0.00323625
20489	0.00317748
20490	0.00311803
20491	0.00305798
20492	0.00299738
20493	0.00293629
20494	0.00287476
20495	0.00281287
20496	0.00275067
20497	0.00268822
20498	0.00262558
20499	0.00256282
20500	0.0025
20501	0.00243718
20502	0.00237442
20503	0.00231178
20504	0.00224933
20505	0.00218713
20506	0.00212524
20507	0.00206371
20508	0.00200262
20509	0.00194202
20510	0.00188197
20511	0.00182252
20512	0.00176375
20513	0.0017057
20514	0.00164844
20515	0.00159202
20516	0.00153649
20517	0.00148192
20518	0.00142835
20519	0.00137583
20520	0.00132443
20521	0.00127419
20522	0.00122515
20523	0.00117738
20524	0.00113091
20525	0.00108579
20526	0.00104206
20527	0.000999778
20528	0.000958974
20529	0.00091969
20530	0.000881966
20531	0.000845839
20532	0.000811344
20533	0.000778516
20534	0.000747387
20535	0.000717987
20536	0.000690346
20537	0.000664491
20538	0.000640447
20539	0.000618238
20540	0.000597887
20541	0.000579413
20542	0.000562834
20543	0.000548166
20544	0.000535425
20545	0.000524623
20546	0.000515771
20547	0.000508876
20548	0.000503947
20549	0.000500987
20550	0.0005
20551	0.000500987
20552	0.000503947
20553	0.000508876
20554	0.000515771
20555	0.000524623
20556	0.000535425
20557	0.000548166
20558	0.000562834
20559	0.000579413
20560	0.000597887
20561	0.000618238
20562	0.000640447
20563	0.000664491
20564	0.000690346
20565	0.000717987
20566	0.000747387
20567	0.000778516
20568	0.000811344
20569	0.000845839
20570	0.000881966
20571	0.00091969
20572	0.000958974
20573	0.000999778
20574	0.00104206
20575	0.00108579
20576	0.00113091
20577	0.00117738
20578	0.00122515
20579	0.00127419
20580	0.00132443
20581	0.00137583
20582	0.00142835
20583	0.00148192
20584	0.00153649
20585	0.00159202
20586	0.00164844
20587	0.0017057
20588	0.00176375
20589	0.00182252
20590	0.00188197
20591	0.00194202
20592	0.00200262
20593	0.00206371
20594	0.00212524
20595	0.00218713
20596	0.00224933
20597	0.00231178
20598	0.00237442
20599	0.00243718
20600	0.0025
20601	0.00256282
20602	0.00262558
20603	0.00268822
20604	0.00275067
20605	0.00281287
20606	0.00287476
20607	0.00293629
20608	0.00299738
20609	0.00305798
20610	0.00311803
20611	0.00317748
20612	0.00323625
20613	0.0032943
20614	0.00335156
20615	0.00340798
20616	0.00346351
20617	0.00351808
20618	0.00357165
20619	0.00362417
20620	0.00367557
20621	0.00372581
20622	0.00377485
20623	0.00382262
20624	0.00386909
20625	0.00391421
20626	0.00395794
20627	0.00400022
20628	0.00404103
20629	0.00408031
20630	0.00411803
20631	0.00415416
20632	0.00418866
20633	0.00422148
20634	0.00425261
20635	0.00428201
20636	0.00430965
20637	0.00433551
20638	0.00435955
20639	0.00438176
20640	0.00440211
20641	0.00442059
20642	0.00443717
20643	0.00445183
20644	0.00446457
20645	0.00447538
20646	0.00448423
20647	0.00449112
20648	0.00449605
20649	0.00449901
20650	0.0045
20651	0.00449901
20652	0.00449605
20653	0.00449112
20654	0.00448423
20655	0.00447538
20656	0.00446457
20657	0.00445183
20658	0.00443717
20659	0.00442059
20660	0.00440211
20661	0.00438176
20662	0.00435955
20663	0.00433551
20664	0.00430965
20665	0.00428201
20666	0.00425261
20667	0.00422148
20668	0.00418866
20669	0.00415416
20670	0.00411803
20671	0.00408031
20672	0.00404103
20673	0.00400022
20674	0.00395794
20675	0.00391421
20676	0.00386909
20677	0.00382262
20678	0.00377485
20679	0.00372581
20680	0.00367557
20681	0.00362417
20682	0.00357165
20683	0.00351808
20684	0.00346351
20685	0.00340798
20686	0.00335156
20687	0.0032943
20688	0.00323625
20689	0.00317748
20690	0.00311803
20691	0.00305798
20692	0.00299738
20693	0.00293629
20694	0.00287476
20695	0.00281287
20696	0.00275067
20697	0.00268822
20698	0.00262558
20699	0.00256282
20700	0.0025
20701	0.00243718
20702	0.00237442
20703	0.00231178
20704	0.00224933
20705	0.00218713
20706	0.00212524
20707	0.00206371
20708	0.00200262
20709	0.00194202
20710	0.00188197
20711	0.00182252
20712	0.00176375
20713	0.0017057
20714	0.00164844
20715	0.00159202
20716	0.00153649
20717	0.00148192
20718	0.00142835
20719	0.00137583
20720	0.00132443
20721	0.00127419
20722	0.00122515
20723	0.00117738
20724	0.00113091
20725	0.00108579
20726	0.00104206
20727	0.000999778
20728	0.000958974
20729	0.00091969
20730	0.000881966
20731	0.000845839
20732	0.000811344
20733	0.000778516
20734	0.000747387
20735	0.000717987
20736	0.000690346
20737	0.000664491
20738	0.000640447
20739	0.000618238
20740	0.000597887
20741	0.000579413
20742	0.000562834
20743	0.000548166
20744	0.000535425
20745	0.000524623
20746	0.000515771
20747	0.000508876
20748	0.000503947
20749	0.000500987
20750	0.0005
20751	0.000500987
20752	0.000503947
20753	0.000508876
20754	0.000515771
20755	0.000524623
20756	0.000535425
20757	0.000548166
20758	0.000562834
20759	0.000579413
20760	0.000597887
20761	0.000618238
20762	0.000640447
20763	0.000664491
20764	0.000690346
20765	0.000717987
20766	0.000747387
20767	0.000778516
20768	0.000811344
20769	0.000845839
20770	0.000881966
20771	0.00091969
20772	0.000958974
20773	0.000999778
20774	0.00104206
20775	0.00108579
20776	0.00113091
20777	0.00117738
20778	0.00122515
20779	0.00127419
20780	0.00132443
20781	0.00137583
20782	0.00142835
20783	0.00148192
20784	0.00153649
20785	0.00159202
20786	0.00164844
20787	0.0017057
20788	0.00176375
20789	0.00182252
20790	0.00188197
20791	0.00194202
20792	0.00200262
20793	0.00206371
20794	0.00212524
20795	0.00218713
20796	0.00224933
20797	0.00231178
20798	0.00237442
20799	0.00243718
20800	0.0025
20801	0.00256282
20802	0.00262558
20803	0.00268822
20804	0.00275067
20805	0.00281287
20806	0.00287476
20807	0.00293629
20808	0.00299738
20809	0.00305798
20810	0.00311803
20811	0.00317748
20812	0.00323625
20813	0.0032943
20814	0.00335156
20815	0.00340798
20816	0.00346351
20817	0.00351808
20818	0.00357165
20819	0.00362417
20820	0.00367557
20821	0.00372581
20822	0.00377485
20823	0.00382262
20824	0.00386909
20825	0.00391421
20826	0.00395794
20827	0.00400022
20828	0.00404103
20829	0.00408031
20830	0.00411803
20831	0.00415416
20832	0.00418866
20833	0.00422148
20834	0.00425261
20835	0.00428201
20836	0.00430965
20837	0.00433551
20838	0.00435955
20839	0.00438176
20840	0.00440211
20841	0.00442059
20842	0.00443717
20843	0.00445183
20844	0.00446457
20845	0.00447538
20846	0.00448423
20847	0.00449112
20848	0.00449605
20849	0.00449901
20850	0.0045
20851	0.00449901
20852	0.00449605
20853	0.00449112
20854	0.00448423
20855	0.00447538
20856	0.00446457
20857	0.00445183
20858	0.00443717
20859	0.00442059
20860	0.00440211
20861	0.00438176
20862	0.00435955
20863	0.00433551
20864	0.00430965
20865	0.00428201
20866	0.00425261
20867	0.00422148
20868	0.00418866
20869	0.00415416
20870	0.00411803
20871	0.00408031
20872	0.00404103
20873	0.00400022
20874	0.00395794
20875	0.00391421
20876	0.00386909
20877	0.00382262
20878	0.00377485
20879	0.00372581
20880	0.00367557
20881	0.00362417
20882	0.00357165
20883	0.00351808
20884	0.00346351
20885	0.00340798
20886	0.00335156
20887	0.0032943
20888	0.00323625
20889	0.00317748
20890	0.00311803
20891	0.00305798
20892	0.00299738
20893	0.00293629
20894	0.00287476
20895	0.00281287
20896	0.00275067
20897	0.00268822
20898	0.00262558
20899	0.00256282
20900	0.0025
20901	0.00243718
20902	0.00237442
20903	0.00231178
20904	0.00224933
20905	0.00218713
20906	0.00212524
20907	0.00206371
20908	0.00200262
20909	0.00194202
20910	0.00188197
20911	0.00182252
20912	0.00176375
20913	0.0017057
20914	0.00164844
20915	0.00159202
20916	0.00153649
20917	0.00148192
20918	0.00142835
20919	0.00137583
20920	0.00132443
20921	0.00127419
20922	0.00122515
20923	0.00117738
20924	0.00113091
20925	0.00108579
20926	0.00104206
20927	0.000999778
20928	0.000958974
20929	0.00091969
20930	0.000881966
20931	0.000845839
20932	0.000811344
20933	0.000778516
20934	0.000747387
20935	0.000717987
20936	0.000690346
20937	0.000664491
20938	0.000640447
20939	0.000618238
20940	0.000597887
20941	0.000579413
20942	0.000562834
20943	0.000548166
20944	0.000535425
20945	0.000524623
20946	0.000515771
20947	0.000508876
20948	0.000503947
20949	0.000500987
20950	0.0005
20951	0.000500987
20952	0.000503947
20953	0.000508876
20954	0.000515771
20955	0.000524623
20956	0.000535425
20957	0.000548166
20958	0.000562834
20959	0.000579413
20960	0.000597887
20961	0.000618238
20962	0.000640447
20963	0.000664491
20964	0.000690346
20965	0.000717987
20966	0.000747387
20967	0.000778516
20968	0.000811344
20969	0.000845839
20970	0.000881966
20971	0.00091969
20972	0.000958974
20973	0.000999778
20974	0.00104206
20975	0.00108579
20976	0.00113091
20977	0.00117738
20978	0.00122515
20979	0.00127419
20980	0.00132443
20981	0.00137583
20982	0.00142835
20983	0.00148192
20984	0.00153649
20985	0.00159202
20986	0.00164844
20987	0.0017057
20988	0.00176375
20989	0.00182252
20990	0.00188197
20991	0.00194202
20992	0.00200262
20993	0.00206371
20994	0.00212524
20995	0.00218713
20996	0.00224933
20997	0.00231178
20998	0.00237442
20999	0.00243718
21000	0.0025
21001	0.00256282
21002	0.00262558
21003	0.00268822
21004	0.00275067
21005	0.00281287
21006	0.00287476
21007	0.00293629
21008	0.00299738
21009	0.00305798
21010	0.00311803
21011	0.00317748
21012	0.00323625
21013	0.0032943
21014	0.00335156
21015	0.00340798
21016	0.00346351
21017	0.00351808
21018	0.00357165
21019	0.00362417
21020	0.00367557
21021	0.00372581
21022	0.00377485
21023	0.00382262
21024	0.00386909
21025	0.00391421
21026	0.00395794
21027	0.00400022
21028	0.00404103
21029	0.00408031
21030	0.00411803
21031	0.00415416
21032	0.00418866
21033	0.00422148
21034	0.00425261
21035	0.00428201
21036	0.00430965
21037	0.00433551
21038	0.00435955
21039	0.00438176
21040	0.00440211
21041	0.00442059
21042	0.00443717
21043	0.00445183
21044	0.00446457
21045	0.00447538
21046	0.00448423
21047	0.00449112
21048	0.00449605
21049	0.00449901
21050	0.0045
21051	0.00449901
21052	0.00449605
21053	0.00449112
21054	0.00448423
21055	0.00447538
21056	0.00446457
21057	0.00445183
21058	0.00443717
21059	0.00442059
21060	0.00440211
21061	0.00438176
21062	0.00435955
21063	0.00433551
21064	0.00430965
21065	0.00428201
21066	0.00425261
21067	0.00422148
21068	0.00418866
21069	0.00415416
21070	0.00411803
21071	0.00408031
21072	0.00404103
21073	0.00400022
21074	0.00395794
21075	0.00391421
21076	0.00386909
21077	0.00382262
21078	0.00377485
21079	0.00372581
21080	0.00367557
21081	0.00362417
21082	0.00357165
21083	0.00351808
21084	0.00346351
21085	0.00340798
21086	0.00335156
21087	0.0032943
21088	0.00323625
21089	0.00317748
21090	0.00311803
21091	0.00305798
21092	0.00299738
21093	0.00293629
21094	0.00287476
21095	0.00281287
21096	0.00275067
21097	0.00268822
21098	0.00262558
21099	0.00256282
21100	0.0025
21101	0.00243718
21102	0.00237442
21103	0.00231178
21104	0.00224933
21105	0.00218713
21106	0.00212524
21107	0.00206371
21108	0.00200262
21109	0.00194202
21110	0.00188197
21111	0.00182252
21112	0.00176375
21113	0.0017057
21114	0.00164844
21115	0.00159202
21116	0.00153649
21117	0.00148192
21118	0.00142835
21119	0.00137583
21120	0.00132443
21121	0.00127419
21122	0.00122515
21123	0.00117738
21124	0.00113091
21125	0.00108579
21126	0.00104206
21127	0.000999778
21128	0.000958974
21129	0.00091969
21130	0.000881966
21131	0.000845839
21132	0.000811344
21133	0.000778516
21134	0.000747387
21135	0.000717987
21136	0.000690346
21137	0.000664491
21138	0.000640447
21139	0.000618238
21140	0.000597887
21141	0.000579413
21142	0.000562834
21143	0.000548166
21144	0.000535425
21145	0.000524623
21146	0.000515771
21147	0.000508876
21148	0.000503947
21149	0.000500987
21150	0.0005
21151	0.000500987
21152	0.000503947
21153	0.000508876
21154	0.000515771
21155	0.000524623
21156	0.000535425
21157	0.000548166
21158	0.000562834
21159	0.000579413
21160	0.000597887
21161	0.000618238
21162	0.000640447
21163	0.000664491
21164	0.000690346
21165	0.000717987
21166	0.000747387
21167	0.000778516
21168	0.000811344
21169	0.000845839
21170	0.000881966
21171	0.00091969
21172	0.000958974
21173	0.000999778
21174	0.00104206
21175	0.00108579
21176	0.00113091
21177	0.00117738
21178	0.00122515
21179	0.00127419
21180	0.00132443
21181	0.00137583
21182	0.00142835
21183	0.00148192
21184	0.00153649
21185	0.00159202
21186	0.00164844
21187	0.0017057
21188	0.00176375
21189	0.00182252
21190	0.00188197
21191	0.00194202
21192	0.00200262
21193	0.00206371
21194	0.00212524
21195	0.00218713
21196	0.00224933
21197	0.00231178
21198	0.00237442
21199	0.00243718
21200	0.0025
21201	0.00256282
21202	0.00262558
21203	0.00268822
21204	0.00275067
21205	0.00281287
21206	0.00287476
21207	0.00293629
21208	0.00299738
21209	0.00305798
21210	0.00311803
21211	0.00317748
21212	0.00323625
21213	0.0032943
21214	0.00335156
21215	0.00340798
21216	0.00346351
21217	0.00351808
21218	0.00357165
21219	0.00362417
21220	0.00367557
21221	0.00372581
21222	0.00377485
21223	0.00382262
21224	0.00386909
21225	0.00391421
21226	0.00395794
21227	0.00400022
21228	0.00404103
21229	0.00408031
21230	0.00411803
21231	0.00415416
21232	0.00418866
21233	0.00422148
21234	0.00425261
21235	0.00428201
21236	0.00430965
21237	0.00433551
21238	0.00435955
21239	0.00438176
21240	0.00440211
21241	0.00442059
21242	0.00443717
21243	0.00445183
21244	0.00446457
21245	0.00447538
21246	0.00448423
21247	0.00449112
21248	0.00449605
21249	0.00449901
21250	0.0045
21251	0.00449901
21252	0.00449605
21253	0.00449112
21254	0.00448423
21255	0.00447538
21256	0.00446457
21257	0.00445183
21258	0.00443717
21259	0.00442059
21260	0.00440211
21261	0.00438176
21262	0.00435955
21263	0.00433551
21264	0.00430965
21265	0.00428201
21266	0.00425261
21267	0.00422148
21268	0.00418866
21269	0.00415416
21270	0.00411803
21271	0.00408031
21272	0.00404103
21273	0.00400022
21274	0.00395794
21275	0.00391421
21276	0.00386909
21277	0.00382262
21278	0.00377485
21279	0.00372581
21280	0.00367557
21281	0.00362417
21282	0.00357165
21283	0.00351808
21284	0.00346351
21285	0.00340798
21286	0.00335156
21287	0.0032943
21288	0.00323625
21289	0.00317748
21290	0.00311803
21291	0.00305798
21292	0.00299738
21293	0.00293629
21294	0.00287476
21295	0.00281287
21296	0.00275067
21297	0.00268822
21298	0.00262558
21299	0.00256282
21300	0.0025
21301	0.00243718
21302	0.00237442
21303	0.00231178
21304	0.00224933
21305	0.00218713
21306	0.00212524
21307	0.00206371
21308	0.00200262
21309	0.00194202
21310	0.00188197
21311	0.00182252
21312	0.00176375
21313	0.0017057
21314	0.00164844
21315	0.00159202
21316	0.00153649
21317	0.00148192
21318	0.00142835
21319	0.00137583
21320	0.00132443
21321	0.00127419
21322	0.00122515
21323	0.00117738
21324	0.00113091
21325	0.00108579
21326	0.00104206
21327	0.000999778
21328	0.000958974
21329	0.00091969
21330	0.000881966
21331	0.000845839
21332	0.000811344
21333	0.000778516
21334	0.000747387
21335	0.000717987
21336	0.000690346
21337	0.000664491
21338	0.000640447
21339	0.000618238
21340	0.000597887
21341	0.000579413
21342	0.000562834
21343	0.000548166
21344	0.000535425
21345	0.000524623
21346	0.000515771
21347	0.000508876
21348	0.000503947
21349	0.000500987
21350	0.0005
21351	0.000500987
21352	0.000503947
21353	0.000508876
21354	0.000515771
21355	0.000524623
21356	0.000535425
21357	0.000548166
21358	0.000562834
21359	0.000579413
21360	0.000597887
21361	0.000618238
21362	0.000640447
21363	0.000664491
21364	0.000690346
21365	0.000717987
21366	0.000747387
21367	0.000778516
21368	0.000811344
21369	0.000845839
21370	0.000881966
21371	0.00091969
21372	0.000958974
21373	0.000999778
21374	0.00104206
21375	0.00108579
21376	0.00113091
21377	0.00117738
21378	0.00122515
21379	0.00127419
21380	0.00132443
21381	0.00137583
21382	0.00142835
21383	0.00148192
21384	0.00153649
21385	0.00159202
21386	0.00164844
21387	0.0017057
21388	0.00176375
21389	0.00182252
21390	0.00188197
21391	0.00194202
21392	0.00200262
21393	0.00206371
21394	0.00212524
21395	0.00218713
21396	0.00224933
21397	0.00231178
21398	0.00237442
21399	0.00243718
21400	0.0025
21401	0.00256282
21402	0.00262558
21403	0.00268822
21404	0.00275067
21405	0.00281287
21406	0.00287476
21407	0.00293629
21408	0.00299738
21409	0.00305798
21410	0.00311803
21411	0.00317748
21412	0.00323625
21413	0.0032943
21414	0.00335156
21415	0.00340798
21416	0.00346351
21417	0.00351808
21418	0.00357165
21419	0.00362417
21420	0.00367557
21421	0.00372581
21422	0.00377485
21423	0.00382262
21424	0.00386909
21425	0.00391421
21426	0.00395794
21427	0.00400022
21428	0.00404103
21429	0.00408031
21430	0.00411803
21431	0.00415416
21432	0.00418866
21433	0.00422148
21434	0.00425261
21435	0.00428201
21436	0.00430965
21437	0.00433551
21438	0.00435955
21439	0.00438176
21440	0.00440211
21441	0.00442059
21442	0.00443717
21443	0.00445183
21444	0.00446457
21445	0.00447538
21446	0.00448423
21447	0.00449112
21448	0.00449605
21449	0.00449901
21450	0.0045
21451	0.00449901
21452	0.00449605
21453	0.00449112
21454	0.00448423
21455	0.00447538
21456	0.00446457
21457	0.00445183
21458	0.00443717
21459	0.00442059
21460	0.00440211
21461	0.00438176
21462	0.00435955
21463	0.00433551
21464	0.00430965
21465	0.00428201
21466	0.00425261
21467	0.00422148
21468	0.00418866
21469	0.00415416
21470	0.00411803
21471	0.00408031
21472	0.00404103
21473	0.00400022
21474	0.00395794
21475	0.00391421
21476	0.00386909
21477	0.00382262
21478	0.00377485
21479	0.00372581
21480	0.00367557
21481	0.00362417
21482	0.00357165
21483	0.00351808
21484	0.00346351
21485	0.00340798
21486	0.00335156
21487	0.0032943
21488	0.00323625
21489	0.00317748
21490	0.00311803
21491	0.00305798
21492	0.00299738
21493	0.00293629
21494	0.00287476
21495	0.00281287
21496	0.00275067
21497	0.00268822
21498	0.00262558
21499	0.00256282
21500	0.0025
21501	0.00243718
21502	0.00237442
21503	0.00231178
21504	0.00224933
21505	0.00218713
21506	0.00212524
21507	0.00206371
21508	0.00200262
21509	0.00194202
21510	0.00188197
21511	0.00182252
21512	0.00176375
21513	0.0017057
21514	0.00164844
21515	0.00159202
21516	0.00153649
21517	0.00148192
21518	0.00142835
21519	0.00137583
21520	0.00132443
21521	0.00127419
21522	0.00122515
21523	0.00117738
21524	0.00113091
21525	0.00108579
21526	0.00104206
21527	0.000999778
21528	0.000958974
21529	0.00091969
21530	0.000881966
21531	0.000845839
21532	0.000811344
21533	0.000778516
21534	0.000747387
21535	0.000717987
21536	0.000690346
21537	0.000664491
21538	0.000640447
21539	0.000618238
21540	0.000597887
21541	0.000579413
21542	0.000562834
21543	0.000548166
21544	0.000535425
21545	0.000524623
21546	0.000515771
21547	0.000508876
21548	0.000503947
21549	0.000500987
21550	0.0005
21551	0.000500987
21552	0.000503947
21553	0.000508876
21554	0.000515771
21555	0.000524623
21556	0.000535425
21557	0.000548166
21558	0.000562834
21559	0.000579413
21560	0.000597887
21561	0.000618238
21562	0.000640447
21563	0.000664491
21564	0.000690346
21565	0.000717987
21566	0.000747387
21567	0.000778516
21568	0.000811344
21569	0.000845839
21570	0.000881966
21571	0.00091969
21572	0.000958974
21573	0.000999778
21574	0.00104206
21575	0.00108579
21576	0.00113091
21577	0.00117738
21578	0.00122515
21579	0.00127419
21580	0.00132443
21581	0.00137583
21582	0.00142835
21583	0.00148192
21584	0.00153649
21585	0.00159202
21586	0.00164844
21587	0.0017057
21588	0.00176375
21589	0.00182252
21590	0.00188197
21591	0.00194202
21592	0.00200262
21593	0.00206371
21594	0.00212524
21595	0.00218713
21596	0.00224933
21597	0.00231178
21598	0.00237442
21599	0.00243718
21600	0.0025
21601	0.00256282
21602	0.00262558
21603	0.00268822
21604	0.00275067
21605	0.00281287
21606	0.00287476
21607	0.00293629
21608	0.00299738
21609	0.00305798
21610	0.00311803
21611	0.00317748
21612	0.00323625
21613	0.0032943
21614	0.00335156
21615	0.00340798
21616	0.00346351
21617	0.00351808
21618	0.00357165
21619	0.00362417
21620	0.00367557
21621	0.00372581
21622	0.00377485
21623	0.00382262
21624	0.00386909
21625	0.00391421
21626	0.00395794
21627	0.00400022
21628	0.00404103
21629	0.00408031
21630	0.00411803
21631	0.00415416
21632	0.00418866
21633	0.00422148
21634	0.00425261
21635	0.00428201
21636	0.00430965
21637	0.00433551
21638	0.00435955
21639	0.00438176
21640	0.00440211
21641	0.00442059
21642	0.00443717
21643	0.00445183
21644	0.00446457
21645	0.00447538
21646	0.00448423
21647	0.00449112
21648	0.00449605
21649	0.00449901
21650	0.0045
21651	0.00449901
21652	0.00449605
21653	0.00449112
21654	0.00448423
21655	0.00447538
21656	0.00446457
21657	0.00445183
21658	0.00443717
21659	0.00442059
21660	0.00440211
21661	0.00438176
21662	0.00435955
21663	0.00433551
21664	0.00430965
21665	0.00428201
21666	0.00425261
21667	0.00422148
21668	0.00418866
21669	0.00415416
21670	0.00411803
21671	0.00408031
21672	0.00404103
21673	0.00400022
21674	0.00395794
21675	0.00391421
21676	0.00386909
21677	0.00382262
21678	0.00377485
21679	0.00372581
21680	0.00367557
21681	0.00362417
21682	0.00357165
21683	0.00351808
21684	0.00346351
21685	0.00340798
21686	0.00335156
21687	0.0032943
21688	0.00323625
21689	0.00317748
21690	0.00311803
21691	0.00305798
21692	0.00299738
21693	0.00293629
21694	0.00287476
21695	0.00281287
21696	0.00275067
21697	0.00268822
21698	0.00262558
21699	0.00256282
21700	0.0025
21701	0.00243718
21702	0.00237442
21703	0.00231178
21704	0.00224933
21705	0.00218713
21706	0.00212524
21707	0.00206371
21708	0.00200262
21709	0.00194202
21710	0.00188197
21711	0.00182252
21712	0.00176375
21713	0.0017057
21714	0.00164844
21715	0.00159202
21716	0.00153649
21717	0.00148192
21718	0.00142835
21719	0.00137583
21720	0.00132443
21721	0.00127419
21722	0.00122515
21723	0.00117738
21724	0.00113091
21725	0.00108579
21726	0.00104206
21727	0.000999778
21728	0.000958974
21729	0.00091969
21730	0.000881966
21731	0.000845839
21732	0.000811344
21733	0.000778516
21734	0.000747387
21735	0.000717987
21736	0.000690346
21737	0.000664491
21738	0.000640447
21739	0.000618238
21740	0.000597887
21741	0.000579413
21742	0.000562834
21743	0.000548166
21744	0.000535425
21745	0.000524623
21746	0.000515771
21747	0.000508876
21748	0.000503947
21749	0.000500987
21750	0.0005
21751	0.000500987
21752	0.000503947
21753	0.000508876
21754	0.000515771
21755	0.000524623
21756	0.000535425
21757	0.000548166
21758	0.000562834
21759	0.000579413
21760	0.000597887
21761	0.000618238
21762	0.000640447
21763	0.000664491
21764	0.000690346
21765	0.000717987
21766	0.000747387
21767	0.000778516
21768	0.000811344
21769	0.000845839
21770	0.000881966
21771	0.00091969
21772	0.000958974
21773	0.000999778
21774	0.00104206
21775	0.00108579
21776	0.00113091
21777	0.00117738
21778	0.00122515
21779	0.00127419
21780	0.00132443
21781	0.00137583
21782	0.00142835
21783	0.00148192
21784	0.00153649
21785	0.00159202
21786	0.00164844
21787	0.0017057
21788	0.00176375
21789	0.00182252
21790	0.00188197
21791	0.00194202
21792	0.00200262
21793	0.00206371
21794	0.00212524
21795	0.00218713
21796	0.00224933
21797	0.00231178
21798	0.00237442
21799	0.00243718
21800	0.0025
21801	0.00256282
21802	0.00262558
21803	0.00268822
21804	0.00275067
21805	0.00281287
21806	0.00287476
21807	0.00293629
21808	0.00299738
21809	0.00305798
21810	0.00311803
21811	0.00317748
21812	0.00323625
21813	0.0032943
21814	0.00335156
21815	0.00340798
21816	0.00346351
21817	0.00351808
21818	0.00357165
21819	0.00362417
21820	0.00367557
21821	0.00372581
21822	0.00377485
21823	0.00382262
21824	0.00386909
21825	0.00391421
21826	0.00395794
21827	0.00400022
21828	0.00404103
21829	0.00408031
21830	0.00411803
21831	0.00415416
21832	0.00418866
21833	0.00422148
21834	0.00425261
21835	0.00428201
21836	0.00430965
21837	0.00433551
21838	0.00435955
21839	0.00438176
21840	0.00440211
21841	0.00442059
21842	0.00443717
21843	0.00445183
21844	0.00446457
21845	0.00447538
21846	0.00448423
21847	0.00449112
21848	0.00449605
21849	0.00449901
21850	0.0045
21851	0.00449901
21852	0.00449605
21853	0.00449112
21854	0.00448423
21855	0.00447538
21856	0.00446457
21857	0.00445183
21858	0.00443717
21859	0.00442059
21860	0.00440211
21861	0.00438176
21862	0.00435955
21863	0.00433551
21864	0.00430965
21865	0.00428201
21866	0.00425261
21867	0.00422148
21868	0.00418866
21869	0.00415416
21870	0.00411803
21871	0.00408031
21872	0.00404103
21873	0.00400022
21874	0.00395794
21875	0.00391421
21876	0.00386909
21877	0.00382262
21878	0.00377485
21879	0.00372581
21880	0.00367557
21881	0.00362417
21882	0.00357165
21883	0.00351808
21884	0.00346351
21885	0.00340798
21886	0.00335156
21887	0.0032943
21888	0.00323625
21889	0.00317748
21890	0.00311803
21891	0.00305798
21892	0.00299738
21893	0.00293629
21894	0.00287476
21895	0.00281287
21896	0.00275067
21897	0.00268822
21898	0.00262558
21899	0.00256282
21900	0.0025
21901	0.00243718
21902	0.00237442
21903	0.00231178
21904	0.00224933
21905	0.00218713
21906	0.00212524
21907	0.00206371
21908	0.00200262
21909	0.00194202
21910	0.00188197
21911	0.00182252
21912	0.00176375
21913	0.0017057
21914	0.00164844
21915	0.00159202
21916	0.00153649
21917	0.00148192
21918	0.00142835
21919	0.00137583
21920	0.00132443
21921	0.00127419
21922	0.00122515
21923	0.00117738
21924	0.00113091
21925	0.00108579
21926	0.00104206
21927	0.000999778
21928	0.000958974
21929	0.00091969
21930	0.000881966
21931	0.000845839
21932	0.000811344
21933	0.000778516
21934	0.000747387
21935	0.000717987
21936	0.000690346
21937	0.000664491
21938	0.000640447
21939	0.000618238
21940	0.000597887
21941	0.000579413
21942	0.000562834
21943	0.000548166
21944	0.000535425
21945	0.000524623
21946	0.000515771
21947	0.000508876
21948	0.000503947
21949	0.000500987
21950	0.0005
21951	0.000500987
21952	0.000503947
21953	0.000508876
21954	0.000515771
21955	0.000524623
21956	0.000535425
21957	0.000548166
21958	0.000562834
21959	0.000579413
21960	0.000597887
21961	0.000618238
21962	0.000640447
21963	0.000664491
21964	0.000690346
21965	0.000717987
21966	0.000747387
21967	0.000778516
21968	0.000811344
21969	0.000845839
21970	0.000881966
21971	0.00091969
21972	0.000958974
21973	0.000999778
21974	0.00104206
21975	0.00108579
21976	0.00113091
21977	0.00117738
21978	0.00122515
21979	0.00127419
21980	0.00132443
21981	0.00137583
21982	0.00142835
21983	0.00148192
21984	0.00153649
21985	0.00159202
21986	0.00164844
21987	0.0017057
21988	0.00176375
21989	0.00182252
21990	0.00188197
21991	0.00194202
21992	0.00200262
21993	0.00206371
21994	0.00212524
21995	0.00218713
21996	0.00224933
21997	0.00231178
21998	0.00237442
21999	0.00243718
22000	0.0025
22001	0.00256282
22002	0.00262558
22003	0.00268822
22004	0.00275067
22005	0.00281287
22006	0.00287476
22007	0.00293629
22008	0.00299738
22009	0.00305798
22010	0.00311803
22011	0.00317748
22012	0.00323625
22013	0.0032943
22014	0.00335156
22015	0.00340798
22016	0.00346351
22017	0.00351808
22018	0.00357165
22019	0.00362417
22020	0.00367557
22021	0.00372581
22022	0.00377485
22023	0.00382262
22024	0.00386909
22025	0.00391421
22026	0.00395794
22027	0.00400022
22028	0.00404103
22029	0.00408031
22030	0.00411803
22031	0.00415416
22032	0.00418866
22033	0.00422148
22034	0.00425261
22035	0.00428201
22036	0.00430965
22037	0.00433551
22038	0.00435955
22039	0.00438176
22040	0.00440211
22041	0.00442059
22042	0.00443717
22043	0.00445183
22044	0.00446457
22045	0.00447538
22046	0.00448423
22047	0.00449112
22048	0.00449605
22049	0.00449901
22050	0.0045
22051	0.00449901
22052	0.00449605
22053	0.00449112
22054	0.00448423
22055	0.00447538
22056	0.00446457
22057	0.00445183
22058	0.00443717
22059	0.00442059
22060	0.00440211
22061	0.00438176
22062	0.00435955
22063	0.00433551
22064	0.00430965
22065	0.00428201
22066	0.00425261
22067	0.00422148
22068	0.00418866
22069	0.00415416
22070	0.00411803
22071	0.00408031
22072	0.00404103
22073	0.00400022
22074	0.00395794
22075	0.00391421
22076	0.00386909
22077	0.00382262
22078	0.00377485
22079	0.00372581
22080	0.00367557
22081	0.00362417
22082	0.00357165
22083	0.00351808
22084	0.00346351
22085	0.00340798
22086	0.00335156
22087	0.0032943
22088	0.00323625
22089	0.00317748
22090	0.00311803
22091	0.00305798
22092	0.00299738
22093	0.00293629
22094	0.00287476
22095	0.00281287
22096	0.00275067
22097	0.00268822
22098	0.00262558
22099	0.00256282
22100	0.0025
22101	0.00243718
22102	0.00237442
22103	0.00231178
22104	0.00224933
22105	0.00218713
22106	0.00212524
22107	0.00206371
22108	0.00200262
22109	0.00194202
22110	0.00188197
22111	0.00182252
22112	0.00176375
22113	0.0017057
22114	0.00164844
22115	0.00159202
22116	0.00153649
22117	0.00148192
22118	0.00142835
22119	0.00137583
22120	0.00132443
22121	0.00127419
22122	0.00122515
22123	0.00117738
22124	0.00113091
22125	0.00108579
22126	0.00104206
22127	0.000999778
22128	0.000958974
22129	0.00091969
22130	0.000881966
22131	0.000845839
22132	0.000811344
22133	0.000778516
22134	0.000747387
22135	0.000717987
22136	0.000690346
22137	0.000664491
22138	0.000640447
22139	0.000618238
22140	0.000597887
22141	0.000579413
22142	0.000562834
22143	0.000548166
22144	0.000535425
22145	0.000524623
22146	0.000515771
22147	0.000508876
22148	0.000503947
22149	0.000500987
22150	0.0005
22151	0.000500987
22152	0.000503947
22153	0.000508876
22154	0.000515771
22155	0.000524623
22156	0.000535425
22157	0.000548166
22158	0.000562834
22159	0.000579413
22160	0.000597887
22161	0.000618238
22162	0.000640447
22163	0.000664491
22164	0.000690346
22165	0.000717987
22166	0.000747387
22167	0.000778516
22168	0.000811344
22169	0.000845839
22170	0.000881966
22171	0.00091969
22172	0.000958974
22173	0.000999778
22174	0.00104206
22175	0.00108579
22176	0.00113091
22177	0.00117738
22178	0.00122515
22179	0.00127419
22180	0.00132443
22181	0.00137583
22182	0.00142835
22183	0.00148192
22184	0.00153649
22185	0.00159202
22186	0.00164844
22187	0.0017057
22188	0.00176375
22189	0.00182252
22190	0.00188197
22191	0.00194202
22192	0.00200262
22193	0.00206371
22194	0.00212524
22195	0.00218713
22196	0.00224933
22197	0.00231178
22198	0.00237442
22199	0.00243718
22200	0.0025
22201	0.00256282
22202	0.00262558
22203	0.00268822
22204	0.00275067
22205	0.00281287
22206	0.00287476
22207	0.00293629
22208	0.00299738
22209	0.00305798
22210	0.00311803
22211	0.00317748
22212	0.00323625
22213	0.0032943
22214	0.00335156
22215	0.00340798
22216	0.00346351
22217	0.00351808
22218	0.00357165
22219	0.00362417
22220	0.00367557
22221	0.00372581
22222	0.00377485
22223	0.00382262
22224	0.00386909
22225	0.00391421
22226	0.00395794
22227	0.00400022
22228	0.00404103
22229	0.00408031
22230	0.00411803
22231	0.00415416
22232	0.00418866
22233	0.00422148
22234	0.00425261
22235	0.00428201
22236	0.00430965
22237	0.00433551
22238	0.00435955
22239	0.00438176
22240	0.00440211
22241	0.00442059
22242	0.00443717
22243	0.00445183
22244	0.00446457
22245	0.00447538
22246	0.00448423
22247	0.00449112
22248	0.00449605
22249	0.00449901
22250	0.0045
22251	0.00449901
22252	0.00449605
22253	0.00449112
22254	0.00448423
22255	0.00447538
22256	0.00446457
22257	0.00445183
22258	0.00443717
22259	0.00442059
22260	0.00440211
22261	0.00438176
22262	0.00435955
22263	0.00433551
22264	0.00430965
22265	0.00428201
22266	0.00425261
22267	0.00422148
22268	0.00418866
22269	0.00415416
22270	0.00411803
22271	0.00408031
22272	0.00404103
22273	0.00400022
22274	0.00395794
22275	0.00391421
22276	0.00386909
22277	0.00382262
22278	0.00377485
22279	0.00372581
22280	0.00367557
22281	0.00362417
22282	0.00357165
22283	0.00351808
22284	0.00346351
22285	0.00340798
22286	0.00335156
22287	0.0032943
22288	0.00323625
22289	0.00317748
22290	0.00311803
22291	0.00305798
22292	0.00299738
22293	0.00293629
22294	0.00287476
22295	0.00281287
22296	0.00275067
22297	0.00268822
22298	0.00262558
22299	0.00256282
22300	0.0025
22301	0.00243718
22302	0.00237442
22303	0.00231178
22304	0.00224933
22305	0.00218713
22306	0.00212524
22307	0.00206371
22308	0.00200262
22309	0.00194202
22310	0.00188197
22311	0.00182252
22312	0.00176375
22313	0.0017057
22314	0.00164844
22315	0.00159202
22316	0.00153649
22317	0.00148192
22318	0.00142835
22319	0.00137583
22320	0.00132443
22321	0.00127419
22322	0.00122515
22323	0.00117738
22324	0.00113091
22325	0.00108579
22326	0.00104206
22327	0.000999778
22328	0.000958974
22329	0.00091969
22330	0.000881966
22331	0.000845839
22332	0.000811344
22333	0.000778516
22334	0.000747387
22335	0.000717987
22336	0.000690346
22337	0.000664491
22338	0.000640447
22339	0.000618238
22340	0.000597887
22341	0.000579413
22342	0.000562834
22343	0.000548166
22344	0.000535425
22345	0.000524623
22346	0.000515771
22347	0.000508876
22348	0.000503947
22349	0.000500987
22350	0.0005
22351	0.000500987
22352	0.000503947
22353	0.000508876
22354	0.000515771
22355	0.000524623
22356	0.000535425
22357	0.000548166
22358	0.000562834
22359	0.000579413
22360	0.000597887
22361	0.000618238
22362	0.000640447
22363	0.000664491
22364	0.000690346
22365	0.000717987
22366	0.000747387
22367	0.000778516
22368	0.000811344
22369	0.000845839
22370	0.000881966
22371	0.00091969
22372	0.000958974
22373	0.000999778
22374	0.00104206
22375	0.00108579
22376	0.00113091
22377	0.00117738
22378	0.00122515
22379	0.00127419
22380	0.00132443
22381	0.00137583
22382	0.00142835
22383	0.00148192
22384	0.00153649
22385	0.00159202
22386	0.00164844
22387	0.0017057
22388	0.00176375
22389	0.00182252
22390	0.00188197
22391	0.00194202
22392	0.00200262
22393	0.00206371
22394	0.00212524
22395	0.00218713
22396	0.00224933
22397	0.00231178
22398	0.00237442
22399	0.00243718
22400	0.0025
22401	0.00256282
22402	0.00262558
22403	0.00268822
22404	0.00275067
22405	0.00281287
22406	0.00287476
22407	0.00293629
22408	0.00299738
22409	0.00305798
22410	0.00311803
22411	0.00317748
22412	0.00323625
22413	0.0032943
22414	0.00335156
22415	0.00340798
22416	0.00346351
22417	0.00351808
22418	0.00357165
22419	0.00362417
22420	0.00367557
22421	0.00372581
22422	0.00377485
22423	0.00382262
22424	0.00386909
22425	0.00391421
22426	0.00395794
22427	0.00400022
22428	0.00404103
22429	0.00408031
22430	0.00411803
22431	0.00415416
22432	0.00418866
22433	0.00422148
22434	0.00425261
22435	0.00428201
22436	0.00430965
22437	0.00433551
22438	0.00435955
22439	0.00438176
22440	0.00440211
22441	0.00442059
22442	0.00443717
22443	0.00445183
22444	0.00446457
22445	0.00447538
22446	0.00448423
22447	0.00449112
22448	0.00449605
22449	0.00449901
22450	0.0045
22451	0.00449901
22452	0.00449605
22453	0.00449112
22454	0.00448423
22455	0.00447538
22456	0.00446457
22457	0.00445183
22458	0.00443717
22459	0.00442059
22460	0.00440211
22461	0.00438176
22462	0.00435955
22463	0.00433551
22464	0.00430965
22465	0.00428201
22466	0.00425261
22467	0.00422148
22468	0.00418866
22469	0.00415416
22470	0.00411803
22471	0.00408031
22472	0.00404103
22473	0.00400022
22474	0.00395794
22475	0.00391421
22476	0.00386909
22477	0.00382262
22478	0.00377485
22479	0.00372581
22480	0.00367557
22481	0.00362417
22482	0.00357165
22483	0.00351808
22484	0.00346351
22485	0.00340798
22486	0.00335156
22487	0.0032943
22488	0.00323625
22489	0.00317748
22490	0.00311803
22491	0.00305798
22492	0.00299738
22493	0.00293629
22494	0.00287476
22495	0.00281287
22496	0.00275067
22497	0.00268822
22498	0.00262558
22499	0.00256282
22500	0.0025
22501	0.00243718
22502	0.00237442
22503	0.00231178
22504	0.00224933
22505	0.00218713
22506	0.00212524
22507	0.00206371
22508	0.00200262
22509	0.00194202
22510	0.00188197
22511	0.00182252
22512	0.00176375
22513	0.0017057
22514	0.00164844
22515	0.00159202
22516	0.00153649
22517	0.00148192
22518	0.00142835
22519	0.00137583
22520	0.00132443
22521	0.00127419
22522	0.00122515
22523	0.00117738
22524	0.00113091
22525	0.00108579
22526	0.00104206
22527	0.000999778
22528	0.000958974
22529	0.00091969
22530	0.000881966
22531	0.000845839
22532	0.000811344
22533	0.000778516
22534	0.000747387
22535	0.000717987
22536	0.000690346
22537	0.000664491
22538	0.000640447
22539	0.000618238
22540	0.000597887
22541	0.000579413
22542	0.000562834
22543	0.000548166
22544	0.000535425
22545	0.000524623
22546	0.000515771
22547	0.000508876
22548	0.000503947
22549	0.000500987
22550	0.0005
22551	0.000500987
22552	0.000503947
22553	0.000508876
22554	0.000515771
22555	0.000524623
22556	0.000535425
22557	0.000548166
22558	0.000562834
22559	0.000579413
22560	0.000597887
22561	0.000618238
22562	0.000640447
22563	0.000664491
22564	0.000690346
22565	0.000717987
22566	0.000747387
22567	0.000778516
22568	0.000811344
22569	0.000845839
22570	0.000881966
22571	0.00091969
22572	0.000958974
22573	0.000999778
22574	0.00104206
22575	0.00108579
22576	0.00113091
22577	0.00117738
22578	0.00122515
22579	0.00127419
22580	0.00132443
22581	0.00137583
22582	0.00142835
22583	0.00148192
22584	0.00153649
22585	0.00159202
22586	0.00164844
22587	0.0017057
22588	0.00176375
22589	0.00182252
22590	0.00188197
22591	0.00194202
22592	0.00200262
22593	0.00206371
22594	0.00212524
22595	0.00218713
22596	0.00224933
22597	0.00231178
22598	0.00237442
22599	0.00243718
22600	0.0025
22601	0.00256282
22602	0.00262558
22603	0.00268822
22604	0.00275067
22605	0.00281287
22606	0.00287476
22607	0.00293629
22608	0.00299738
22609	0.00305798
22610	0.00311803
22611	0.00317748
22612	0.00323625
22613	0.0032943
22614	0.00335156
22615	0.00340798
22616	0.00346351
22617	0.00351808
22618	0.00357165
22619	0.00362417
22620	0.00367557
22621	0.00372581
22622	0.00377485
22623	0.00382262
22624	0.00386909
22625	0.00391421
22626	0.00395794
22627	0.00400022
22628	0.00404103
22629	0.00408031
22630	0.00411803
22631	0.00415416
22632	0.00418866
22633	0.00422148
22634	0.00425261
22635	0.00428201
22636	0.00430965
22637	0.00433551
22638	0.00435955
22639	0.00438176
22640	0.00440211
22641	0.00442059
22642	0.00443717
22643	0.00445183
22644	0.00446457
22645	0.00447538
22646	0.00448423
22647	0.00449112
22648	0.00449605
22649	0.00449901
22650	0.0045
22651	0.00449901
22652	0.00449605
22653	0.00449112
22654	0.00448423
22655	0.00447538
22656	0.00446457
22657	0.00445183
22658	0.00443717
22659	0.00442059
22660	0.00440211
22661	0.00438176
22662	0.00435955
22663	0.00433551
22664	0.00430965
22665	0.00428201
22666	0.00425261
22667	0.00422148
22668	0.00418866
22669	0.00415416
22670	0.00411803
22671	0.00408031
22672	0.00404103
22673	0.00400022
22674	0.00395794
22675	0.00391421
22676	0.00386909
22677	0.00382262
22678	0.00377485
22679	0.00372581
22680	0.00367557
22681	0.00362417
22682	0.00357165
22683	0.00351808
22684	0.00346351
22685	0.00340798
22686	0.00335156
22687	0.0032943
22688	0.00323625
22689	0.00317748
22690	0.00311803
22691	0.00305798
22692	0.00299738
22693	0.00293629
22694	0.00287476
22695	0.00281287
22696	0.00275067
22697	0.00268822
22698	0.00262558
22699	0.00256282
22700	0.0025
22701	0.00243718
22702	0.00237442
22703	0.00231178
22704	0.00224933
22705	0.00218713
22706	0.00212524
22707	0.00206371
22708	0.00200262
22709	0.00194202
22710	0.00188197
22711	0.00182252
22712	0.00176375
22713	0.0017057
22714	0.00164844
22715	0.00159202
22716	0.00153649
22717	0.00148192
22718	0.00142835
22719	0.00137583
22720	0.00132443
22721	0.00127419
22722	0.00122515
22723	0.00117738
22724	0.00113091
22725	0.00108579
22726	0.00104206
22727	0.000999778
22728	0.000958974
22729	0.00091969
22730	0.000881966
22731	0.000845839
22732	0.000811344
22733	0.000778516
22734	0.000747387
22735	0.000717987
22736	0.000690346
22737	0.000664491
22738	0.000640447
22739	0.000618238
22740	0.000597887
22741	0.000579413
22742	0.000562834
22743	0.000548166
22744	0.000535425
22745	0.000524623
22746	0.000515771
22747	0.000508876
22748	0.000503947
22749	0.000500987
22750	0.0005
22751	0.000500987
22752	0.000503947
22753	0.000508876
22754	0.000515771
22755	0.000524623
22756	0.000535425
22757	0.000548166
22758	0.000562834
22759	0.000579413
22760	0.000597887
22761	0.000618238
22762	0.000640447
22763	0.000664491
22764	0.000690346
22765	0.000717987
22766	0.000747387
22767	0.000778516
22768	0.000811344
22769	0.000845839
22770	0.000881966
22771	0.00091969
22772	0.000958974
22773	0.000999778
22774	0.00104206
22775	0.00108579
22776	0.00113091
22777	0.00117738
22778	0.00122515
22779	0.00127419
22780	0.00132443
22781	0.00137583
22782	0.00142835
22783	0.00148192
22784	0.00153649
22785	0.00159202
22786	0.00164844
22787	0.0017057
22788	0.00176375
22789	0.00182252
22790	0.00188197
22791	0.00194202
22792	0.00200262
22793	0.00206371
22794	0.00212524
22795	0.00218713
22796	0.00224933
22797	0.00231178
22798	0.00237442
22799	0.00243718
22800	0.0025
22801	0.00256282
22802	0.00262558
22803	0.00268822
22804	0.00275067
22805	0.00281287
22806	0.00287476
22807	0.00293629
22808	0.00299738
22809	0.00305798
22810	0.00311803
22811	0.00317748
22812	0.00323625
22813	0.0032943
22814	0.00335156
22815	0.00340798
22816	0.00346351
22817	0.00351808
22818	0.00357165
22819	0.00362417
22820	0.00367557
22821	0.00372581
22822	0.00377485
22823	0.00382262
22824	0.00386909
22825	0.00391421
22826	0.00395794
22827	0.00400022
22828	0.00404103
22829	0.00408031
22830	0.00411803
22831	0.00415416
22832	0.00418866
22833	0.00422148
22834	0.00425261
22835	0.00428201
22836	0.00430965
22837	0.00433551
22838	0.00435955
22839	0.00438176
22840	0.00440211
22841	0.00442059
22842	0.00443717
22843	0.00445183
22844	0.00446457
22845	0.00447538
22846	0.00448423
22847	0.00449112
22848	0.00449605
22849	0.00449901
22850	0.0045
22851	0.00449901
22852	0.00449605
22853	0.00449112
22854	0.00448423
22855	0.00447538
22856	0.00446457
22857	0.00445183
22858	0.00443717
22859	0.00442059
22860	0.00440211
22861	0.00438176
22862	0.00435955
22863	0.00433551
22864	0.00430965
22865	0.00428201
22866	0.00425261
22867	0.00422148
22868	0.00418866
22869	0.00415416
22870	0.00411803
22871	0.00408031
22872	0.00404103
22873	0.00400022
22874	0.00395794
22875	0.00391421
22876	0.00386909
22877	0.00382262
22878	0.00377485
22879	0.00372581
22880	0.00367557
22881	0.00362417
22882	0.00357165
22883	0.00351808
22884	0.00346351
22885	0.00340798
22886	0.00335156
22887	0.0032943
22888	0.00323625
22889	0.00317748
22890	0.00311803
22891	0.00305798
22892	0.00299738
22893	0.00293629
22894	0.00287476
22895	0.00281287
22896	0.00275067
22897	0.00268822
22898	0.00262558
22899	0.00256282
22900	0.0025
22901	0.00243718
22902	0.00237442
22903	0.00231178
22904	0.00224933
22905	0.00218713
22906	0.00212524
22907	0.00206371
22908	0.00200262
22909	0.00194202
22910	0.00188197
22911	0.00182252
22912	0.00176375
22913	0.0017057
22914	0.00164844
22915	0.00159202
22916	0.00153649
22917	0.00148192
22918	0.00142835
22919	0.00137583
22920	0.00132443
22921	0.00127419
22922	0.00122515
22923	0.00117738
22924	0.00113091
22925	0.00108579
22926	0.00104206
22927	0.000999778
22928	0.000958974
22929	0.00091969
22930	0.000881966
22931	0.000845839
22932	0.000811344
22933	0.000778516
22934	0.000747387
22935	0.000717987
22936	0.000690346
22937	0.000664491
22938	0.000640447
22939	0.000618238
22940	0.000597887
22941	0.000579413
22942	0.000562834
22943	0.000548166
22944	0.000535425
22945	0.000524623
22946	0.000515771
22947	0.000508876
22948	0.000503947
22949	0.000500987
22950	0.0005
22951	0.000500987
22952	0.000503947
22953	0.000508876
22954	0.000515771
22955	0.000524623
22956	0.000535425
22957	0.000548166
22958	0.000562834
22959	0.000579413
22960	0.000597887
22961	0.000618238
22962	0.000640447
22963	0.000664491
22964	0.000690346
22965	0.000717987
22966	0.000747387
22967	0.000778516
22968	0.000811344
22969	0.000845839
22970	0.000881966
22971	0.00091969
22972	0.000958974
22973	0.000999778
22974	0.00104206
22975	0.00108579
22976	0.00113091
22977	0.00117738
22978	0.00122515
22979	0.00127419
22980	0.00132443
22981	0.00137583
22982	0.00142835
22983	0.00148192
22984	0.00153649
22985	0.00159202
22986	0.00164844
22987	0.0017057
22988	0.00176375
22989	0.00182252
22990	0.00188197
22991	0.00194202
22992	0.00200262
22993	0.00206371
22994	0.00212524
22995	0.00218713
22996	0.00224933
22997	0.00231178
22998	0.00237442
22999	0.00243718
23000	0.0025
23001	0.00256282
23002	0.00262558
23003	0.00268822
23004	0.00275067
23005	0.00281287
23006	0.00287476
23007	0.00293629
23008	0.00299738
23009	0.00305798
23010	0.00311803
23011	0.00317748
23012	0.00323625
23013	0.0032943
23014	0.00335156
23015	0.00340798
23016	0.00346351
23017	0.00351808
23018	0.00357165
23019	0.00362417
23020	0.00367557
23021	0.00372581
23022	0.00377485
23023	0.00382262
23024	0.00386909
23025	0.00391421
23026	0.00395794
23027	0.00400022
23028	0.00404103
23029	0.00408031
23030	0.00411803
23031	0.00415416
23032	0.00418866
23033	0.00422148
23034	0.00425261
23035	0.00428201
23036	0.00430965
23037	0.00433551
23038	0.00435955
23039	0.00438176
23040	0.00440211
23041	0.00442059
23042	0.00443717
23043	0.00445183
23044	0.00446457
23045	0.00447538
23046	0.00448423
23047	0.00449112
23048	0.00449605
23049	0.00449901
23050	0.0045
23051	0.00449901
23052	0.00449605
23053	0.00449112
23054	0.00448423
23055	0.00447538
23056	0.00446457
23057	0.00445183
23058	0.00443717
23059	0.00442059
23060	0.00440211
23061	0.00438176
23062	0.00435955
23063	0.00433551
23064	0.00430965
23065	0.00428201
23066	0.00425261
23067	0.00422148
23068	0.00418866
23069	0.00415416
23070	0.00411803
23071	0.00408031
23072	0.00404103
23073	0.00400022
23074	0.00395794
23075	0.00391421
23076	0.00386909
23077	0.00382262
23078	0.00377485
23079	0.00372581
23080	0.00367557
23081	0.00362417
23082	0.00357165
23083	0.00351808
23084	0.00346351
23085	0.00340798
23086	0.00335156
23087	0.0032943
23088	0.00323625
23089	0.00317748
23090	0.00311803
23091	0.00305798
23092	0.00299738
23093	0.00293629
23094	0.00287476
23095	0.00281287
23096	0.00275067
23097	0.00268822
23098	0.00262558
23099	0.00256282
23100	0.0025
23101	0.00243718
23102	0.00237442
23103	0.00231178
23104	0.00224933
23105	0.00218713
23106	0.00212524
23107	0.00206371
23108	0.00200262
23109	0.00194202
23110	0.00188197
23111	0.00182252
23112	0.00176375
23113	0.0017057
23114	0.00164844
23115	0.00159202
23116	0.00153649
23117	0.00148192
23118	0.00142835
23119	0.00137583
23120	0.00132443
23121	0.00127419
23122	0.00122515
23123	0.00117738
23124	0.00113091
23125	0.00108579
23126	0.00104206
23127	0.000999778
23128	0.000958974
23129	0.00091969
23130	0.000881966
23131	0.000845839
23132	0.000811344
23133	0.000778516
23134	0.000747387
23135	0.000717987
23136	0.000690346
23137	0.000664491
23138	0.000640447
23139	0.000618238
23140	0.000597887
23141	0.000579413
23142	0.000562834
23143	0.000548166
23144	0.000535425
23145	0.000524623
23146	0.000515771
23147	0.000508876
23148	0.000503947
23149	0.000500987
23150	0.0005
23151	0.000500987
23152	0.000503947
23153	0.000508876
23154	0.000515771
23155	0.000524623
23156	0.000535425
23157	0.000548166
23158	0.000562834
23159	0.000579413
23160	0.000597887
23161	0.000618238
23162	0.000640447
23163	0.000664491
23164	0.000690346
23165	0.000717987
23166	0.000747387
23167	0.000778516
23168	0.000811344
23169	0.000845839
23170	0.000881966
23171	0.00091969
23172	0.000958974
23173	0.000999778
23174	0.00104206
23175	0.00108579
23176	0.00113091
23177	0.00117738
23178	0.00122515
23179	0.00127419
23180	0.00132443
23181	0.00137583
23182	0.00142835
23183	0.00148192
23184	0.00153649
23185	0.00159202
23186	0.00164844
23187	0.0017057
23188	0.00176375
23189	0.00182252
23190	0.00188197
23191	0.00194202
23192	0.00200262
23193	0.00206371
23194	0.00212524
23195	0.00218713
23196	0.00224933
23197	0.00231178
23198	0.00237442
23199	0.00243718
23200	0.0025
23201	0.00256282
23202	0.00262558
23203	0.00268822
23204	0.00275067
23205	0.00281287
23206	0.00287476
23207	0.00293629
23208	0.00299738
23209	0.00305798
23210	0.00311803
23211	0.00317748
23212	0.00323625
23213	0.0032943
23214	0.00335156
23215	0.00340798
23216	0.00346351
23217	0.00351808
23218	0.00357165
23219	0.00362417
23220	0.00367557
23221	0.00372581
23222	0.00377485
23223	0.00382262
23224	0.00386909
23225	0.00391421
23226	0.00395794
23227	0.00400022
23228	0.00404103
23229	0.00408031
23230	0.00411803
23231	0.00415416
23232	0.00418866
23233	0.00422148
23234	0.00425261
23235	0.00428201
23236	0.00430965
23237	0.00433551
23238	0.00435955
23239	0.00438176
23240	0.00440211
23241	0.00442059
23242	0.00443717
23243	0.00445183
23244	0.00446457
23245	0.00447538
23246	0.00448423
23247	0.00449112
23248	0.00449605
23249	0.00449901
23250	0.0045
23251	0.00449901
23252	0.00449605
23253	0.00449112
23254	0.00448423
23255	0.00447538
23256	0.00446457
23257	0.00445183
23258	0.00443717
23259	0.00442059
23260	0.00440211
23261	0.00438176
23262	0.00435955
23263	0.00433551
23264	0.00430965
23265	0.00428201
23266	0.00425261
23267	0.00422148
23268	0.00418866
23269	0.00415416
23270	0.00411803
23271	0.00408031
23272	0.00404103
23273	0.00400022
23274	0.00395794
23275	0.00391421
23276	0.00386909
23277	0.00382262
23278	0.00377485
23279	0.00372581
23280	0.00367557
23281	0.00362417
23282	0.00357165
23283	0.00351808
23284	0.00346351
23285	0.00340798
23286	0.00335156
23287	0.0032943
23288	0.00323625
23289	0.00317748
23290	0.00311803
23291	0.00305798
23292	0.00299738
23293	0.00293629
23294	0.00287476
23295	0.00281287
23296	0.00275067
23297	0.00268822
23298	0.00262558
23299	0.00256282
23300	0.0025
23301	0.00243718
23302	0.00237442
23303	0.00231178
23304	0.00224933
23305	0.00218713
23306	0.00212524
23307	0.00206371
23308	0.00200262
23309	0.00194202
23310	0.00188197
23311	0.00182252
23312	0.00176375
23313	0.0017057
23314	0.00164844
23315	0.00159202
23316	0.00153649
23317	0.00148192
23318	0.00142835
23319	0.00137583
23320	0.00132443
23321	0.00127419
23322	0.00122515
23323	0.00117738
23324	0.00113091
23325	0.00108579
23326	0.00104206
23327	0.000999778
23328	0.000958974
23329	0.00091969
23330	0.000881966
23331	0.000845839
23332	0.000811344
23333	0.000778516
23334	0.000747387
23335	0.000717987
23336	0.000690346
23337	0.000664491
23338	0.000640447
23339	0.000618238
23340	0.000597887
23341	0.000579413
23342	0.000562834
23343	0.000548166
23344	0.000535425
23345	0.000524623
23346	0.000515771
23347	0.000508876
23348	0.000503947
23349	0.000500987
23350	0.0005
23351	0.000500987
23352	0.000503947
23353	0.000508876
23354	0.000515771
23355	0.000524623
23356	0.000535425
23357	0.000548166
23358	0.000562834
23359	0.000579413
23360	0.000597887
23361	0.000618238
23362	0.000640447
23363	0.000664491
23364	0.000690346
23365	0.000717987
23366	0.000747387
23367	0.000778516
23368	0.000811344
23369	0.000845839
23370	0.000881966
23371	0.00091969
23372	0.000958974
23373	0.000999778
23374	0.00104206
23375	0.00108579
23376	0.00113091
23377	0.00117738
23378	0.00122515
23379	0.00127419
23380	0.00132443
23381	0.00137583
23382	0.00142835
23383	0.00148192
23384	0.00153649
23385	0.00159202
23386	0.00164844
23387	0.0017057
23388	0.00176375
23389	0.00182252
23390	0.00188197
23391	0.00194202
23392	0.00200262
23393	0.00206371
23394	0.00212524
23395	0.00218713
23396	0.00224933
23397	0.00231178
23398	0.00237442
23399	0.00243718
23400	0.0025
23401	0.00256282
23402	0.00262558
23403	0.00268822
23404	0.00275067
23405	0.00281287
23406	0.00287476
23407	0.00293629
23408	0.00299738
23409	0.00305798
23410	0.00311803
23411	0.00317748
23412	0.00323625
23413	0.0032943
23414	0.00335156
23415	0.00340798
23416	0.00346351
23417	0.00351808
23418	0.00357165
23419	0.00362417
23420	0.00367557
23421	0.00372581
23422	0.00377485
23423	0.00382262
23424	0.00386909
23425	0.00391421
23426	0.00395794
23427	0.00400022
23428	0.00404103
23429	0.00408031
23430	0.00411803
23431	0.00415416
23432	0.00418866
23433	0.00422148
23434	0.00425261
23435	0.00428201
23436	0.00430965
23437	0.00433551
23438	0.00435955
23439	0.00438176
23440	0.00440211
23441	0.00442059
23442	0.00443717
23443	0.00445183
23444	0.00446457
23445	0.00447538
23446	0.00448423
23447	0.00449112
23448	0.00449605
23449	0.00449901
23450	0.0045
23451	0.00449901
23452	0.00449605
23453	0.00449112
23454	0.00448423
23455	0.00447538
23456	0.00446457
23457	0.00445183
23458	0.00443717
23459	0.00442059
23460	0.00440211
23461	0.00438176
23462	0.00435955
23463	0.00433551
23464	0.00430965
23465	0.00428201
23466	0.00425261
23467	0.00422148
23468	0.00418866
23469	0.00415416
23470	0.00411803
23471	0.00408031
23472	0.00404103
23473	0.00400022
23474	0.00395794
23475	0.00391421
23476	0.00386909
23477	0.00382262
23478	0.00377485
23479	0.00372581
23480	0.00367557
23481	0.00362417
23482	0.00357165
23483	0.00351808
23484	0.00346351
23485	0.00340798
23486	0.00335156
23487	0.0032943
23488	0.00323625
23489	0.00317748
23490	0.00311803
23491	0.00305798
23492	0.00299738
23493	0.00293629
23494	0.00287476
23495	0.00281287
23496	0.00275067
23497	0.00268822
23498	0.00262558
23499	0.00256282
23500	0.0025
23501	0.00243718
23502	0.00237442
23503	0.00231178
23504	0.00224933
23505	0.00218713
23506	0.00212524
23507	0.00206371
23508	0.00200262
23509	0.00194202
23510	0.00188197
23511	0.00182252
23512	0.00176375
23513	0.0017057
23514	0.00164844
23515	0.00159202
23516	0.00153649
23517	0.00148192
23518	0.00142835
23519	0.00137583
23520	0.00132443
23521	0.00127419
23522	0.00122515
23523	0.00117738
23524	0.00113091
23525	0.00108579
23526	0.00104206
23527	0.000999778
23528	0.000958974
23529	0.00091969
23530	0.000881966
23531	0.000845839
23532	0.000811344
23533	0.000778516
23534	0.000747387
23535	0.000717987
23536	0.000690346
23537	0.000664491
23538	0.000640447
23539	0.000618238
23540	0.000597887
23541	0.000579413
23542	0.000562834
23543	0.000548166
23544	0.000535425
23545	0.000524623
23546	0.000515771
23547	0.000508876
23548	0.000503947
23549	0.000500987
23550	0.0005
23551	0.000500987
23552	0.000503947
23553	0.000508876
23554	0.000515771
23555	0.000524623
23556	0.000535425
23557	0.000548166
23558	0.000562834
23559	0.000579413
23560	0.000597887
23561	0.000618238
23562	0.000640447
23563	0.000664491
23564	0.000690346
23565	0.000717987
23566	0.000747387
23567	0.000778516
23568	0.000811344
23569	0.000845839
23570	0.000881966
23571	0.00091969
23572	0.000958974
23573	0.000999778
23574	0.00104206
23575	0.00108579
23576	0.00113091
23577	0.00117738
23578	0.00122515
23579	0.00127419
23580	0.00132443
23581	0.00137583
23582	0.00142835
23583	0.00148192
23584	0.00153649
23585	0.00159202
23586	0.00164844
23587	0.0017057
23588	0.00176375
23589	0.00182252
23590	0.00188197
23591	0.00194202
23592	0.00200262
23593	0.00206371
23594	0.00212524
23595	0.00218713
23596	0.00224933
23597	0.00231178
23598	0.00237442
23599	0.00243718
23600	0.0025
23601	0.00256282
23602	0.00262558
23603	0.00268822
23604	0.00275067
23605	0.00281287
23606	0.00287476
23607	0.00293629
23608	0.00299738
23609	0.00305798
23610	0.00311803
23611	0.00317748
23612	0.00323625
23613	0.0032943
23614	0.00335156
23615	0.00340798
23616	0.00346351
23617	0.00351808
23618	0.00357165
23619	0.00362417
23620	0.00367557
23621	0.00372581
23622	0.00377485
23623	0.00382262
23624	0.00386909
23625	0.00391421
23626	0.00395794
23627	0.00400022
23628	0.00404103
23629	0.00408031
23630	0.00411803
23631	0.00415416
23632	0.00418866
23633	0.00422148
23634	0.00425261
23635	0.00428201
23636	0.00430965
23637	0.00433551
23638	0.00435955
23639	0.00438176
23640	0.00440211
23641	0.00442059
23642	0.00443717
23643	0.00445183
23644	0.00446457
23645	0.00447538
23646	0.00448423
23647	0.00449112
23648	0.00449605
23649	0.00449901
23650	0.0045
23651	0.00449901
23652	0.00449605
23653	0.00449112
23654	0.00448423
23655	0.00447538
23656	0.00446457
23657	0.00445183
23658	0.00443717
23659	0.00442059
23660	0.00440211
23661	0.00438176
23662	0.00435955
23663	0.00433551
23664	0.00430965
23665	0.00428201
23666	0.00425261
23667	0.00422148
23668	0.00418866
23669	0.00415416
23670	0.00411803
23671	0.00408031
23672	0.00404103
23673	0.00400022
23674	0.00395794
23675	0.00391421
23676	0.00386909
23677	0.00382262
23678	0.00377485
23679	0.00372581
23680	0.00367557
23681	0.00362417
23682	0.00357165
23683	0.00351808
23684	0.00346351
23685	0.00340798
23686	0.00335156
23687	0.0032943
23688	0.00323625
23689	0.00317748
23690	0.00311803
23691	0.00305798
23692	0.00299738
23693	0.00293629
23694	0.00287476
23695	0.00281287
23696	0.00275067
23697	0.00268822
23698	0.00262558
23699	0.00256282
23700	0.0025
23701	0.00243718
23702	0.00237442
23703	0.00231178
23704	0.00224933
23705	0.00218713
23706	0.00212524
23707	0.00206371
23708	0.00200262
23709	0.00194202
23710	0.00188197
23711	0.00182252
23712	0.00176375
23713	0.0017057
23714	0.00164844
23715	0.00159202
23716	0.00153649
23717	0.00148192
23718	0.00142835
23719	0.00137583
23720	0.00132443
23721	0.00127419
23722	0.00122515
23723	0.00117738
23724	0.00113091
23725	0.00108579
23726	0.00104206
23727	0.000999778
23728	0.000958974
23729	0.00091969
23730	0.000881966
23731	0.000845839
23732	0.000811344
23733	0.000778516
23734	0.000747387
23735	0.000717987
23736	0.000690346
23737	0.000664491
23738	0.000640447
23739	0.000618238
23740	0.000597887
23741	0.000579413
23742	0.000562834
23743	0.000548166
23744	0.000535425
23745	0.000524623
23746	0.000515771
23747	0.000508876
23748	0.000503947
23749	0.000500987
23750	0.0005
23751	0.000500987
23752	0.000503947
23753	0.000508876
23754	0.000515771
23755	0.000524623
23756	0.000535425
23757	0.000548166
23758	0.000562834
23759	0.000579413
23760	0.000597887
23761	0.000618238
23762	0.000640447
23763	0.000664491
23764	0.000690346
23765	0.000717987
23766	0.000747387
23767	0.000778516
23768	0.000811344
23769	0.000845839
23770	0.000881966
23771	0.00091969
23772	0.000958974
23773	0.000999778
23774	0.00104206
23775	0.00108579
23776	0.00113091
23777	0.00117738
23778	0.00122515
23779	0.00127419
23780	0.00132443
23781	0.00137583
23782	0.00142835
23783	0.00148192
23784	0.00153649
23785	0.00159202
23786	0.00164844
23787	0.0017057
23788	0.00176375
23789	0.00182252
23790	0.00188197
23791	0.00194202
23792	0.00200262
23793	0.00206371
23794	0.00212524
23795	0.00218713
23796	0.00224933
23797	0.00231178
23798	0.00237442
23799	0.00243718
23800	0.0025
23801	0.00256282
23802	0.00262558
23803	0.00268822
23804	0.00275067
23805	0.00281287
23806	0.00287476
23807	0.00293629
23808	0.00299738
23809	0.00305798
23810	0.00311803
23811	0.00317748
23812	0.00323625
23813	0.0032943
23814	0.00335156
23815	0.00340798
23816	0.00346351
23817	0.00351808
23818	0.00357165
23819	0.00362417
23820	0.00367557
23821	0.00372581
23822	0.00377485
23823	0.00382262
23824	0.00386909
23825	0.00391421
23826	0.00395794
23827	0.00400022
23828	0.00404103
23829	0.00408031
23830	0.00411803
23831	0.00415416
23832	0.00418866
23833	0.00422148
23834	0.00425261
23835	0.00428201
23836	0.00430965
23837	0.00433551
23838	0.00435955
23839	0.00438176
23840	0.00440211
23841	0.00442059
23842	0.00443717
23843	0.00445183
23844	0.00446457
23845	0.00447538
23846	0.00448423
23847	0.00449112
23848	0.00449605
23849	0.00449901
23850	0.0045
23851	0.00449901
23852	0.00449605
23853	0.00449112
23854	0.00448423
23855	0.00447538
23856	0.00446457
23857	0.00445183
23858	0.00443717
23859	0.00442059
23860	0.00440211
23861	0.00438176
23862	0.00435955
23863	0.00433551
23864	0.00430965
23865	0.00428201
23866	0.00425261
23867	0.00422148
23868	0.00418866
23869	0.00415416
23870	0.00411803
23871	0.00408031
23872	0.00404103
23873	0.00400022
23874	0.00395794
23875	0.00391421
23876	0.00386909
23877	0.00382262
23878	0.00377485
23879	0.00372581
23880	0.00367557
23881	0.00362417
23882	0.00357165
23883	0.00351808
23884	0.00346351
23885	0.00340798
23886	0.00335156
23887	0.0032943
23888	0.00323625
23889	0.00317748
23890	0.00311803
23891	0.00305798
23892	0.00299738
23893	0.00293629
23894	0.00287476
23895	0.00281287
23896	0.00275067
23897	0.00268822
23898	0.00262558
23899	0.00256282
23900	0.0025
23901	0.00243718
23902	0.00237442
23903	0.00231178
23904	0.00224933
23905	0.00218713
23906	0.00212524
23907	0.00206371
23908	0.00200262
23909	0.00194202
23910	0.00188197
23911	0.00182252
23912	0.00176375
23913	0.0017057
23914	0.00164844
23915	0.00159202
23916	0.00153649
23917	0.00148192
23918	0.00142835
23919	0.00137583
23920	0.00132443
23921	0.00127419
23922	0.00122515
23923	0.00117738
23924	0.00113091
23925	0.00108579
23926	0.00104206
23927	0.000999778
23928	0.000958974
23929	0.00091969
23930	0.000881966
23931	0.000845839
23932	0.000811344
23933	0.000778516
23934	0.000747387
23935	0.000717987
23936	0.000690346
23937	0.000664491
23938	0.000640447
23939	0.000618238
23940	0.000597887
23941	0.000579413
23942	0.000562834
23943	0.000548166
23944	0.000535425
23945	0.000524623
23946	0.000515771
23947	0.000508876
23948	0.000503947
23949	0.000500987
23950	0.0005
23951	0.000500987
23952	0.000503947
23953	0.000508876
23954	0.000515771
23955	0.000524623
23956	0.000535425
23957	0.000548166
23958	0.000562834
23959	0.000579413
23960	0.000597887
23961	0.000618238
23962	0.000640447
23963	0.000664491
23964	0.000690346
23965	0.000717987
23966	0.000747387
23967	0.000778516
23968	0.000811344
23969	0.000845839
23970	0.000881966
23971	0.00091969
23972	0.000958974
23973	0.000999778
23974	0.00104206
23975	0.00108579
23976	0.00113091
23977	0.00117738
23978	0.00122515
23979	0.00127419
23980	0.00132443
23981	0.00137583
23982	0.00142835
23983	0.00148192
23984	0.00153649
23985	0.00159202
23986	0.00164844
23987	0.0017057
23988	0.00176375
23989	0.00182252
23990	0.00188197
23991	0.00194202
23992	0.00200262
23993	0.00206371
23994	0.00212524
23995	0.00218713
23996	0.00224933
23997	0.00231178
23998	0.00237442
23999	0.00243718
24000	0.0025
24001	0.00256282
24002	0.00262558
24003	0.00268822
24004	0.00275067
24005	0.00281287
24006	0.00287476
24007	0.00293629
24008	0.00299738
24009	0.00305798
24010	0.00311803
24011	0.00317748
24012	0.00323625
24013	0.0032943
24014	0.00335156
24015	0.00340798
24016	0.00346351
24017	0.00351808
24018	0.00357165
24019	0.00362417
24020	0.00367557
24021	0.00372581
24022	0.00377485
24023	0.00382262
24024	0.00386909
24025	0.00391421
24026	0.00395794
24027	0.00400022
24028	0.00404103
24029	0.00408031
24030	0.00411803
24031	0.00415416
24032	0.00418866
24033	0.00422148
24034	0.00425261
24035	0.00428201
24036	0.00430965
24037	0.00433551
24038	0.00435955
24039	0.00438176
24040	0.00440211
24041	0.00442059
24042	0.00443717
24043	0.00445183
24044	0.00446457
24045	0.00447538
24046	0.00448423
24047	0.00449112
24048	0.00449605
24049	0.00449901
24050	0.0045
24051	0.00449901
24052	0.00449605
24053	0.00449112
24054	0.00448423
24055	0.00447538
24056	0.00446457
24057	0.00445183
24058	0.00443717
24059	0.00442059
24060	0.00440211
24061	0.00438176
24062	0.00435955
24063	0.00433551
24064	0.00430965
24065	0.00428201
24066	0.00425261
24067	0.00422148
24068	0.00418866
24069	0.00415416
24070	0.00411803
24071	0.00408031
24072	0.00404103
24073	0.00400022
24074	0.00395794
24075	0.00391421
24076	0.00386909
24077	0.00382262
24078	0.00377485
24079	0.00372581
24080	0.00367557
24081	0.00362417
24082	0.00357165
24083	0.00351808
24084	0.00346351
24085	0.00340798
24086	0.00335156
24087	0.0032943
24088	0.00323625
24089	0.00317748
24090	0.00311803
24091	0.00305798
24092	0.00299738
24093	0.00293629
24094	0.00287476
24095	0.00281287
24096	0.00275067
24097	0.00268822
24098	0.00262558
24099	0.00256282
24100	0.0025
24101	0.00243718
24102	0.00237442
24103	0.00231178
24104	0.00224933
24105	0.00218713
24106	0.00212524
24107	0.00206371
24108	0.00200262
24109	0.00194202
24110	0.00188197
24111	0.00182252
24112	0.00176375
24113	0.0017057
24114	0.00164844
24115	0.00159202
24116	0.00153649
24117	0.00148192
24118	0.00142835
24119	0.00137583
24120	0.00132443
24121	0.00127419
24122	0.00122515
24123	0.00117738
24124	0.00113091
24125	0.00108579
24126	0.00104206
24127	0.000999778
24128	0.000958974
24129	0.00091969
24130	0.000881966
24131	0.000845839
24132	0.000811344
24133	0.000778516
24134	0.000747387
24135	0.000717987
24136	0.000690346
24137	0.000664491
24138	0.000640447
24139	0.000618238
24140	0.000597887
24141	0.000579413
24142	0.000562834
24143	0.000548166
24144	0.000535425
24145	0.000524623
24146	0.000515771
24147	0.000508876
24148	0.000503947
24149	0.000500987
24150	0.0005
24151	0.000500987
24152	0.000503947
24153	0.000508876
24154	0.000515771
24155	0.000524623
24156	0.000535425
24157	0.000548166
24158	0.000562834
24159	0.000579413
24160	0.000597887
24161	0.000618238
24162	0.000640447
24163	0.000664491
24164	0.000690346
24165	0.000717987
24166	0.000747387
24167	0.000778516
24168	0.000811344
24169	0.000845839
24170	0.000881966
24171	0.00091969
24172	0.000958974
24173	0.000999778
24174	0.00104206
24175	0.00108579
24176	0.00113091
24177	0.00117738
24178	0.00122515
24179	0.00127419
24180	0.00132443
24181	0.00137583
24182	0.00142835
24183	0.00148192
24184	0.00153649
24185	0.00159202
24186	0.00164844
24187	0.0017057
24188	0.00176375
24189	0.00182252
24190	0.00188197
24191	0.00194202
24192	0.00200262
24193	0.00206371
24194	0.00212524
24195	0.00218713
24196	0.00224933
24197	0.00231178
24198	0.00237442
24199	0.00243718
24200	0.0025
24201	0.00256282
24202	0.00262558
24203	0.00268822
24204	0.00275067
24205	0.00281287
24206	0.00287476
24207	0.00293629
24208	0.00299738
24209	0.00305798
24210	0.00311803
24211	0.00317748
24212	0.00323625
24213	0.0032943
24214	0.00335156
24215	0.00340798
24216	0.00346351
24217	0.00351808
24218	0.00357165
24219	0.00362417
24220	0.00367557
24221	0.00372581
24222	0.00377485
24223	0.00382262
24224	0.00386909
24225	0.00391421
24226	0.00395794
24227	0.00400022
24228	0.00404103
24229	0.00408031
24230	0.00411803
24231	0.00415416
24232	0.00418866
24233	0.00422148
24234	0.00425261
24235	0.00428201
24236	0.00430965
24237	0.00433551
24238	0.00435955
24239	0.00438176
24240	0.00440211
24241	0.00442059
24242	0.00443717
24243	0.00445183
24244	0.00446457
24245	0.00447538
24246	0.00448423
24247	0.00449112
24248	0.00449605
24249	0.00449901
24250	0.0045
24251	0.00449901
24252	0.00449605
24253	0.00449112
24254	0.00448423
24255	0.00447538
24256	0.00446457
24257	0.00445183
24258	0.00443717
24259	0.00442059
24260	0.00440211
24261	0.00438176
24262	0.00435955
24263	0.00433551
24264	0.00430965
24265	0.00428201
24266	0.00425261
24267	0.00422148
24268	0.00418866
24269	0.00415416
24270	0.00411803
24271	0.00408031
24272	0.00404103
24273	0.00400022
24274	0.00395794
24275	0.00391421
24276	0.00386909
24277	0.00382262
24278	0.00377485
24279	0.00372581
24280	0.00367557
24281	0.00362417
24282	0.00357165
24283	0.00351808
24284	0.00346351
24285	0.00340798
24286	0.00335156
24287	0.0032943
24288	0.00323625
24289	0.00317748
24290	0.00311803
24291	0.00305798
24292	0.00299738
24293	0.00293629
24294	0.00287476
24295	0.00281287
24296	0.00275067
24297	0.00268822
24298	0.00262558
24299	0.00256282
24300	0.0025
24301	0.00243718
24302	0.00237442
24303	0.00231178
24304	0.00224933
24305	0.00218713
24306	0.00212524
24307	0.00206371
24308	0.00200262
24309	0.00194202
24310	0.00188197
24311	0.00182252
24312	0.00176375
24313	0.0017057
24314	0.00164844
24315	0.00159202
24316	0.00153649
24317	0.00148192
24318	0.00142835
24319	0.00137583
24320	0.00132443
24321	0.00127419
24322	0.00122515
24323	0.00117738
24324	0.00113091
24325	0.00108579
24326	0.00104206
24327	0.000999778
24328	0.000958974
24329	0.00091969
24330	0.000881966
24331	0.000845839
24332	0.000811344
24333	0.000778516
24334	0.000747387
24335	0.000717987
24336	0.000690346
24337	0.000664491
24338	0.000640447
24339	0.000618238
24340	0.000597887
24341	0.000579413
24342	0.000562834
24343	0.000548166
24344	0.000535425
24345	0.000524623
24346	0.000515771
24347	0.000508876
24348	0.000503947
24349	0.000500987
24350	0.0005
24351	0.000500987
24352	0.000503947
24353	0.000508876
24354	0.000515771
24355	0.000524623
24356	0.000535425
24357	0.000548166
24358	0.000562834
24359	0.000579413
24360	0.000597887
24361	0.000618238
24362	0.000640447
24363	0.000664491
24364	0.000690346
24365	0.000717987
24366	0.000747387
24367	0.000778516
24368	0.000811344
24369	0.000845839
24370	0.000881966
24371	0.00091969
24372	0.000958974
24373	0.000999778
24374	0.00104206
24375	0.00108579
24376	0.00113091
24377	0.00117738
24378	0.00122515
24379	0.00127419
24380	0.00132443
24381	0.00137583
24382	0.00142835
24383	0.00148192
24384	0.00153649
24385	0.00159202
24386	0.00164844
24387	0.0017057
24388	0.00176375
24389	0.00182252
24390	0.00188197
24391	0.00194202
24392	0.00200262
24393	0.00206371
24394	0.00212524
24395	0.00218713
24396	0.00224933
24397	0.00231178
24398	0.00237442
24399	0.00243718
24400	0.0025
24401	0.00256282
24402	0.00262558
24403	0.00268822
24404	0.00275067
24405	0.00281287
24406	0.00287476
24407	0.00293629
24408	0.00299738
24409	0.00305798
24410	0.00311803
24411	0.00317748
24412	0.00323625
24413	0.0032943
24414	0.00335156
24415	0.00340798
24416	0.00346351
24417	0.00351808
24418	0.00357165
24419	0.00362417
24420	0.00367557
24421	0.00372581
24422	0.00377485
24423	0.00382262
24424	0.00386909
24425	0.00391421
24426	0.00395794
24427	0.00400022
24428	0.00404103
24429	0.00408031
24430	0.00411803
24431	0.00415416
24432	0.00418866
24433	0.00422148
24434	0.00425261
24435	0.00428201
24436	0.00430965
24437	0.00433551
24438	0.00435955
24439	0.00438176
24440	0.00440211
24441	0.00442059
24442	0.00443717
24443	0.00445183
24444	0.00446457
24445	0.00447538
24446	0.00448423
24447	0.00449112
24448	0.00449605
24449	0.00449901
24450	0.0045
24451	0.00449901
24452	0.00449605
24453	0.00449112
24454	0.00448423
24455	0.00447538
24456	0.00446457
24457	0.00445183
24458	0.00443717
24459	0.00442059
24460	0.00440211
24461	0.00438176
24462	0.00435955
24463	0.00433551
24464	0.00430965
24465	0.00428201
24466	0.00425261
24467	0.00422148
24468	0.00418866
24469	0.00415416
24470	0.00411803
24471	0.00408031
24472	0.00404103
24473	0.00400022
24474	0.00395794
24475	0.00391421
24476	0.00386909
24477	0.00382262
24478	0.00377485
24479	0.00372581
24480	0.00367557
24481	0.00362417
24482	0.00357165
24483	0.00351808
24484	0.00346351
24485	0.00340798
24486	0.00335156
24487	0.0032943
24488	0.00323625
24489	0.00317748
24490	0.00311803
24491	0.00305798
24492	0.00299738
24493	0.00293629
24494	0.00287476
24495	0.00281287
24496	0.00275067
24497	0.00268822
24498	0.00262558
24499	0.00256282
24500	0.0025
24501	0.00243718
24502	0.00237442
24503	0.00231178
24504	0.00224933
24505	0.00218713
24506	0.00212524
24507	0.00206371
24508	0.00200262
24509	0.00194202
24510	0.00188197
24511	0.00182252
24512	0.00176375
24513	0.0017057
24514	0.00164844
24515	0.00159202
24516	0.00153649
24517	0.00148192
24518	0.00142835
24519	0.00137583
24520	0.00132443
24521	0.00127419
24522	0.00122515
24523	0.00117738
24524	0.00113091
24525	0.00108579
24526	0.00104206
24527	0.000999778
24528	0.000958974
24529	0.00091969
24530	0.000881966
24531	0.000845839
24532	0.000811344
24533	0.000778516
24534	0.000747387
24535	0.000717987
24536	0.000690346
24537	0.000664491
24538	0.000640447
24539	0.000618238
24540	0.000597887
24541	0.000579413
24542	0.000562834
24543	0.000548166
24544	0.000535425
24545	0.000524623
24546	0.000515771
24547	0.000508876
24548	0.000503947
24549	0.000500987
24550	0.0005
24551	0.000500987
24552	0.000503947
24553	0.000508876
24554	0.000515771
24555	0.000524623
24556	0.000535425
24557	0.000548166
24558	0.000562834
24559	0.000579413
24560	0.000597887
24561	0.000618238
24562	0.000640447
24563	0.000664491
24564	0.000690346
24565	0.000717987
24566	0.000747387
24567	0.000778516
24568	0.000811344
24569	0.000845839
24570	0.000881966
24571	0.00091969
24572	0.000958974
24573	0.000999778
24574	0.00104206
24575	0.00108579
24576	0.00113091
24577	0.00117738
24578	0.00122515
24579	0.00127419
24580	0.00132443
24581	0.00137583
24582	0.00142835
24583	0.00148192
24584	0.00153649
24585	0.00159202
24586	0.00164844
24587	0.0017057
24588	0.00176375
24589	0.00182252
24590	0.00188197
24591	0.00194202
24592	0.00200262
24593	0.00206371
24594	0.00212524
24595	0.00218713
24596	0.00224933
24597	0.00231178
24598	0.00237442
24599	0.00243718
24600	0.0025
24601	0.00256282
24602	0.00262558
24603	0.00268822
24604	0.00275067
24605	0.00281287
24606	0.00287476
24607	0.00293629
24608	0.00299738
24609	0.00305798
24610	0.00311803
24611	0.00317748
24612	0.00323625
24613	0.0032943
24614	0.00335156
24615	0.00340798
24616	0.00346351
24617	0.00351808
24618	0.00357165
24619	0.00362417
24620	0.00367557
24621	0.00372581
24622	0.00377485
24623	0.00382262
24624	0.00386909
24625	0.00391421
24626	0.00395794
24627	0.00400022
24628	0.00404103
24629	0.00408031
24630	0.00411803
24631	0.00415416
24632	0.00418866
24633	0.00422148
24634	0.00425261
24635	0.00428201
24636	0.00430965
24637	0.00433551
24638	0.00435955
24639	0.00438176
24640	0.00440211
24641	0.00442059
24642	0.00443717
24643	0.00445183
24644	0.00446457
24645	0.00447538
24646	0.00448423
24647	0.00449112
24648	0.00449605
24649	0.00449901
24650	0.0045
24651	0.00449901
24652	0.00449605
24653	0.00449112
24654	0.00448423
24655	0.00447538
24656	0.00446457
24657	0.00445183
24658	0.00443717
24659	0.00442059
24660	0.00440211
24661	0.00438176
24662	0.00435955
24663	0.00433551
24664	0.00430965
24665	0.00428201
24666	0.00425261
24667	0.00422148
24668	0.00418866
24669	0.00415416
24670	0.00411803
24671	0.00408031
24672	0.00404103
24673	0.00400022
24674	0.00395794
24675	0.00391421
24676	0.00386909
24677	0.00382262
24678	0.00377485
24679	0.00372581
24680	0.00367557
24681	0.00362417
24682	0.00357165
24683	0.00351808
24684	0.00346351
24685	0.00340798
24686	0.00335156
24687	0.0032943
24688	0.00323625
24689	0.00317748
24690	0.00311803
24691	0.00305798
24692	0.00299738
24693	0.00293629
24694	0.00287476
24695	0.00281287
24696	0.00275067
24697	0.00268822
24698	0.00262558
24699	0.00256282
24700	0.0025
24701	0.00243718
24702	0.00237442
24703	0.00231178
24704	0.00224933
24705	0.00218713
24706	0.00212524
24707	0.00206371
24708	0.00200262
24709	0.00194202
24710	0.00188197
24711	0.00182252
24712	0.00176375
24713	0.0017057
24714	0.00164844
24715	0.00159202
24716	0.00153649
24717	0.00148192
24718	0.00142835
24719	0.00137583
24720	0.00132443
24721	0.00127419
24722	0.00122515
24723	0.00117738
24724	0.00113091
24725	0.00108579
24726	0.00104206
24727	0.000999778
24728	0.000958974
24729	0.00091969
24730	0.000881966
24731	0.000845839
24732	0.000811344
24733	0.000778516
24734	0.000747387
24735	0.000717987
24736	0.000690346
24737	0.000664491
24738	0.000640447
24739	0.000618238
24740	0.000597887
24741	0.000579413
24742	0.000562834
24743	0.000548166
24744	0.000535425
24745	0.000524623
24746	0.000515771
24747	0.000508876
24748	0.000503947
24749	0.000500987
24750	0.0005
24751	0.000500987
24752	0.000503947
24753	0.000508876
24754	0.000515771
24755	0.000524623
24756	0.000535425
24757	0.000548166
24758	0.000562834
24759	0.000579413
24760	0.000597887
24761	0.000618238
24762	0.000640447
24763	0.000664491
24764	0.000690346
24765	0.000717987
24766	0.000747387
24767	0.000778516
24768	0.000811344
24769	0.000845839
24770	0.000881966
24771	0.00091969
24772	0.000958974
24773	0.000999778
24774	0.00104206
24775	0.00108579
24776	0.00113091
24777	0.00117738
24778	0.00122515
24779	0.00127419
24780	0.00132443
24781	0.00137583
24782	0.00142835
24783	0.00148192
24784	0.00153649
24785	0.00159202
24786	0.00164844
24787	0.0017057
24788	0.00176375
24789	0.00182252
24790	0.00188197
24791	0.00194202
24792	0.00200262
24793	0.00206371
24794	0.00212524
24795	0.00218713
24796	0.00224933
24797	0.00231178
24798	0.00237442
24799	0.00243718
24800	0.0025
24801	0.00256282
24802	0.00262558
24803	0.00268822
24804	0.00275067
24805	0.00281287
24806	0.00287476
24807	0.00293629
24808	0.00299738
24809	0.00305798
24810	0.00311803
24811	0.00317748
24812	0.00323625
24813	0.0032943
24814	0.00335156
24815	0.00340798
24816	0.00346351
24817	0.00351808
24818	0.00357165
24819	0.00362417
24820	0.00367557
24821	0.00372581
24822	0.00377485
24823	0.00382262
24824	0.00386909
24825	0.00391421
24826	0.00395794
24827	0.00400022
24828	0.00404103
24829	0.00408031
24830	0.00411803
24831	0.00415416
24832	0.00418866
24833	0.00422148
24834	0.00425261
24835	0.00428201
24836	0.00430965
24837	0.00433551
24838	0.00435955
24839	0.00438176
24840	0.00440211
24841	0.00442059
24842	0.00443717
24843	0.00445183
24844	0.00446457
24845	0.00447538
24846	0.00448423
24847	0.00449112
24848	0.00449605
24849	0.00449901
24850	0.0045
24851	0.00449901
24852	0.00449605
24853	0.00449112
24854	0.00448423
24855	0.00447538
24856	0.00446457
24857	0.00445183
24858	0.00443717
24859	0.00442059
24860	0.00440211
24861	0.00438176
24862	0.00435955
24863	0.00433551
24864	0.00430965
24865	0.00428201
24866	0.00425261
24867	0.00422148
24868	0.00418866
24869	0.00415416
24870	0.00411803
24871	0.00408031
24872	0.00404103
24873	0.00400022
24874	0.00395794
24875	0.00391421
24876	0.00386909
24877	0.00382262
24878	0.00377485
24879	0.00372581
24880	0.00367557
24881	0.00362417
24882	0.00357165
24883	0.00351808
24884	0.00346351
24885	0.00340798
24886	0.00335156
24887	0.0032943
24888	0.00323625
24889	0.00317748
24890	0.00311803
24891	0.00305798
24892	0.00299738
24893	0.00293629
24894	0.00287476
24895	0.00281287
24896	0.00275067
24897	0.00268822
24898	0.00262558
24899	0.00256282
24900	0.0025
24901	0.00243718
24902	0.00237442
24903	0.00231178
24904	0.00224933
24905	0.00218713
24906	0.00212524
24907	0.00206371
24908	0.00200262
24909	0.00194202
24910	0.00188197
24911	0.00182252
24912	0.00176375
24913	0.0017057
24914	0.00164844
24915	0.00159202
24916	0.00153649
24917	0.00148192
24918	0.00142835
24919	0.00137583
24920	0.00132443
24921	0.00127419
24922	0.00122515
24923	0.00117738
24924	0.00113091
24925	0.00108579
24926	0.00104206
24927	0.000999778
24928	0.000958974
24929	0.00091969
24930	0.000881966
24931	0.000845839
24932	0.000811344
24933	0.000778516
24934	0.000747387
24935	0.000717987
24936	0.000690346
24937	0.000664491
24938	0.000640447
24939	0.000618238
24940	0.000597887
24941	0.000579413
24942	0.000562834
24943	0.000548166
24944	0.000535425
24945	0.000524623
24946	0.000515771
24947	0.000508876
24948	0.000503947
24949	0.000500987
24950	0.0005
24951	0.000500987
24952	0.000503947
24953	0.000508876
24954	0.000515771
24955	0.000524623
24956	0.000535425
24957	0.000548166
24958	0.000562834
24959	0.000579413
24960	0.000597887
24961	0.000618238
24962	0.000640447
24963	0.000664491
24964	0.000690346
24965	0.000717987
24966	0.000747387
24967	0.000778516
24968	0.000811344
24969	0.000845839
24970	0.000881966
24971	0.00091969
24972	0.000958974
24973	0.000999778
24974	0.00104206
24975	0.00108579
24976	0.00113091
24977	0.00117738
24978	0.00122515
24979	0.00127419
24980	0.00132443
24981	0.00137583
24982	0.00142835
24983	0.00148192
24984	0.00153649
24985	0.00159202
24986	0.00164844
24987	0.0017057
24988	0.00176375
24989	0.00182252
24990	0.00188197
24991	0.00194202
24992	0.00200262
24993	0.00206371
24994	0.00212524
24995	0.00218713
24996	0.00224933
24997	0.00231178
24998	0.00237442
24999	0.00243718
25000	0.0025
